date,product_id,warehouse_id,historical_demand,demand_variability,current_inventory,reorder_point,lead_time_days,holding_cost,ordering_cost,shortage_cost,target_operational_cost,month,day_of_week,is_weekend,predicted_operational_cost,inventory_status
2022-01-01,1051,2,117,0.3207117134902781,240,125,8,3.328840470060018,89.1256402516375,23.859309913700915,888.0473530660419,1,5,1,896.2613425751103,🟡 High Cost Overstock
2022-01-02,1092,3,123,0.2096216829718191,78,107,6,4.628331167417368,80.44565624796194,12.973181841352178,1025.2486701673647,1,6,1,1029.222018936089,🔴 Reorder Required
2022-01-03,1014,1,107,0.1260771208738764,97,86,5,1.9241353923703624,39.3983705116494,9.595929103572,321.9987946072946,1,0,0,342.1061009613915,🟢 Healthy
2022-01-04,1071,1,122,0.1199689942653516,299,183,9,1.4771487102796346,61.85976601919839,11.532677205619864,503.52723039280914,1,1,0,494.3413933645084,🟢 Healthy
2022-01-05,1060,4,110,0.1462226795345355,275,150,12,0.9795329768347328,34.73508204186971,22.055504083304584,304.1066506714212,1,2,0,307.3014227659293,🟢 Healthy
2022-01-06,1020,1,130,0.128546805555752,321,173,2,1.0870806263887676,42.50227600584886,14.958771270242668,391.4551570766432,1,3,0,404.22958458057474,🟢 Healthy
2022-01-07,1082,4,112,0.4042232462079692,202,161,7,0.7800021292047923,61.28042337390329,12.08504607004478,218.84085347327127,1,4,0,220.69041204792114,🟢 Healthy
2022-01-08,1086,4,122,0.2942264809133716,377,167,6,0.8943907047338306,78.80110467686382,15.885200436189656,415.986400361518,1,5,1,398.46136802851703,🟢 Healthy
2022-01-09,1074,4,128,0.2371568365395918,334,85,7,2.4440206496411925,27.57235043149113,7.664594145536848,843.8752474116494,1,6,1,817.230735269663,🟡 High Cost Overstock
2022-01-10,1074,1,120,0.2673475640528029,229,137,12,1.943892702607864,43.735735810246894,5.107186092511922,488.8871647074477,1,0,0,479.5220171689362,🟢 Healthy
2022-01-11,1087,4,112,0.4715786942290493,351,194,4,3.679523664453491,94.12970788575376,10.611693673869816,1385.6425141089292,1,1,0,1388.77778038451,🟡 High Cost Overstock
2022-01-12,1099,1,123,0.4643007250952589,202,147,9,4.416087462111508,54.32986542255105,17.100114395670847,946.3795327690756,1,2,0,956.5309905504463,🟢 Healthy
2022-01-13,1023,4,113,0.3862705920490308,283,134,7,4.03147941414073,95.10957391274516,19.233615393227744,1236.0182481145716,1,3,0,1228.3714331742076,🟡 High Cost Overstock
2022-01-14,1002,5,120,0.4538729509686751,72,146,2,2.8878676549954347,99.31204332417084,21.53221932703933,1340.7850421817302,1,4,0,1372.4066210470123,🔴 Reorder Required
2022-01-15,1021,4,128,0.2278592110350499,467,128,13,0.9609895230469404,62.13278608891328,23.533271187889397,510.9148933518345,1,5,1,494.2804620800539,🟢 Healthy
2022-01-16,1052,2,123,0.2524437304033131,143,197,4,3.693952777736991,43.04352078278804,13.24224693929536,571.2787679991777,1,6,1,556.683936461507,🔴 Reorder Required
2022-01-17,1001,4,108,0.3454848727416912,419,130,5,2.132729261270931,83.26214468580632,19.81033599114909,976.8757051583264,1,0,0,986.2217036659226,🟡 High Cost Overstock
2022-01-18,1087,3,102,0.3494503789189057,294,138,2,0.8854267726193459,32.74485884200119,6.493458603961251,293.0603299920889,1,1,0,302.2474048447602,🟢 Healthy
2022-01-19,1029,4,122,0.2926799352049364,339,190,10,4.291098832456815,40.16374877376564,6.150599975441602,1494.846252976626,1,2,0,1474.5575489615087,🟡 High Cost Overstock
2022-01-20,1037,2,121,0.2602631393751813,209,85,8,2.021974327321275,82.79039275994258,7.495959839723132,505.38302717008906,1,3,0,493.64580434313876,🟢 Healthy
2022-01-21,1001,2,109,0.4944721246434781,422,169,1,1.482119746302071,54.69167397856239,13.971381956615248,680.1462069180363,1,4,0,669.6404778928078,🟡 High Cost Overstock
2022-01-22,1063,1,134,0.4284494504470898,334,187,3,4.421534290784795,36.12303495901334,9.225628769974998,1512.9154880811348,1,5,1,1494.7854060794825,🟡 High Cost Overstock
2022-01-23,1059,5,136,0.273992079155218,58,130,14,4.559602408011522,72.09005959618595,10.738498838756316,1174.149908683847,1,6,1,1079.7120297349143,🔴 Reorder Required
2022-01-24,1020,4,131,0.3909169908958274,499,117,1,2.0253687673620195,78.62094891053462,17.957603470246053,1089.2799638241825,1,0,0,1075.2340171555475,🟡 High Cost Overstock
2022-01-25,1032,1,122,0.2078246773009838,234,90,5,2.0966063867661804,30.005699156045527,12.17044357605692,520.6115936593318,1,1,0,512.5304714096612,🟢 Healthy
2022-01-26,1075,5,112,0.1400677304949319,344,131,8,3.1083283741241483,42.15842079799473,16.147431154360444,1111.4233814967015,1,2,0,1125.065227795471,🟡 High Cost Overstock
2022-01-27,1057,4,111,0.2409724102210962,184,172,7,3.8004867221479617,37.70214042977866,13.248075134731844,736.9916973050036,1,3,0,706.0446881876508,🟢 Healthy
2022-01-28,1021,3,122,0.2611891200493577,159,99,9,0.7841714085808855,50.38837030099617,8.379385110396392,175.07162426535697,1,4,0,177.557197995464,🟢 Healthy
2022-01-29,1088,4,118,0.1066148498242683,118,89,2,3.170046457348122,81.07559164608516,6.480399805117882,455.14107361316366,1,5,1,454.8021746507194,🟢 Healthy
2022-01-30,1048,2,101,0.4259168006543584,185,105,12,4.787690278026117,77.09664818194594,9.724629906197755,962.8193496167776,1,6,1,920.0803725618025,🟢 Healthy
2022-01-31,1090,2,108,0.2436773609556726,145,127,8,1.6794225373097915,73.00191283069631,6.154009389820887,316.5181807406161,1,0,0,310.7711780344407,🟢 Healthy
2022-02-01,1058,3,110,0.3321672663120588,168,170,8,4.589722463436202,20.502843669487294,17.372239197796137,791.5762175267694,2,1,0,782.7569462248794,🔴 Reorder Required
2022-02-02,1041,1,117,0.1295852749083824,423,193,14,4.7757575334339215,31.37146507043116,20.914352029322007,2051.51690171298,2,2,0,2061.997665190009,🟡 High Cost Overstock
2022-02-03,1091,5,125,0.1699987315002336,323,93,6,1.7111913843699038,37.86380392816534,11.794815364748017,590.5786210796442,2,3,0,579.3047453983048,🟡 High Cost Overstock
2022-02-04,1059,4,141,0.4558774901310239,407,179,3,3.893908396484077,41.75646768310797,12.742221107047165,1626.577185052127,2,4,0,1616.01870342097,🟡 High Cost Overstock
2022-02-05,1079,2,107,0.3434750111531203,415,138,2,1.57448753743802,31.714123331912,21.32382125518613,685.1264513686904,2,5,1,691.2989896748031,🟡 High Cost Overstock
2022-02-06,1014,1,119,0.4801136200681942,387,91,14,3.819250227794597,52.82524411791117,9.452258247471208,1530.8750822744205,2,6,1,1559.3161411704468,🟡 High Cost Overstock
2022-02-07,1061,3,125,0.4995000137565267,226,195,8,4.088389870799716,26.014446801122077,7.383205303897484,949.990557601858,2,0,0,964.2123920136886,🟢 Healthy
2022-02-08,1061,2,127,0.2487440461332377,410,102,6,1.6124256666979224,80.00177523102246,15.02236234662173,741.0962985771707,2,1,0,739.3655581045047,🟡 High Cost Overstock
2022-02-09,1046,3,135,0.2195212256333098,286,164,4,3.721412946124557,83.0176629836884,17.923803390664744,1147.3417655753117,2,2,0,1158.1090946748493,🟡 High Cost Overstock
2022-02-10,1061,4,111,0.4433424220636387,321,151,5,4.154470424888404,65.94133516807184,16.993088500929584,1399.5263415572497,2,3,0,1391.933812495898,🟡 High Cost Overstock
2022-02-11,1050,5,112,0.4994445708149817,326,118,5,2.113604924481103,27.176390163357425,19.27746090548361,716.2115955441969,2,4,0,701.3020250000095,🟡 High Cost Overstock
2022-02-12,1054,2,106,0.351856493692983,187,88,13,1.2546624919537712,91.20665356374064,6.135023643460478,325.8285395590959,2,5,1,326.8652417781034,🟢 Healthy
2022-02-13,1063,2,120,0.418056289004609,411,167,9,0.9138405529288112,97.25086629664916,13.564032255167458,472.8393335503905,2,6,1,476.8506529918005,🟢 Healthy
2022-02-14,1002,4,111,0.4126983435261098,181,174,13,3.0892176662447386,36.18908482574315,9.771410478913864,595.3374824160409,2,0,0,577.315916799497,🟢 Healthy
2022-02-15,1050,1,129,0.2421358832878188,93,104,13,4.90144153692071,76.37118555525758,20.182425190920483,1258.772555362021,2,1,0,1111.3185005937587,🔴 Reorder Required
2022-02-16,1006,5,117,0.3297081521028349,172,96,9,4.203276440099973,87.35509045139887,22.454609681206996,810.3186381485942,2,2,0,799.0696394785309,🟢 Healthy
2022-02-17,1020,2,141,0.4332227765056854,185,121,8,2.461278375205488,63.18748180341618,10.626714816128295,518.5239812164314,2,3,0,505.8792736473461,🟢 Healthy
2022-02-18,1072,5,130,0.3752455505044222,416,108,8,2.9147940628473137,45.86584796213991,6.904361581388166,1258.4201781066224,2,4,0,1227.7385595324433,🟡 High Cost Overstock
2022-02-19,1038,2,117,0.1084655255928153,422,139,12,1.7578754843531852,58.28469720642821,10.068559239827938,800.1081516034724,2,5,1,808.2211683888822,🟡 High Cost Overstock
2022-02-20,1017,5,126,0.2346822675590134,175,146,2,1.233796403120286,60.98150006275616,7.080169781178394,276.8958706088062,2,6,1,278.50190445766947,🟢 Healthy
2022-02-21,1003,3,122,0.1577902786378421,488,164,14,2.66936521204523,52.05096353504224,11.448443322269076,1354.7011870131143,2,0,0,1362.0414342473414,🟡 High Cost Overstock
2022-02-22,1088,2,120,0.1931888848312156,324,136,3,2.5857570477523333,94.3873994906965,15.763971566436512,932.1726829624524,2,1,0,897.3473738898392,🟡 High Cost Overstock
2022-02-23,1059,5,118,0.4621957909965303,113,151,14,2.848684787616921,79.51064887540016,24.473619087964128,523.7801253159329,2,2,0,535.9374206986491,🔴 Reorder Required
2022-02-24,1013,1,128,0.1147573155643072,345,93,8,4.787620635037733,39.30413138039712,12.98740508702717,1691.033250468415,2,3,0,1710.177145048314,🟡 High Cost Overstock
2022-02-25,1008,3,117,0.1879202847847695,281,118,13,3.217528850651475,66.84457498558947,9.400798477092422,970.970182018654,2,4,0,951.6947037094566,🟡 High Cost Overstock
2022-02-26,1089,3,109,0.2238277408952926,100,95,5,3.225973264800682,75.09513207449339,8.336034807416702,472.7167718213119,2,5,1,469.4071465947921,🟢 Healthy
2022-02-27,1052,1,138,0.3467536287865579,186,97,7,1.0761114328748456,31.212513736170425,8.46079532277352,231.3692402508917,2,6,1,244.1886942629257,🟢 Healthy
2022-02-28,1001,5,128,0.3136406760343462,207,174,14,4.984199897795692,48.67405939041191,8.851953665229184,1080.40343823412,2,0,0,1068.5915483207853,🟢 Healthy
2022-03-01,1083,4,133,0.1873077931413544,105,154,8,3.977802249056008,92.44386252831328,20.24534045074894,1076.9826313001645,3,1,0,1069.2079474027314,🔴 Reorder Required
2022-03-02,1091,1,147,0.1656964268892617,130,181,6,4.4474150484230215,65.37384801481612,6.220554228648398,749.2872261968316,3,2,0,789.7396317890476,🔴 Reorder Required
2022-03-03,1059,5,115,0.1947192138384475,281,99,5,2.3643518532394734,37.35981968482535,24.948054138860684,701.7426904451173,3,3,0,702.9169051260633,🟡 High Cost Overstock
2022-03-04,1070,1,119,0.3010118506806623,477,196,8,2.759576431035312,29.822783849532065,15.453727823325224,1346.1407414533758,3,4,0,1341.664590951569,🟡 High Cost Overstock
2022-03-05,1043,1,111,0.2084711142844814,492,125,1,2.849377141230244,61.45815147799021,15.885437886016511,1463.3517049632703,3,5,1,1481.2640394495377,🟡 High Cost Overstock
2022-03-06,1007,2,113,0.4790410006430888,448,196,1,1.373425426803223,63.81485784233153,12.151277573992097,679.1094490501756,3,6,1,700.2135291940314,🟡 High Cost Overstock
2022-03-07,1046,5,133,0.285546088571539,375,124,1,3.602701203471307,46.75315610836898,18.80510718824241,1397.7661074101093,3,0,0,1400.281560576396,🟡 High Cost Overstock
2022-03-08,1034,4,107,0.1235184066178548,177,83,3,4.563395256278555,70.43328227352947,14.429126817615954,878.1542426348336,3,1,0,874.8125436903716,🟢 Healthy
2022-03-09,1077,2,143,0.3917065623346534,175,163,10,1.2366761816228855,25.494774897551096,11.581225699290997,241.9131066815561,3,2,0,273.56655990444665,🟢 Healthy
2022-03-10,1080,1,114,0.2315381152835958,366,174,13,0.8884322306877402,31.61117546129125,10.302768074160856,356.77737189300416,3,3,0,354.66819276547477,🟢 Healthy
2022-03-11,1035,1,125,0.361395572823299,129,99,12,3.82198507493154,63.70190568090074,23.51302413866519,556.7379803470694,3,4,0,546.3531302057022,🟢 Healthy
2022-03-12,1049,1,105,0.2118377482092928,426,90,6,1.7294082425284194,24.94525550755632,10.819790301048403,761.673166824663,3,5,1,761.6932607088246,🟡 High Cost Overstock
2022-03-13,1003,5,114,0.328297496693328,406,193,6,3.307381437277982,90.47270119928804,13.72786518859684,1433.2695647341488,3,6,1,1425.0996598629795,🟡 High Cost Overstock
2022-03-14,1001,5,128,0.4088610019229859,456,144,5,3.630912520964813,31.371709636521345,12.006828042329364,1687.067819196476,3,0,0,1684.9439904384217,🟡 High Cost Overstock
2022-03-15,1005,2,143,0.4712034967098216,382,187,13,1.948598436118198,73.91358992676291,6.723576548560719,818.2781925239146,3,1,0,825.8461807309925,🟡 High Cost Overstock
2022-03-16,1053,4,134,0.2044508577732308,224,97,13,4.16815068841603,51.296275337154015,8.718687889645341,984.9620295423448,3,2,0,978.5826432105146,🟢 Healthy
2022-03-17,1003,2,127,0.2339427803995925,194,118,14,2.974950419513976,51.98301980337988,8.790039506527641,629.1234011890912,3,3,0,638.2734853931833,🟢 Healthy
2022-03-18,1053,3,126,0.2857065681143759,490,123,7,4.410497335783113,81.1911622888915,18.872990287793098,2242.334856822617,3,4,0,2261.7905182531813,🟡 High Cost Overstock
2022-03-19,1092,1,134,0.4708699350943955,175,176,5,3.934820986515264,59.95697073383312,13.131708199316185,748.5506433740043,3,5,1,772.133249168315,🔴 Reorder Required
2022-03-20,1062,1,119,0.4605547427242629,231,197,14,4.408590344168542,78.0524370915093,20.63935126141317,1096.4368065944425,3,6,1,1102.3742506963538,🟢 Healthy
2022-03-21,1017,1,116,0.1359513120402552,268,179,2,0.5907262195305234,60.41529830022154,19.17901848668314,218.7299251344018,3,0,0,207.2461408100517,🟢 Healthy
2022-03-22,1089,2,132,0.1527719303015243,485,97,4,1.5957781733236762,67.43242731242107,8.840995327920753,841.384841374404,3,1,0,826.5700747284299,🟡 High Cost Overstock
2022-03-23,1043,2,109,0.2982036709322553,327,126,1,0.9050357320067238,80.85717022957313,16.25833840240201,376.8038545957718,3,2,0,393.90724380877566,🟢 Healthy
2022-03-24,1033,1,120,0.1426477091221694,132,110,7,2.4893735773520715,68.58469943370203,19.858176920976057,397.1820116441755,3,3,0,418.55359089370467,🟢 Healthy
2022-03-25,1073,2,119,0.238232349339479,472,178,4,4.504820547268932,69.24920875110308,17.66085846951446,2195.524507062039,3,4,0,2202.2462313626006,🟡 High Cost Overstock
2022-03-26,1061,5,132,0.159354151286991,190,118,13,2.6039311802009117,83.13756731420756,17.000330161759617,577.8844915523807,3,5,1,571.9081466960359,🟢 Healthy
2022-03-27,1099,5,104,0.3544161420527544,383,117,4,4.323708700611773,95.92694526554986,19.79221774801536,1751.9073775998588,3,6,1,1750.4386103789914,🟡 High Cost Overstock
2022-03-28,1013,2,126,0.4797981726956647,144,158,13,1.9723020710869303,50.13729231482694,6.135614785126138,334.1487905513449,3,0,0,336.96205453944305,🔴 Reorder Required
2022-03-29,1094,1,116,0.4986935081177526,414,126,4,2.028065327623636,66.16937257807609,19.62843894722866,905.7884182142614,3,1,0,900.4805115467599,🟡 High Cost Overstock
2022-03-30,1047,2,127,0.2500964529987659,243,149,3,4.530027786470949,26.901852618683648,10.453105263068569,1127.6986047311243,3,2,0,1100.007401613751,🟢 Healthy
2022-03-31,1014,2,117,0.3396050548458449,159,87,8,2.416177159302657,48.70431044550935,16.437445090187083,432.87647877463183,3,3,0,427.6287930984023,🟢 Healthy
2022-04-01,1071,2,126,0.4425070614096326,101,183,4,4.053944695075998,52.96393807115088,9.846099893930148,708.5648496220804,4,4,0,691.7257227887472,🔴 Reorder Required
2022-04-02,1077,3,112,0.1469848291185536,152,165,8,1.564895965468556,86.81898534592408,21.77635144413675,324.6831720971446,4,5,1,332.4287945651904,🔴 Reorder Required
2022-04-03,1086,5,143,0.3758257644207859,150,144,9,4.76960373354936,61.07139217005415,14.61118708601512,776.5119522024581,4,6,1,816.2052582618921,🟢 Healthy
2022-04-04,1061,4,129,0.2635374646900273,191,92,1,3.08560210938757,78.48530986387662,17.858824240499672,667.8353127569025,4,0,0,673.8936873781136,🟢 Healthy
2022-04-05,1039,4,106,0.1824584641120656,250,134,4,3.9169560586028087,21.52059200205371,20.88164086953456,1000.759606652756,4,1,0,993.1100211186815,🟡 High Cost Overstock
2022-04-06,1084,3,121,0.2611014474989768,368,167,6,0.9028206490769848,57.15941357026525,22.90630510142729,389.3974124305957,4,2,0,386.66821876140455,🟢 Healthy
2022-04-07,1079,2,116,0.1303841147859667,248,164,8,2.7169890162373798,92.10541321308672,19.64124194138682,765.9186892399568,4,3,0,772.5730042711389,🟡 High Cost Overstock
2022-04-08,1081,3,115,0.3781628594357223,333,188,14,4.554673239803105,37.9451127444628,7.975371523808114,1554.651301598897,4,4,0,1552.294235783772,🟡 High Cost Overstock
2022-04-09,1052,3,118,0.2010970674993812,266,122,6,4.44667383069487,22.52177482456904,22.09064739171573,1205.3370137894044,4,5,1,1204.77378024574,🟡 High Cost Overstock
2022-04-10,1023,1,120,0.2245622580179512,95,83,12,0.710662807554024,54.67269869707812,17.371558317310125,556.4746233474635,4,6,1,512.7858488840621,🟢 Healthy
2022-04-11,1025,5,111,0.1484325192965851,77,150,6,1.86664311108026,76.35454565180763,17.188995167605473,804.5119009035737,4,0,0,812.3589460421082,🔴 Reorder Required
2022-04-12,1088,4,125,0.4458636455559567,51,139,10,2.494940029155861,56.357080547317565,23.42681119609843,1917.1830505455505,4,1,0,1882.3914528086186,🔴 Reorder Required
2022-04-13,1059,2,117,0.2973777117130954,432,91,4,1.275191664601047,56.79826508090127,9.976631113317662,607.6810641885536,4,2,0,602.1733886134622,🟡 High Cost Overstock
2022-04-14,1040,4,130,0.3288587511145601,66,138,9,3.7849923994548655,73.58440329906557,9.791752369880664,950.0660533354494,4,3,0,949.5978510459313,🔴 Reorder Required
2022-04-15,1028,4,131,0.3277730732379418,364,156,7,1.330303980194202,40.35110466264392,15.263871093899237,524.5817534533335,4,4,0,514.3498473474597,🟡 High Cost Overstock
2022-04-16,1014,5,117,0.2641972458165367,485,133,14,2.059878624664488,80.1511833313582,20.017261330697306,1079.1923162936346,4,5,1,1074.049696468639,🟡 High Cost Overstock
2022-04-17,1044,4,112,0.1770119661752558,437,123,11,3.484762865860182,32.249082472458674,13.944814164570182,1555.0904548533583,4,6,1,1551.1231892644057,🟡 High Cost Overstock
2022-04-18,1064,4,120,0.3980530993993599,126,95,6,2.66940205036016,51.660048422879015,17.677827797848046,388.0047067682592,4,0,0,402.42194428314986,🟢 Healthy
2022-04-19,1088,3,118,0.1508225061430697,436,85,1,3.823569673857022,72.48064867767343,14.050494484454376,1739.557026479335,4,1,0,1755.4397541693265,🟡 High Cost Overstock
2022-04-20,1070,5,115,0.1415495161115242,420,93,2,4.825435555502868,86.26952057841581,17.207743609739374,2112.9524538896203,4,2,0,2116.129271548749,🟡 High Cost Overstock
2022-04-21,1008,1,110,0.3840580150386014,214,194,12,1.0244600947183886,83.32248569320441,21.44524605227422,302.5569459629396,4,3,0,297.440407292135,🟢 Healthy
2022-04-22,1087,2,110,0.1835348081807935,146,191,6,3.693054723791274,77.73484794461582,8.609533921818466,616.9208376181418,4,4,0,556.6477549342861,🔴 Reorder Required
2022-04-23,1000,4,138,0.2227091005411329,154,137,11,1.5365487003445153,48.72771068291129,18.907570680119683,285.3562105359666,4,5,1,283.8102870863236,🟢 Healthy
2022-04-24,1007,2,128,0.2900909868006961,73,110,1,2.3651452733340617,29.784345303497908,20.748514786763664,1343.608263528886,4,6,1,1348.510451584,🔴 Reorder Required
2022-04-25,1087,1,105,0.2797405266918185,249,179,11,0.6478822660781292,37.34673741543925,13.94222814963565,198.6694216688934,4,0,0,206.36916858873204,🟢 Healthy
2022-04-26,1062,2,118,0.3834316500259996,84,180,5,1.1115832203171452,89.1867051661188,11.464671541357085,572.3585280788999,4,1,0,580.6097477156742,🔴 Reorder Required
2022-04-27,1010,1,120,0.3493727173773444,51,120,1,1.9389978007200488,88.58650961061275,5.270886478488041,551.1665644630101,4,2,0,608.5705700017089,🔴 Reorder Required
2022-04-28,1080,3,116,0.3577584649127463,338,199,13,2.0389361237959323,96.12486820312128,20.94210044668187,785.2852780461465,4,3,0,771.0490023641138,🟡 High Cost Overstock
2022-04-29,1007,4,127,0.385621732262183,381,114,3,4.548133474079431,26.07909215164333,11.55877318071976,1758.9179457759064,4,4,0,1744.0398430379985,🟡 High Cost Overstock
2022-04-30,1034,1,111,0.2170450909693861,391,197,12,3.838158091699318,62.944726822196486,12.146189388161003,1563.66454067663,4,5,1,1584.335895822768,🟡 High Cost Overstock
2022-05-01,1034,2,109,0.2289333247201894,187,89,12,4.874823356841685,71.89464359233868,11.720123261976244,983.4866113217338,5,6,1,945.4787158799402,🟢 Healthy
2022-05-02,1032,4,116,0.2751990991582216,386,160,12,3.1958217965085822,76.85259016534853,14.974786616246762,1310.4398036176613,5,0,0,1304.4621959905544,🟡 High Cost Overstock
2022-05-03,1004,3,115,0.2229848692134104,111,194,7,1.587711794410931,71.50905880083442,19.04999146438154,323.94503383797394,5,1,0,350.69192174078904,🔴 Reorder Required
2022-05-04,1040,4,126,0.4939751475883454,348,185,5,1.974447634647393,81.60091119218256,20.437262620010216,768.7086880494753,5,2,0,764.7652207629336,🟡 High Cost Overstock
2022-05-05,1027,1,129,0.4256207705685718,246,109,12,1.939261654813852,48.75772610314733,12.851414408063167,525.8160931873549,5,3,0,519.1158175981184,🟢 Healthy
2022-05-06,1006,3,133,0.1658618753024118,426,123,10,1.969224474484632,34.35462177083857,18.26204070090338,873.2442479012918,5,4,0,884.9550968655561,🟡 High Cost Overstock
2022-05-07,1072,2,127,0.1022376623527478,108,134,1,3.5283387790031706,36.36666977203508,19.413685005426306,786.2872730074773,5,5,1,758.1891524728968,🔴 Reorder Required
2022-05-08,1071,3,111,0.1171133072989071,314,150,1,2.888635676406873,20.958295157613147,10.938346633547631,927.9898975493712,5,6,1,948.4927853755477,🟡 High Cost Overstock
2022-05-09,1011,3,115,0.1976253804171701,382,97,8,2.2344088013898995,48.02574976849779,6.9324293907418655,901.5699118994394,5,0,0,931.2712902974357,🟡 High Cost Overstock
2022-05-10,1033,5,111,0.1457165143347426,237,162,11,1.1709039592792247,27.339524070398184,22.89331441288925,304.84376241957443,5,1,0,308.3109197294791,🟢 Healthy
2022-05-11,1032,3,99,0.3133352459570289,112,158,14,0.5996262332396566,45.71909542321527,18.542319435631857,112.8772335460568,5,2,0,128.26096046768825,🔴 Reorder Required
2022-05-12,1047,3,122,0.4431980890909435,357,182,13,1.4847560491446168,70.25680617329982,17.96220817752583,600.314715717928,5,3,0,593.3338830150715,🟡 High Cost Overstock
2022-05-13,1022,4,117,0.394700088365291,328,187,9,0.9836213178590656,91.5582444469456,6.17805030423956,414.18603670471913,5,4,0,434.1037671547025,🟢 Healthy
2022-05-14,1061,2,120,0.1862436252328762,79,165,7,4.034502638835077,87.16843607924132,21.357461150078528,1281.550051700432,5,5,1,1297.7425009544404,🔴 Reorder Required
2022-05-15,1087,4,98,0.2597197024103144,220,118,13,1.0062408101624842,40.21393695660615,16.321083121721063,261.58691519235265,5,6,1,251.3027737481412,🟢 Healthy
2022-05-16,1036,4,113,0.303157683812511,70,121,3,3.759027067880763,30.72665137584376,21.95768834635132,1238.039145020604,5,0,0,1228.8938149186497,🔴 Reorder Required
2022-05-17,1098,1,108,0.4240823398013342,348,199,12,2.235464103992372,35.44578190373851,24.49122367473523,813.387290093084,5,1,0,803.9457257505798,🟡 High Cost Overstock
2022-05-18,1043,4,105,0.4356486412424659,250,133,6,0.8302027538469918,97.67893215228855,24.142006417604843,305.2296206140365,5,2,0,292.6197628013078,🟢 Healthy
2022-05-19,1085,5,105,0.4638873247631104,184,109,3,4.157285222442136,63.95795837483927,22.121786927804152,828.8984393041922,5,3,0,833.2810368614231,🟢 Healthy
2022-05-20,1090,5,138,0.30369810020115,321,99,10,3.10833756606476,34.60017784004599,5.218947476627378,1032.376536546834,5,4,0,1057.919446122406,🟡 High Cost Overstock
2022-05-21,1034,1,131,0.3777098985743452,72,175,4,1.5609268078860787,87.25969237494522,22.71454416473913,1539.8045282623516,5,5,1,1467.6998936500293,🔴 Reorder Required
2022-05-22,1064,2,111,0.1447201484935748,491,121,12,4.5260652844970055,51.61529954500439,6.50124627655291,2273.913354233034,5,6,1,2269.860862792641,🟡 High Cost Overstock
2022-05-23,1098,2,108,0.3261155839815928,136,168,4,0.7036624124174815,91.9377721579782,22.023879403535343,187.63586024675567,5,0,0,199.24937352556438,🔴 Reorder Required
2022-05-24,1046,4,138,0.199476723788454,80,166,3,1.408188236889933,40.85417014675892,10.603481372232473,768.5111486874371,5,1,0,764.8960975730719,🔴 Reorder Required
2022-05-25,1077,4,136,0.2726867540106444,170,84,10,3.8842111751263744,51.45774070433889,17.201366770667352,711.7736404758225,5,2,0,682.8575623648283,🟢 Healthy
2022-05-26,1002,4,113,0.3536202033226877,118,129,6,3.692200686394501,60.39582102320677,5.761364622997593,496.0755020177579,5,3,0,489.2115311730912,🔴 Reorder Required
2022-05-27,1000,2,116,0.2027943751415124,183,120,5,1.8017226217601512,91.40922672712252,20.42363392236456,421.1244665092302,5,4,0,432.01864893288104,🟢 Healthy
2022-05-28,1004,3,121,0.1208740231187044,420,173,11,0.7791119390875241,89.50059452840446,7.23412244465943,416.72760894516455,5,5,1,423.7645680115871,🟢 Healthy
2022-05-29,1089,5,126,0.104093542563503,498,191,9,4.361351325012247,65.94840562431023,13.213763433515435,2237.9013654804094,5,6,1,2228.9594229676327,🟡 High Cost Overstock
2022-05-30,1013,3,114,0.1088638142178086,364,118,9,1.9116393713145616,37.74204078247125,21.348920046506027,733.5787719409717,5,0,0,714.5050841216398,🟡 High Cost Overstock
2022-05-31,1026,3,130,0.1033398950055078,461,136,3,1.3807103671771934,52.26855773903001,18.906979930166703,688.7760370077162,5,1,0,712.8405258848303,🟡 High Cost Overstock
2022-06-01,1008,2,125,0.1441420226231502,195,170,13,2.822278200624397,98.05064522924044,5.120853937161338,648.3948943509979,6,2,0,647.1825893978572,🟢 Healthy
2022-06-02,1078,3,121,0.1957954858280519,382,136,9,4.596022396771013,68.62185791019216,13.060646690850977,1824.302413476719,6,3,0,1803.6124563039996,🟡 High Cost Overstock
2022-06-03,1014,1,116,0.1884886056729197,443,185,13,0.6959596002951891,82.48782040993574,5.83855033929016,390.7979233407045,6,4,0,394.8248113717676,🟢 Healthy
2022-06-04,1089,4,92,0.4947186376719586,312,116,12,3.9461183961389943,55.98917562891358,18.469997216369386,1287.1781152242795,6,5,1,1283.5281642179232,🟡 High Cost Overstock
2022-06-05,1041,1,115,0.2224024420835773,342,86,3,3.0761295257241903,62.56058203734451,24.378969835066428,1114.5968798350175,6,6,1,1114.8459284049052,🟡 High Cost Overstock
2022-06-06,1076,5,108,0.1509683133437596,478,84,4,2.414521024483176,54.31632897860353,18.105225246015184,1208.4573786815615,6,0,0,1216.636697343329,🟡 High Cost Overstock
2022-06-07,1050,4,144,0.3182250176671032,135,158,1,3.84836199847277,76.23367984495744,9.487448622351115,681.1495872399414,6,1,0,694.680120488217,🔴 Reorder Required
2022-06-08,1062,3,129,0.4431829821590033,65,130,5,4.846209909987345,88.11768111095019,12.104660641330804,1177.819606305299,6,2,0,1164.2968830998216,🔴 Reorder Required
2022-06-09,1095,5,129,0.3712241507150701,265,185,12,1.5314279502321095,60.58908345796509,24.533011113169355,466.4174902694741,6,3,0,464.37166564186305,🟢 Healthy
2022-06-10,1051,4,124,0.2184328356541801,165,87,9,1.1464131428245383,58.46939669089806,9.481048240647,247.6275652569469,6,4,0,252.43086985211335,🟢 Healthy
2022-06-11,1095,3,107,0.324646463916582,167,135,2,4.607967853502137,47.22291736787176,16.230581461088853,816.7535489027287,6,5,1,830.0413294734497,🟢 Healthy
2022-06-12,1003,1,124,0.3859423896801637,319,152,4,3.5102888485578667,34.1677355435267,13.009076173634895,1153.9498782334863,6,6,1,1186.4626121452131,🟡 High Cost Overstock
2022-06-13,1093,4,99,0.3912417969470969,444,90,10,2.470937097028847,95.13981783000872,20.366305958564432,1192.2358889108168,6,0,0,1194.112278395052,🟡 High Cost Overstock
2022-06-14,1022,3,114,0.3666153821190755,392,101,2,3.079668066189274,45.2863774943604,22.347785439597743,1252.5162594405556,6,1,0,1254.273637865594,🟡 High Cost Overstock
2022-06-15,1014,1,115,0.4483241699102472,211,177,14,3.855262573293098,84.05531708594283,11.816745487005935,897.5157200507865,6,2,0,889.4805624811163,🟢 Healthy
2022-06-16,1042,5,123,0.4480421833376418,237,178,8,3.978643544175728,77.22776170299794,18.20792727398765,1020.1662816726454,6,3,0,1038.3138721970934,🟢 Healthy
2022-06-17,1028,5,116,0.3315746237628013,153,156,9,4.639523813685341,83.27340802225032,15.980953950354548,793.1205515161075,6,4,0,791.162763073288,🔴 Reorder Required
2022-06-18,1035,5,109,0.2719425476444849,190,90,3,2.420792550030302,94.9414506697682,10.568889801108668,554.8920351755255,6,5,1,553.7362069915134,🟢 Healthy
2022-06-19,1012,5,113,0.3566281182260399,216,139,13,1.8203490950872776,69.86966081767179,10.438816056260034,463.06506535652375,6,6,1,467.19518064183933,🟢 Healthy
2022-06-20,1031,2,123,0.4272848005481853,349,175,9,3.3784892005542884,91.83602747056356,15.77263295064608,1270.92875846401,6,0,0,1305.7053850560671,🟡 High Cost Overstock
2022-06-21,1070,4,115,0.1022608419364738,77,185,6,2.3707755467578866,33.415785832983495,8.080057470645997,523.0076868178886,6,1,0,511.14685615697067,🔴 Reorder Required
2022-06-22,1058,4,110,0.4967988036059404,473,94,6,3.1756930427704004,70.137006076543,21.21619792964943,1572.2398153069423,6,2,0,1556.98504081189,🟡 High Cost Overstock
2022-06-23,1085,2,131,0.1731575089316797,321,117,7,2.389936093051776,81.78204903316902,6.380096784008041,848.951534902789,6,3,0,816.7167020602046,🟡 High Cost Overstock
2022-06-24,1027,3,104,0.2880995942639904,99,80,12,1.1884810400517851,41.73129045953392,6.891489724166327,193.84836204549228,6,4,0,265.34200408861,🟢 Healthy
2022-06-25,1065,3,115,0.4488118939371467,420,125,5,2.612420382465313,79.2603041033572,11.844526178545353,1176.476864738789,6,5,1,1157.260060507432,🟡 High Cost Overstock
2022-06-26,1041,5,114,0.1900161596176797,205,193,6,3.609130198734648,82.27814632929895,7.361835163942667,822.1498370699018,6,6,1,792.4666758955616,🟢 Healthy
2022-06-27,1044,1,123,0.2907180895601533,373,167,11,4.096777134504425,86.49503648131558,14.514000425109847,1614.592907651466,6,0,0,1610.1482043558426,🟡 High Cost Overstock
2022-06-28,1061,3,116,0.1530328720724716,397,122,1,2.719968245584461,45.03063300767462,12.993517808837408,1124.8580265047055,6,1,0,1128.3135550074492,🟡 High Cost Overstock
2022-06-29,1056,1,107,0.258030530155277,170,183,3,1.243570505946804,74.52852721346474,19.43619591771434,285.93551322442147,6,2,0,289.4071138689522,🔴 Reorder Required
2022-06-30,1005,4,105,0.170854181917201,493,101,12,2.366094693422442,44.340262672780966,24.06008310419441,1210.8249465300448,6,3,0,1213.560136236485,🟡 High Cost Overstock
2022-07-01,1027,1,140,0.2454510995084628,189,82,9,4.038322679787642,79.12323099987643,20.07117169478252,842.3662174797408,7,4,0,864.973614990978,🟢 Healthy
2022-07-02,1027,4,151,0.2493856867170888,65,93,12,2.357866717776828,57.03789321165698,8.588973257612087,948.9509300217904,7,5,1,956.4055095211767,🔴 Reorder Required
2022-07-03,1043,2,128,0.497268315839333,358,81,5,3.634388571219001,67.8035499621776,23.71042570928806,1368.91465845858,7,6,1,1355.9511554873147,🟡 High Cost Overstock
2022-07-04,1083,2,135,0.4979252117215089,487,140,5,2.782461567551404,53.26719851444551,12.842668651061343,1408.3259819119794,7,0,0,1394.7390982923414,🟡 High Cost Overstock
2022-07-05,1029,5,121,0.1459145114642449,98,111,8,1.5855040629922852,32.95863415438595,14.483787218538255,521.4651383540098,7,1,0,535.227175779422,🔴 Reorder Required
2022-07-06,1061,3,108,0.3903875117313389,213,191,11,4.082677286103834,34.24236236842909,13.43152474741271,903.8526243085458,7,2,0,907.3553830609197,🟢 Healthy
2022-07-07,1074,5,114,0.1206981918676404,111,117,11,0.8789605433180916,26.20551258097076,10.610940465754378,155.60295428654206,7,3,0,165.27657817632266,🔴 Reorder Required
2022-07-08,1091,4,129,0.1120768061348754,389,176,13,2.862006272398178,69.44581437773294,22.90088575594968,1182.766254340624,7,4,0,1174.1809592179386,🟡 High Cost Overstock
2022-07-09,1088,5,145,0.1421335576979857,203,125,2,1.4400096540953222,87.89107183624475,11.644777317932322,380.2130316175952,7,5,1,388.7887036785707,🟢 Healthy
2022-07-10,1061,1,123,0.4861942628031735,361,121,13,0.8017953284361905,21.66694610096648,16.571929393590928,311.11505966643125,7,6,1,305.52381861918093,🟢 Healthy
2022-07-11,1096,4,95,0.476345419157879,425,85,7,2.76320271687462,25.29916016706828,9.800671687486604,1199.6603148387817,7,0,0,1194.4401576210362,🟡 High Cost Overstock
2022-07-12,1000,2,119,0.1775711281122722,395,120,9,2.748029701707156,56.59735938423282,20.94750749540361,1142.0690915585594,7,1,0,1153.2978819322223,🟡 High Cost Overstock
2022-07-13,1026,3,118,0.1646689342214846,199,182,7,3.681054057540744,79.01765889345515,20.483973190583733,811.5474163440632,7,2,0,816.8548849229687,🟢 Healthy
2022-07-14,1061,4,149,0.1962140346063788,425,104,12,3.851378118733572,32.6166115769561,10.92624276894088,1669.452312038724,7,3,0,1696.027233423298,🟡 High Cost Overstock
2022-07-15,1076,4,120,0.3062187976300569,122,177,5,3.775061699118036,41.73210556393551,18.631081462869076,502.2896328563359,7,4,0,516.8816633481962,🔴 Reorder Required
2022-07-16,1002,1,138,0.3278818528141639,118,90,13,2.3430142981253974,38.560496102544576,19.077470661898992,696.5855965193213,7,5,1,562.9295730089464,🟢 Healthy
2022-07-17,1069,3,129,0.1886373721757789,226,189,6,3.342604042519532,51.92409749369233,16.250228322095325,807.3526111031065,7,6,1,821.8125485421307,🟢 Healthy
2022-07-18,1071,2,115,0.4026491152359781,403,180,4,3.0962535918978213,37.99989416140569,17.0119676454334,1285.7900916962278,7,0,0,1271.0509551790851,🟡 High Cost Overstock
2022-07-19,1026,4,133,0.2238212677610603,51,120,14,2.3970279025261383,48.207894283580245,16.489092765815915,1522.5619241093184,7,1,0,1535.3131204579897,🔴 Reorder Required
2022-07-20,1008,4,124,0.4688525302117642,358,150,12,3.1874571238369693,78.28340789295552,6.637288079896912,1219.3930582265905,7,2,0,1207.1701763601518,🟡 High Cost Overstock
2022-07-21,1061,1,117,0.3626890825826923,168,136,7,4.762615445178182,68.88073987633513,18.4053068942757,869.0001346662697,7,3,0,856.1169349594949,🟢 Healthy
2022-07-22,1036,5,117,0.2745404777214447,56,125,1,1.3680218465661982,26.494536431335437,14.395500196773824,981.229271842246,7,4,0,982.5654545133367,🔴 Reorder Required
2022-07-23,1096,2,118,0.4159648006811381,304,191,4,4.575974431034869,71.01965329965742,13.769145610828271,1462.1158803342576,7,5,1,1434.352427109968,🟡 High Cost Overstock
2022-07-24,1050,3,115,0.4271658504186659,453,165,3,0.7405498129243926,58.16617372473708,22.199984375636014,393.6352389794869,7,6,1,394.9210128746415,🟢 Healthy
2022-07-25,1043,4,109,0.2161926422435774,463,127,13,1.887751458057473,94.7652459765711,5.464534269222354,968.7941710571812,7,0,0,972.3247195321547,🟡 High Cost Overstock
2022-07-26,1023,4,121,0.2358858175344337,124,142,4,1.7966536187518771,43.14434536832426,10.026298359175104,265.92939409355705,7,1,0,271.0418390325618,🔴 Reorder Required
2022-07-27,1078,2,113,0.4743820614914413,400,118,1,3.318642985464076,78.0933135759328,7.428069996854926,1405.550507761563,7,2,0,1408.9764008554935,🟡 High Cost Overstock
2022-07-28,1058,5,119,0.1658964153453087,244,89,12,1.0905122829978064,78.4688658435656,5.706820892194515,344.5538628950304,7,3,0,335.3923333520714,🟢 Healthy
2022-07-29,1031,4,147,0.1168601667851736,236,164,13,4.470564253278892,37.72006248073499,10.51353995351895,1092.7732262545533,7,4,0,1105.8637916808648,🟢 Healthy
2022-07-30,1095,2,119,0.2816221290438196,499,149,2,4.228481338092686,92.2578899976749,24.769525455893557,2202.270077705925,7,5,1,2196.193488694496,🟡 High Cost Overstock
2022-07-31,1087,1,121,0.4204839600974516,52,192,12,3.43429618858375,59.294656034368245,10.404583464151475,955.7943168671752,7,6,1,906.5121832228091,🔴 Reorder Required
2022-08-01,1051,5,112,0.4086672425242983,233,144,11,2.56286224306489,74.31066935114418,18.274116395915428,671.4575719852635,8,0,0,651.8971245173432,🟡 High Cost Overstock
2022-08-02,1061,3,105,0.467812251565133,384,177,13,4.698302189639353,31.66844471068036,7.365977800814429,1835.816485532192,8,1,0,1832.5968441896757,🟡 High Cost Overstock
2022-08-03,1057,4,125,0.3132802657476161,322,138,9,4.238359496242502,40.62431335935754,17.0369526009446,1405.3760711494433,8,2,0,1394.3827126967954,🟡 High Cost Overstock
2022-08-04,1051,2,122,0.1400258686266133,417,157,7,2.746918166365602,66.88856943497782,24.689629662766265,1212.353444809434,8,3,0,1200.877714421496,🟡 High Cost Overstock
2022-08-05,1011,1,128,0.3354755897344064,101,115,13,3.6584300950444,45.52218146986796,10.836750469209306,707.6158837380037,8,4,0,697.5823953034238,🔴 Reorder Required
2022-08-06,1038,3,128,0.4113582457412846,312,106,6,3.0511847848085805,59.97543348567788,21.961512327511656,1011.9450863459548,8,5,1,1008.8886168921385,🟡 High Cost Overstock
2022-08-07,1001,2,115,0.1373312481079305,417,152,2,3.1457400727471905,49.92041594986314,24.95142760733071,1361.6940262854416,8,6,1,1318.5153078499595,🟡 High Cost Overstock
2022-08-08,1002,2,105,0.1690629604390359,182,134,1,1.9893923124686208,71.24430373152384,16.77108177441488,433.3137046008128,8,0,0,431.30074568940336,🟢 Healthy
2022-08-09,1055,3,131,0.1049162644622683,274,149,2,2.5793807208120354,58.97162902246471,11.188022008560708,765.7219465249625,8,1,0,764.3591647037564,🟡 High Cost Overstock
2022-08-10,1080,1,117,0.3374610317787241,359,174,7,0.8515464385538489,20.368794877853453,18.470625197983125,326.0739663186852,8,2,0,334.7309662471638,🟢 Healthy
2022-08-11,1058,1,133,0.4546937567783617,110,160,2,2.108069112490666,71.97446703563072,21.89696412537237,807.4922442931686,8,3,0,812.1060049636517,🔴 Reorder Required
2022-08-12,1001,5,134,0.3682653264008398,414,132,3,3.631228319129684,53.76972456401454,8.427004859239567,1557.0982486837036,8,4,0,1522.2549727220023,🟡 High Cost Overstock
2022-08-13,1001,4,129,0.4928160350363928,65,186,8,4.789472137277839,47.33586723921783,14.050315276829066,1257.8717338793376,8,5,1,1279.9787691309039,🔴 Reorder Required
2022-08-14,1091,3,109,0.1252134609999046,278,139,7,4.833788507433591,27.531740182657884,11.38375420247682,1371.3249452491962,8,6,1,1360.9740328392274,🟡 High Cost Overstock
2022-08-15,1053,3,108,0.4612004340605985,244,140,12,3.0007529110620124,37.62957524531932,10.667179939247598,769.8132855444503,8,0,0,774.3836350763962,🟡 High Cost Overstock
2022-08-16,1086,3,121,0.4256273149546723,300,115,11,3.229800133143119,37.90178332646828,22.21642521480345,1006.841823269404,8,1,0,988.2502960228035,🟡 High Cost Overstock
2022-08-17,1095,1,109,0.2256966081998019,492,164,11,1.3357453347543538,94.82955995237832,13.43308013643677,752.0162646515204,8,2,0,738.4851395718277,🟡 High Cost Overstock
2022-08-18,1096,4,92,0.4894106207349007,352,106,14,3.628886486420888,54.60103797972374,11.781526836078257,1331.9690811998764,8,3,0,1332.4238167801375,🟡 High Cost Overstock
2022-08-19,1000,5,122,0.215175099268566,97,120,11,0.8179645670347381,23.365267777213603,17.070210828520274,529.46310149259,8,4,0,471.43628448986215,🔴 Reorder Required
2022-08-20,1018,2,125,0.4557218895312874,284,107,9,1.7810855860975003,31.10533457946567,9.388031592747623,536.9336410311557,8,5,1,561.449587509434,🟡 High Cost Overstock
2022-08-21,1001,2,140,0.4522994308296758,170,95,12,3.50763506278449,26.322614058632965,9.59786981136158,622.6205747319963,8,6,1,613.9434258213573,🟢 Healthy
2022-08-22,1052,3,112,0.4030630466411889,369,114,4,1.8963955919457016,67.1095512165769,15.405774617430092,766.8795246445409,8,0,0,769.5364098350406,🟡 High Cost Overstock
2022-08-23,1043,4,127,0.3253881895251407,99,115,7,0.7243109335150444,34.92971932534614,13.185454572923682,475.82922978519866,8,1,0,471.7919583143682,🔴 Reorder Required
2022-08-24,1089,1,113,0.1480010998467552,90,135,1,4.243416842079338,59.88461122254208,10.899647678446488,692.4840236139516,8,2,0,720.7954064792079,🔴 Reorder Required
2022-08-25,1031,4,122,0.3127886937985993,71,178,11,1.8964850321055335,49.60496502959805,6.079022645482044,494.2855572286752,8,3,0,514.7138688367925,🔴 Reorder Required
2022-08-26,1069,4,108,0.2427185022619738,420,188,11,0.783973511864053,84.31011017153595,15.415484772770432,413.57898515443816,8,4,0,418.1231020239587,🟢 Healthy
2022-08-27,1031,1,129,0.4168868132621407,231,98,2,0.8365467402628933,45.639170981228986,21.3321841120215,238.88146798195737,8,5,1,232.39442279703945,🟢 Healthy
2022-08-28,1067,3,109,0.403251682598738,54,136,7,1.6329145945493913,56.66123859174466,22.02754410572116,1356.3535525120756,8,6,1,1383.603355097542,🔴 Reorder Required
2022-08-29,1054,4,124,0.4642450029490421,194,164,2,1.3010717624968682,77.70284388782606,9.708799594521604,330.1107658122185,8,0,0,334.0146911094153,🟢 Healthy
2022-08-30,1074,2,120,0.1059320649726831,406,112,6,3.984350530010679,54.66809655445115,16.992824078949766,1672.3144117387867,8,1,0,1649.3237928973383,🟡 High Cost Overstock
2022-08-31,1055,1,115,0.4236412867292184,127,102,13,1.947578210001655,83.45724288105512,22.117626189258807,330.7996755512653,8,2,0,346.95525566556336,🟢 Healthy
2022-09-01,1016,5,109,0.4753848212498676,280,198,10,4.121131032679246,72.93474849893319,13.174518565525297,1226.851437649122,9,3,0,1220.670399939871,🟡 High Cost Overstock
2022-09-02,1037,3,109,0.41572017964326,346,142,12,1.2823069902041877,52.84232911573728,23.64273634615057,496.5205477263863,9,4,0,499.7097131172067,🟢 Healthy
2022-09-03,1023,1,118,0.1520777839481467,397,149,9,2.717956307948377,60.318554054909015,23.059570582591057,1139.3472083104148,9,5,1,1159.3994180494064,🟡 High Cost Overstock
2022-09-04,1068,5,118,0.1325116419363551,258,175,11,3.59616710098908,97.37627646737548,9.162677948376189,1025.187388522558,9,6,1,1031.000590593411,🟡 High Cost Overstock
2022-09-05,1097,5,122,0.1083380959230803,212,101,5,3.433958842396347,72.92891972067139,10.179296658004075,800.9281943086969,9,0,0,800.6033535277622,🟢 Healthy
2022-09-06,1069,4,120,0.3514980903312285,217,146,10,3.2050823446862093,92.399618077786,8.608839972919377,787.9024868746935,9,1,0,778.077678629175,🟢 Healthy
2022-09-07,1085,4,128,0.3518690607439549,327,178,7,4.661697208690264,34.300680277685146,8.921087029094046,1558.6756675194017,9,2,0,1542.8638470812064,🟡 High Cost Overstock
2022-09-08,1010,4,119,0.4947654856872849,286,159,13,1.5283631646803495,58.65889249961215,23.15724174346996,495.7707575981922,9,3,0,474.34280583878666,🟢 Healthy
2022-09-09,1015,1,139,0.2592172696416382,225,185,1,2.7217364200794743,92.69293358760405,23.622758183852454,705.0836281054858,9,4,0,686.5546966204464,🟢 Healthy
2022-09-10,1096,1,122,0.2327625139589987,102,138,8,4.47796647532584,45.80896491531341,6.0379448237026185,623.3204418726015,9,5,1,614.9814941614229,🔴 Reorder Required
2022-09-11,1072,3,119,0.349769970873757,398,104,9,0.8505219451782067,97.41313585171366,16.872067113444096,435.9208700326399,9,6,1,417.27326024231803,🟢 Healthy
2022-09-12,1058,4,124,0.4302434690030375,59,96,13,0.7514972071388386,27.766199237892597,16.284631257151432,1130.6055661739272,9,0,0,1158.914299777033,🔴 Reorder Required
2022-09-13,1069,5,119,0.4747095798092008,195,118,5,1.5498602940123114,92.21369362200296,12.810952934489196,394.43645095440365,9,1,0,402.1976091569586,🟢 Healthy
2022-09-14,1079,2,100,0.4212496664716154,276,156,6,3.348595487921083,55.61696976526869,17.63395185646214,979.8293244314876,9,2,0,975.7219590142873,🟡 High Cost Overstock
2022-09-15,1092,3,132,0.2706695922463219,285,171,13,1.669458319024131,25.89953321129285,23.947356510217,501.6951541331702,9,3,0,482.6753773563529,🟢 Healthy
2022-09-16,1002,1,109,0.3539656941248257,291,154,11,1.3560794771395954,90.361727406887,8.405097654442923,484.98085525450927,9,4,0,455.60143415554234,🟢 Healthy
2022-09-17,1019,3,129,0.4425197306864468,354,153,8,2.5646104191123142,40.15521699272908,7.408218194329112,948.0273053584884,9,5,1,952.3984201755895,🟡 High Cost Overstock
2022-09-18,1058,3,122,0.2962438753246957,120,118,4,3.2611913094623515,21.780010039618016,5.6678114165795135,424.4585900082592,9,6,1,462.5538083870809,🟢 Healthy
2022-09-19,1035,3,90,0.186674657482157,207,103,2,1.6185096815753317,30.864568445535383,12.276666156802868,365.896072531629,9,0,0,358.2337868015571,🟢 Healthy
2022-09-20,1018,3,132,0.1678893758991492,68,117,10,1.8531103402568392,72.72917935198093,11.75256954155732,950.9051331491146,9,1,0,957.5554569383407,🔴 Reorder Required
2022-09-21,1089,2,94,0.1000630978312226,104,167,8,3.2610168716518126,98.2249191310556,13.616393763172878,437.3706737828441,9,2,0,452.9498311102752,🔴 Reorder Required
2022-09-22,1066,4,133,0.3872951979925138,493,176,2,4.7558228989525375,28.916971166681343,15.066200617618978,2373.5376603502823,9,3,0,2374.0112528301534,🟡 High Cost Overstock
2022-09-23,1018,5,117,0.1444388835383962,264,160,5,3.536337773471397,56.95584384998096,20.15647988060909,990.54901604643,9,4,0,992.6497434040358,🟡 High Cost Overstock
2022-09-24,1019,3,118,0.1975356398783762,258,136,13,4.02306864613052,34.450924075802604,12.842267809150368,1072.4026347774766,9,5,1,1077.517328113527,🟡 High Cost Overstock
2022-09-25,1095,3,122,0.2191505326091173,70,123,6,2.1506454263996098,79.60292272812737,11.61226218722467,833.985736311783,9,6,1,813.5114087700033,🔴 Reorder Required
2022-09-26,1070,3,114,0.3241519440547074,331,115,5,1.7251446172300973,29.444711980945133,21.53757640519254,600.4675802841074,9,0,0,581.199902585828,🟡 High Cost Overstock
2022-09-27,1051,4,116,0.2591829109183077,298,178,6,2.544204844411801,39.18733987847117,21.99593341307313,797.360383513188,9,1,0,792.3512330341625,🟡 High Cost Overstock
2022-09-28,1032,1,123,0.3698695968092648,77,149,6,4.132097729202531,35.71247741192571,9.655319285867064,798.0286897104056,9,2,0,711.2664325531192,🔴 Reorder Required
2022-09-29,1039,1,113,0.122255463731481,472,159,3,2.5533483880575014,64.20158242935824,11.293436454226168,1269.3820215924989,9,3,0,1265.033369563195,🟡 High Cost Overstock
2022-09-30,1038,2,119,0.1495756777057758,466,124,11,4.310264339554374,89.85472736005059,21.50232741820177,2098.4379095923887,9,4,0,2105.3841708253835,🟡 High Cost Overstock
2022-10-01,1081,1,129,0.2996846014133066,345,171,11,4.949473913128072,60.88721609251348,6.588164885955297,1768.4557161216983,10,5,1,1792.1843630523283,🟡 High Cost Overstock
2022-10-02,1000,3,114,0.2347859151387319,260,184,3,0.8241199957865135,24.6594762217177,11.51693560781476,238.9306751262112,10,6,1,242.9759208504661,🟢 Healthy
2022-10-03,1010,3,97,0.2183253451005439,334,175,9,0.7043457023766666,65.07111444774651,13.967002140817224,300.3225790415531,10,0,0,303.0462496594219,🟢 Healthy
2022-10-04,1091,3,138,0.1268112316150091,69,105,3,1.1731536631101285,83.80167994544075,8.74143230401142,767.9081116768275,10,1,0,781.9440579886707,🔴 Reorder Required
2022-10-05,1056,2,121,0.4582876698992005,69,90,3,2.229663540804558,30.57249578434582,8.598283932213963,631.5300445749864,10,2,0,623.4561294093747,🔴 Reorder Required
2022-10-06,1088,3,115,0.3767274344500203,379,131,11,1.0896899411544458,25.81689714756734,13.497241160270574,438.8093848451023,10,3,0,440.06622877453015,🟢 Healthy
2022-10-07,1049,1,122,0.1486472627278597,445,104,14,4.417990149284401,35.02462220460552,20.090434494697117,2001.030238636164,10,4,0,2006.9925047850295,🟡 High Cost Overstock
2022-10-08,1022,4,103,0.1260183830948562,169,110,2,0.604158129621787,79.6869058257302,21.80465959095255,181.78962973181223,10,5,1,196.57401970892752,🟢 Healthy
2022-10-09,1030,4,150,0.4899490133724972,146,164,7,1.9210672235112012,67.33443356256012,24.584701850723462,446.1490555980894,10,6,1,456.0166344981412,🔴 Reorder Required
2022-10-10,1093,5,123,0.3724690201758019,169,124,10,1.3311258327239242,63.24757231693991,6.479681001834381,288.2078380472831,10,0,0,276.3004040409331,🟢 Healthy
2022-10-11,1041,1,122,0.2669824284374966,74,198,10,4.691926985708895,39.958391570541465,9.333644022919854,835.1759016131527,10,1,0,808.726465736674,🔴 Reorder Required
2022-10-12,1098,3,123,0.380692416302314,202,194,4,3.512664522005126,46.578927619748754,20.13259684768396,756.1371610647841,10,2,0,756.3952600859698,🟢 Healthy
2022-10-13,1006,4,117,0.4025327145920636,294,146,1,4.604136154031185,97.2708010354674,15.811974121113238,1450.8868303206357,10,3,0,1457.3275684974828,🟡 High Cost Overstock
2022-10-14,1015,1,125,0.4119848809555118,309,155,6,4.87547919639677,39.25001813835085,11.553595479248363,1545.7730898249529,10,4,0,1560.008814354407,🟡 High Cost Overstock
2022-10-15,1089,4,124,0.2911509222612231,53,194,5,2.736942096548161,92.13163386040708,9.11179322494487,884.1268839485455,10,5,1,947.4994635004493,🔴 Reorder Required
2022-10-16,1059,3,114,0.2719531032499392,442,119,14,1.554435986216118,66.44252035661893,10.60955103284896,753.5032262641431,10,6,1,739.3499810649886,🟡 High Cost Overstock
2022-10-17,1001,4,137,0.1044112337075601,192,125,11,1.3717795378846518,29.863717309699823,13.585779006019038,293.245388583553,10,0,0,306.9008618526109,🟢 Healthy
2022-10-18,1000,5,126,0.4706228460567352,331,133,2,1.5031348775862825,57.38499025240544,8.543024390120655,554.9226347334649,10,1,0,567.3999961720812,🟡 High Cost Overstock
2022-10-19,1047,5,109,0.3413231513555772,384,120,6,3.688669884299013,95.88389738887008,24.28451911753501,1512.333132959691,10,2,0,1505.241602462859,🟡 High Cost Overstock
2022-10-20,1011,4,119,0.1812615748759872,395,168,1,0.6820057765535033,53.485247850988685,7.151768891997488,322.8775295896225,10,3,0,318.22367943349974,🟢 Healthy
2022-10-21,1068,1,124,0.4678413677685746,269,199,3,0.731124828647217,89.07092518314899,24.711548689784383,285.74350408925034,10,4,0,293.68368242157345,🟢 Healthy
2022-10-22,1036,1,114,0.4659727607081185,376,160,4,3.236643240724175,40.51429557213662,21.83786572001345,1257.4921540844266,10,5,1,1260.215613534214,🟡 High Cost Overstock
2022-10-23,1031,1,110,0.4956736657464383,209,117,13,3.389257160318329,65.67377214402984,13.463032350274782,774.0285186505607,10,6,1,782.9998342738104,🟢 Healthy
2022-10-24,1008,4,110,0.4496226252555916,125,179,3,3.49368315945107,87.5081646561579,19.796326687764203,524.2185595875417,10,0,0,490.07876524238907,🔴 Reorder Required
2022-10-25,1098,1,118,0.4991137551280259,148,115,13,2.1734622706486606,93.65507529357563,18.43030487392772,415.32749134957743,10,1,0,404.45574489447813,🟢 Healthy
2022-10-26,1018,3,118,0.197874475249309,229,162,6,4.126751999213689,58.86586937210406,9.26573835897862,1003.8920771920388,10,2,0,1016.0280293999995,🟢 Healthy
2022-10-27,1047,5,135,0.4368998340796937,176,123,11,2.901310644769779,71.17504817163433,11.781401722378927,581.8057216511154,10,3,0,588.4832017825086,🟢 Healthy
2022-10-28,1079,3,121,0.4292113235183058,81,136,4,0.9745953350423876,20.23841046258648,15.262451256109156,709.6786828453861,10,4,0,726.3007669483998,🔴 Reorder Required
2022-10-29,1002,1,116,0.1923761436882935,314,145,14,4.086946881803053,40.25786460107117,17.756883597754538,1323.5591854872298,10,5,1,1317.8805351486753,🟡 High Cost Overstock
2022-10-30,1019,3,126,0.1393750196003963,383,160,1,4.788805038217062,42.29696829975566,15.85789962713243,1876.4092979368909,10,6,1,1869.1951435375338,🟡 High Cost Overstock
2022-10-31,1023,1,142,0.4917682054710398,62,109,5,0.770163408510614,27.479440932354464,14.459749220129476,1232.0095098703705,10,0,0,1238.5392329811953,🔴 Reorder Required
2022-11-01,1053,4,114,0.2184098206082441,489,190,5,2.2610810241526096,42.37560106855813,13.863045469098005,1148.0442218791843,11,1,0,1138.3313224750298,🟡 High Cost Overstock
2022-11-02,1032,3,110,0.4483567161871225,429,89,9,2.6938222017563644,45.68976264465113,14.96528998590036,1201.3394871981316,11,2,0,1223.9265062848608,🟡 High Cost Overstock
2022-11-03,1023,4,128,0.1016508618698415,477,178,8,1.1591184203524263,97.50128316545546,13.687030396919406,650.4007696735628,11,3,0,645.5915087619196,🟡 High Cost Overstock
2022-11-04,1074,4,116,0.1084099228878408,401,140,8,4.404690265022947,73.48819044486702,15.82660155091432,1839.7689867190688,11,4,0,1842.1001281267315,🟡 High Cost Overstock
2022-11-05,1071,2,125,0.2863485234785473,388,142,5,1.778673402005198,54.08040635330754,22.759705980933337,744.2056863313244,11,5,1,758.0373295247249,🟡 High Cost Overstock
2022-11-06,1035,1,131,0.1954858735740254,463,195,8,4.023538429721721,99.04435685564074,17.656586261092233,1961.9426498167973,11,6,1,1928.93700894697,🟡 High Cost Overstock
2022-11-07,1037,5,134,0.3759365133743857,449,115,14,3.519475169127422,32.2585856187689,19.452417499770803,1612.5029365569817,11,0,0,1617.537694800676,🟡 High Cost Overstock
2022-11-08,1083,1,144,0.3262257302271817,445,133,10,3.1912062011016054,58.084095514438765,16.94966267461553,1478.1708550046533,11,1,0,1473.7148511808232,🟡 High Cost Overstock
2022-11-09,1098,5,114,0.1309943189801966,251,176,7,1.3646428191344948,71.76497656392395,17.860353648280046,414.2903241666821,11,2,0,427.56422131519435,🟢 Healthy
2022-11-10,1088,1,117,0.1650513185262868,499,144,1,1.4931658424790757,24.44645075872616,16.566996568963603,769.536206155785,11,3,0,729.9332091687011,🟡 High Cost Overstock
2022-11-11,1098,4,118,0.2552197080233657,67,161,12,0.7130678213595619,77.3599086466495,5.537330443916464,407.5393053174798,11,4,0,464.07230208000476,🔴 Reorder Required
2022-11-12,1024,3,111,0.1742416255821732,446,83,7,1.5832059340201987,27.989388233759197,24.9919676440004,734.0992348067679,11,5,1,734.1127510605651,🟡 High Cost Overstock
2022-11-13,1092,3,113,0.4168889388975715,142,134,11,2.0544962425723137,31.222584687974155,5.672184804257934,322.96105113324273,11,6,1,303.70102174851695,🟢 Healthy
2022-11-14,1017,2,108,0.266428094221312,329,133,8,4.2491538673809135,32.775160996966726,12.902960164673074,1430.7467833652872,11,0,0,1412.6722556231662,🟡 High Cost Overstock
2022-11-15,1081,5,117,0.1373727467369997,407,190,3,2.148767000216624,94.31118613244142,7.102313565978669,968.8593552206074,11,1,0,1005.981727233779,🟡 High Cost Overstock
2022-11-16,1065,5,123,0.2937371609088499,445,170,9,3.895798022445229,74.65884361105341,6.938569008818649,1808.2889635991803,11,2,0,1802.1019415797562,🟡 High Cost Overstock
2022-11-17,1053,5,107,0.1363352724245656,365,168,8,2.477490265829694,72.43420008824833,20.87053903348967,976.7181471160866,11,3,0,985.6327794756355,🟡 High Cost Overstock
2022-11-18,1034,4,125,0.1515749221679269,109,143,2,4.031907403972498,64.43947971719936,13.51851558716154,720.2136361447862,11,4,0,725.6007253797839,🔴 Reorder Required
2022-11-19,1079,5,127,0.1958439328112821,263,198,6,4.89322220196668,43.42447989560823,21.0227741659753,1330.341919012845,11,5,1,1354.9431698123228,🟡 High Cost Overstock
2022-11-20,1060,3,120,0.4438110820989959,149,171,4,1.5792870112591104,69.6711763679481,10.45572941361663,304.9849410455556,11,6,1,298.72979369661317,🔴 Reorder Required
2022-11-21,1040,4,126,0.4698450129331888,50,196,3,4.380537253837442,52.81197759109119,10.129255836124695,1041.6622838284402,11,0,0,969.3990007625055,🔴 Reorder Required
2022-11-22,1099,1,120,0.4305030917328276,92,101,11,3.2982083883759863,31.63329200740919,10.024627636289242,615.7580375540988,11,1,0,610.023887386134,🔴 Reorder Required
2022-11-23,1032,5,127,0.2336308869671389,360,185,6,4.177824177148947,75.16778322621865,17.322912528158383,1579.1844869998397,11,2,0,1570.9261968071207,🟡 High Cost Overstock
2022-11-24,1067,5,130,0.2089785764435326,217,104,10,3.4321365602051235,30.366573434393818,21.299987796912,775.1402069989056,11,3,0,755.0951310598127,🟢 Healthy
2022-11-25,1032,1,119,0.3196622763160957,241,160,13,2.407772782733676,35.253486481693855,14.045220201504812,615.5267271205097,11,4,0,586.4729903992808,🟡 High Cost Overstock
2022-11-26,1013,5,116,0.3887412642132449,83,138,9,1.526337227488057,85.41594494780847,12.584977812821649,627.4062026524315,11,5,1,611.7236629238521,🔴 Reorder Required
2022-11-27,1020,1,126,0.49734911526407,83,136,2,0.8151585139902426,72.80936769001232,24.471591084032987,1192.7459409646208,11,6,1,1139.2211127207233,🔴 Reorder Required
2022-11-28,1047,4,134,0.1526282847515705,225,133,10,2.9098326400732266,70.4792923370914,7.335080720232776,725.1916363535673,11,0,0,764.4512475369686,🟢 Healthy
2022-11-29,1019,3,99,0.1197167996095217,466,123,10,4.956467425370895,53.456222747417925,14.732653640897851,2363.170042970255,11,1,0,2335.1299964581885,🟡 High Cost Overstock
2022-11-30,1007,1,117,0.3777423555981084,245,131,10,3.821188122563928,51.702441459149696,13.169755063628688,987.893531487312,11,2,0,946.5457511001985,🟡 High Cost Overstock
2022-12-01,1006,2,110,0.4328903134015622,207,155,5,1.9730549362955747,75.2210087348321,6.962531931737807,483.64338054801607,12,3,0,479.45039802524985,🟢 Healthy
2022-12-02,1066,1,122,0.4385395119465692,294,95,6,4.222421600390309,79.20044308872366,10.364007241764384,1320.5923936034744,12,4,0,1312.7654905227946,🟡 High Cost Overstock
2022-12-03,1016,5,113,0.3713854196308642,415,180,4,3.960428000793829,60.81705618914484,5.568824251582241,1704.394676518584,12,5,1,1687.6228009568715,🟡 High Cost Overstock
2022-12-04,1032,4,133,0.4816063216476748,389,95,7,1.7673610700905555,97.5415395478821,22.53908577965914,785.0449958131081,12,6,1,808.4582655604884,🟡 High Cost Overstock
2022-12-05,1047,4,109,0.3044019054178347,395,160,2,0.564383704074056,96.45596471350976,17.156990579808024,319.38752782276185,12,0,0,318.4444319022715,🟢 Healthy
2022-12-06,1075,1,113,0.465525919334485,384,134,7,1.0317318734027732,52.99435920102069,21.30036995740501,449.1793985876856,12,1,0,447.09739462337126,🟢 Healthy
2022-12-07,1058,3,119,0.4871248547966093,120,140,2,4.44787785640426,85.64978034265229,15.431089048059796,619.3951231111635,12,2,0,651.3859770437983,🔴 Reorder Required
2022-12-08,1085,2,108,0.4388629828012431,376,174,1,4.2645336588719225,63.46142732787322,16.990196588437886,1666.926083063716,12,3,0,1660.5102764399808,🟡 High Cost Overstock
2022-12-09,1021,4,142,0.2239034253034482,163,158,11,1.828440503952631,60.94047100457396,19.017089556183297,358.97627314885284,12,4,0,356.9866080889041,🟢 Healthy
2022-12-10,1029,5,119,0.1784862604681181,334,156,5,1.783379418279892,24.39712491029215,23.1602325492843,620.0458506157761,12,5,1,623.7993196179312,🟡 High Cost Overstock
2022-12-11,1037,5,103,0.3192480259927274,456,119,2,4.06789244196112,65.9179768374648,6.835037756516915,1920.8769303717356,12,6,1,1910.332860419366,🟡 High Cost Overstock
2022-12-12,1050,3,113,0.2812059001520753,467,170,8,4.719818614529399,92.04623444505316,11.61896789471454,2296.201527430282,12,0,0,2306.1165449492355,🟡 High Cost Overstock
2022-12-13,1053,4,91,0.4511033368770932,192,100,12,4.0061176555892,82.41070793560738,19.18052381400001,851.5852978087337,12,1,0,844.7685705946635,🟡 High Cost Overstock
2022-12-14,1007,1,129,0.1400126684268615,146,145,12,3.225104046638427,82.90537157594096,24.167011260027856,553.7705623851513,12,2,0,554.1516604173183,🟢 Healthy
2022-12-15,1026,5,119,0.2030960245246074,358,87,12,1.5920210764931204,32.79432308610714,24.61614856980011,602.7378684706442,12,3,0,604.0592733939529,🟡 High Cost Overstock
2022-12-16,1026,3,118,0.4007195778074834,450,185,8,2.865865613428673,48.67595577068509,17.76206018274525,1338.315481813588,12,4,0,1348.3631367916826,🟡 High Cost Overstock
2022-12-17,1097,4,130,0.1379946579909248,369,150,1,1.5508033636696907,38.65639333201887,8.871969555097346,610.9028345261347,12,5,1,613.0499551549544,🟡 High Cost Overstock
2022-12-18,1020,4,118,0.2283057656086801,261,89,4,4.136051390435481,45.27322259645088,7.384178228279135,1124.7826355001116,12,6,1,1144.1898537670365,🟡 High Cost Overstock
2022-12-19,1029,4,119,0.2548621576215932,366,136,14,2.241324857829817,66.36314747949802,23.92087288560851,886.6880454452112,12,0,0,870.9130688602128,🟡 High Cost Overstock
2022-12-20,1096,4,115,0.349037518625076,234,83,9,4.2516374764731175,49.18270506961983,13.678553789250149,1044.0658745643293,12,1,0,1051.5672474053094,🟡 High Cost Overstock
2022-12-21,1027,4,120,0.1632530582877458,254,122,5,2.217241480922264,64.85582539714129,8.896320665253697,628.0351615513963,12,2,0,637.178868980222,🟡 High Cost Overstock
2022-12-22,1063,5,113,0.4442417961398838,413,184,12,4.208672323399512,55.08009986196616,23.67785031555202,1793.2617694259643,12,3,0,1804.9654251621898,🟡 High Cost Overstock
2022-12-23,1096,3,106,0.2790168941865097,265,179,11,1.9999301682435888,42.92924467597821,7.090485431286238,572.9107392605292,12,4,0,569.6923904731212,🟡 High Cost Overstock
2022-12-24,1068,4,113,0.4668086847522226,295,178,10,2.4805971707795145,27.63227473641269,19.591421937141504,759.4084401163694,12,5,1,766.9234213241856,🟡 High Cost Overstock
2022-12-25,1060,2,97,0.2871479654535727,288,142,13,3.269697887041959,91.3470765875826,17.505260550866684,1033.0200680556668,12,6,1,1024.2432810578314,🟡 High Cost Overstock
2022-12-26,1047,2,101,0.2100161035762933,342,122,6,0.816294263134634,20.909869280371893,6.754693287617837,300.0825072724167,12,0,0,295.0244454915108,🟢 Healthy
2022-12-27,1018,3,118,0.1567315314750699,440,146,3,4.76693177816959,20.13219905135769,11.774975912788843,2117.582181445977,12,1,0,2135.90289371711,🟡 High Cost Overstock
2022-12-28,1003,1,112,0.1014980378845139,57,161,5,3.0812260375571143,86.14381918108367,7.998613790800213,701.6974618158509,12,2,0,669.4933852009369,🔴 Reorder Required
2022-12-29,1034,1,102,0.3128629939939342,127,130,14,2.78519006610861,99.7448752260632,17.089971850663225,453.4640136218567,12,3,0,444.3507715006072,🔴 Reorder Required
2022-12-30,1063,1,115,0.1428626787707693,373,189,12,4.277272870039605,78.1682262170925,14.542260633548576,1673.5910067418652,12,4,0,1670.1240220207924,🟡 High Cost Overstock
2022-12-31,1048,2,138,0.2566911054524713,326,135,13,4.395932284535724,21.22190704503078,5.08550249320982,1454.2958318036767,12,5,1,1449.951232557831,🟡 High Cost Overstock
2023-01-01,1016,1,102,0.3357087044948347,494,122,13,2.850171820380572,38.13521813348107,24.51421132567816,1446.1200974014837,1,6,1,1446.990720727485,🟡 High Cost Overstock
2023-01-02,1043,5,148,0.2102743587610801,251,103,13,4.672680466071368,97.74581602095692,11.991692997790809,1270.5886130048702,1,0,0,1274.8606642736906,🟢 Healthy
2023-01-03,1091,4,118,0.1700897169464461,263,175,1,0.7913199473441628,84.68834017390678,10.164087856741,292.8054863254216,1,1,0,285.3922113505649,🟢 Healthy
2023-01-04,1029,2,113,0.4098886490437367,143,113,8,1.0095160651304789,65.34398750437688,9.448859115882051,209.70478481803536,1,2,0,220.49856620541237,🟢 Healthy
2023-01-05,1092,3,121,0.4787164689126483,124,138,11,3.185547035064981,38.94885675522872,8.176317923471357,433.9566891032863,1,3,0,427.5792850057208,🔴 Reorder Required
2023-01-06,1045,3,133,0.1401761671447864,206,81,6,2.0932963780711265,21.14961647413992,24.9827415243302,452.368670356792,1,4,0,413.46993024536,🟢 Healthy
2023-01-07,1005,4,123,0.1622361297540031,202,81,12,2.589013247851395,21.66891781099272,10.902189357632096,544.6495938769746,1,5,1,548.5761079853985,🟢 Healthy
2023-01-08,1098,2,121,0.4840050629010874,491,89,2,1.976356480537249,68.95846908241813,13.110269944485632,1039.3495010262077,1,6,1,1029.9685217443928,🟡 High Cost Overstock
2023-01-09,1036,1,123,0.1151136887248985,191,102,4,2.3212639015022103,21.74655010819385,22.42711832356178,465.107955295116,1,0,0,456.69729691816633,🟢 Healthy
2023-01-10,1023,1,129,0.4910529346201889,127,94,4,4.201908562158348,99.49041135402982,17.837750070857563,668.8082988898551,1,1,0,667.0024560945153,🟢 Healthy
2023-01-11,1092,5,116,0.1018577932339955,371,197,9,3.170642899344371,34.67070667949905,12.37388823490545,1210.9792223362606,1,2,0,1219.8599546497,🟡 High Cost Overstock
2023-01-12,1045,5,118,0.4494674622605326,231,155,9,4.988050471775742,76.85658894954219,22.96656871847706,1229.0962479297386,1,3,0,1214.8482653681224,🟢 Healthy
2023-01-13,1052,1,119,0.2229300723950998,244,186,5,4.040956390194333,32.404777712993074,19.994484044272003,1018.3981369204104,1,4,0,1018.9701462557341,🟡 High Cost Overstock
2023-01-14,1094,3,122,0.4754355432709186,207,96,12,1.73149814345822,63.20747368781716,9.558010150833994,421.6275893836687,1,5,1,415.3973051894888,🟢 Healthy
2023-01-15,1098,3,131,0.2267781154542342,195,161,3,1.689553029770133,26.448903077297405,17.874779891998408,355.9117438824734,1,6,1,352.4477580246486,🟢 Healthy
2023-01-16,1059,5,110,0.3617225286136224,103,93,1,2.011542215526532,81.34227396265945,23.44796996584803,452.6669119228285,1,0,0,473.44892883795535,🟢 Healthy
2023-01-17,1096,4,112,0.1320130279063746,405,160,6,4.294667662914842,66.79368757798638,14.929217569008252,1806.1340910584972,1,1,0,1812.5528014848026,🟡 High Cost Overstock
2023-01-18,1062,1,125,0.1969319245814956,326,158,8,0.6227944279275452,26.8933354721132,19.672248056633343,229.9243189764929,1,2,0,235.10916903113716,🟢 Healthy
2023-01-19,1084,5,118,0.4094717385917003,358,155,1,1.5358157549206597,87.88689513600045,24.422074879783185,637.7089353975966,1,3,0,639.3571591806874,🟡 High Cost Overstock
2023-01-20,1031,5,122,0.3114743414715278,132,95,11,4.572132891549201,63.76148918213616,18.808282817904256,667.2830308666307,1,4,0,673.5699016327479,🟢 Healthy
2023-01-21,1086,1,106,0.4711876247148179,449,111,1,3.3795339623746337,93.72738480106544,7.048773795321612,1611.138133907276,1,5,1,1612.4966320580131,🟡 High Cost Overstock
2023-01-22,1032,1,134,0.2715005633365417,205,102,11,1.5208119297547538,93.329869894249,9.891191018625786,405.0963154939735,1,6,1,420.94475769583653,🟢 Healthy
2023-01-23,1066,3,127,0.4479249463255692,53,181,7,1.4861523570466115,93.6406231589266,16.90192874685298,1423.1494253495175,1,0,0,1295.9405353450798,🔴 Reorder Required
2023-01-24,1017,4,103,0.279582174991295,360,113,7,4.3817814579174375,26.22281601603744,10.511116307438122,1603.664140866315,1,1,0,1598.1644994602032,🟡 High Cost Overstock
2023-01-25,1024,4,117,0.4916993114807941,320,177,2,4.521908787246709,29.676620940361875,24.1508341077828,1476.6874328593087,1,2,0,1483.3801310926426,🟡 High Cost Overstock
2023-01-26,1094,1,147,0.4839337525595507,113,95,3,1.6525899093295189,99.01646477729584,13.107040680443475,731.3985076666096,1,3,0,659.378665809053,🟢 Healthy
2023-01-27,1053,2,115,0.2316546822224321,498,113,2,2.392296611344395,59.00806571189648,14.1446081146473,1250.3717781614052,1,4,0,1256.6142894140555,🟡 High Cost Overstock
2023-01-28,1057,5,114,0.4543694681667213,161,183,6,4.255680823827428,39.05712422633181,19.032041869402345,724.2217368625476,1,5,1,724.7272223591792,🔴 Reorder Required
2023-01-29,1066,5,126,0.4390445496862597,288,150,13,3.969533473744484,81.57315907989263,15.484994626837484,1224.798799518304,1,6,1,1223.7238630088652,🟡 High Cost Overstock
2023-01-30,1045,1,128,0.1842721589310251,193,112,13,4.16262247954738,41.14281769699856,12.642919337775368,844.528956249643,1,0,0,850.691190553527,🟢 Healthy
2023-01-31,1023,2,95,0.3497161603133079,423,147,8,2.83279185854586,78.17725504149138,6.532757503091576,1276.44821120639,1,1,0,1298.1351704743497,🟡 High Cost Overstock
2023-02-01,1031,3,115,0.1290729262359259,69,122,8,4.601970717373279,86.98286222798089,16.92891179015728,1183.248784073972,2,2,0,1172.0366683338586,🔴 Reorder Required
2023-02-02,1046,1,120,0.4346842882333847,113,143,1,1.9667819477949584,82.74107018362244,22.35160061588069,461.4486345956176,2,3,0,475.19937455962815,🔴 Reorder Required
2023-02-03,1085,1,109,0.1698183534013986,338,195,11,1.205024604563831,41.92382465583484,18.715248835201123,449.22214099840977,2,4,0,462.46552169307915,🟢 Healthy
2023-02-04,1022,5,118,0.1283258805543058,130,150,9,3.689295496541892,52.129485926338965,12.629900200939044,531.7379004767848,2,5,1,521.13497425249,🔴 Reorder Required
2023-02-05,1065,1,126,0.2600876382155245,246,97,11,2.927094872031033,53.06008025866211,7.554521292462589,773.1254187782963,2,6,1,777.2302763546622,🟢 Healthy
2023-02-06,1026,1,123,0.3307688554398574,431,147,8,4.345635959642665,59.30183344835775,21.32676373808488,1932.270932054346,2,0,0,1934.692320762205,🟡 High Cost Overstock
2023-02-07,1001,1,126,0.4419667834239084,118,192,9,0.8652166210612173,33.38982812321088,23.834967244624096,326.1651273654273,2,1,0,320.5554518519107,🔴 Reorder Required
2023-02-08,1089,5,123,0.4896970102086946,235,140,13,4.2966158154713,56.19760403314739,12.765459815925295,1065.902320668903,2,2,0,1068.196453780154,🟢 Healthy
2023-02-09,1016,3,110,0.2757970050279454,216,154,14,1.8198259394397,60.86263924123838,19.57284378368123,453.9450421602135,2,3,0,459.46333212462514,🟢 Healthy
2023-02-10,1032,3,119,0.124178769194108,254,186,13,3.446850502256824,62.53671972648419,13.215268797815114,938.0367472997174,2,4,0,938.0301875400844,🟡 High Cost Overstock
2023-02-11,1008,1,100,0.3996462316103483,213,99,9,0.680579550852151,85.59203439875665,15.045338777043987,230.55547873026484,2,5,1,232.126632530608,🟢 Healthy
2023-02-12,1042,5,115,0.326069302489575,143,90,11,3.243115833366203,61.38675987835961,21.729527612328194,525.1523240497266,2,6,1,507.6634566175292,🟢 Healthy
2023-02-13,1047,3,121,0.2791565379377853,298,158,12,3.727722601343012,38.46271380109401,6.668486844223072,1149.3240490013116,2,0,0,1186.0555509614856,🟡 High Cost Overstock
2023-02-14,1038,3,113,0.2237075515168758,117,125,6,2.1593759652752915,73.05029905953498,15.606706975734102,325.6972869967441,2,1,0,343.8392354366532,🔴 Reorder Required
2023-02-15,1092,3,110,0.3009594111374143,392,143,3,1.469348173679631,83.78513152693002,9.29240549342445,659.7696156093455,2,2,0,635.5639229107741,🟡 High Cost Overstock
2023-02-16,1041,5,127,0.2354718417828123,70,160,1,2.9193380447159525,45.54973331506094,11.796118909915249,922.2821743103468,2,3,0,940.1623192221233,🔴 Reorder Required
2023-02-17,1025,5,116,0.4028047470989441,368,177,11,4.249358619960409,71.62447432140841,17.888576492845484,1635.388446466839,2,4,0,1636.16733584714,🟡 High Cost Overstock
2023-02-18,1098,1,130,0.3175574785970564,134,193,8,1.9559631123349288,31.75503967568101,5.544568246736967,293.85409672856144,2,5,1,292.7877547414742,🔴 Reorder Required
2023-02-19,1049,4,99,0.4507391096616447,439,191,10,1.636111838845758,47.35410436624512,16.876501979463256,765.6072016195329,2,6,1,742.3819234107222,🟡 High Cost Overstock
2023-02-20,1024,3,112,0.3174175658597769,73,155,3,1.7552088888695945,92.73791436397072,10.668844789074994,636.9531100253758,2,0,0,662.1901854700666,🔴 Reorder Required
2023-02-21,1023,4,133,0.195304965335972,160,185,13,4.77109468812499,92.90465305300566,18.38968721616144,856.279803153004,2,1,0,812.1071671574987,🔴 Reorder Required
2023-02-22,1012,5,126,0.4404367528928578,486,107,7,2.1167461209405185,66.02596629944509,7.831627038261084,1094.764581076537,2,2,0,1124.122968101976,🟡 High Cost Overstock
2023-02-23,1059,5,98,0.3228876179720176,400,127,13,0.5162190794972923,76.18811686920853,19.71623207632357,282.67574866812544,2,3,0,292.23786403728667,🟢 Healthy
2023-02-24,1006,5,114,0.1827364152574245,132,114,10,4.017565435818289,88.3212332164753,17.912794395259564,618.6398707444895,2,4,0,617.327151096688,🟢 Healthy
2023-02-25,1056,4,129,0.3494031239824888,407,87,6,3.646736579009256,96.68425482501011,24.424836657607024,1580.9060424817774,2,5,1,1531.634737298832,🟡 High Cost Overstock
2023-02-26,1035,5,131,0.243086705976971,127,170,3,1.07855719071336,59.19091522318156,23.22470726516296,289.0665075044301,2,6,1,280.7798795885618,🔴 Reorder Required
2023-02-27,1044,1,118,0.4377622449168263,483,101,6,4.932069121107106,64.92605893008275,10.666057263994048,2447.115444424815,2,0,0,2412.73635542378,🟡 High Cost Overstock
2023-02-28,1019,5,110,0.2813198954586171,429,197,12,3.2362802838730005,53.25132533182642,5.546331454508739,1441.6155671133436,2,1,0,1476.5352207011051,🟡 High Cost Overstock
2023-03-01,1064,2,123,0.3905765432429667,189,103,3,2.7535077092327067,25.7585549645143,18.107371222235155,546.1715120094958,3,2,0,548.6051832954902,🟢 Healthy
2023-03-02,1007,4,107,0.1382144830544948,489,145,13,2.2199867043030097,53.82427779590547,17.05774778009345,1139.3977762000773,3,3,0,1141.3235042012955,🟡 High Cost Overstock
2023-03-03,1015,2,122,0.2584097385209385,425,174,13,4.544027400036371,83.25018715064617,5.548575375328921,2014.461832166104,3,4,0,1996.034435330757,🟡 High Cost Overstock
2023-03-04,1013,5,119,0.4932965745889595,320,165,14,1.5978356663835347,84.3908398393223,7.453550584051854,595.6982530820534,3,5,1,604.0849372009216,🟡 High Cost Overstock
2023-03-05,1075,1,122,0.4233841157908593,388,143,9,1.7859600509895583,91.39016916746398,16.69403409071971,784.3426689514126,3,6,1,798.5307856337862,🟡 High Cost Overstock
2023-03-06,1086,3,122,0.1639763209467714,473,144,13,1.050848630089551,24.117336414077528,23.23654528086984,521.1687384464351,3,0,0,525.5601151043164,🟡 High Cost Overstock
2023-03-07,1014,5,121,0.211105619790902,218,93,1,3.91603593012917,62.17236716645071,23.13000553026814,915.8681999346098,3,1,0,971.5106051512214,🟢 Healthy
2023-03-08,1091,1,111,0.2319263235425444,246,104,13,3.17997176182634,28.5939590349661,8.029701092241497,810.8670124442458,3,2,0,785.0065815795335,🟡 High Cost Overstock
2023-03-09,1097,4,114,0.3601462241981783,311,179,8,3.2407977616452426,36.05937465325947,12.691478928104992,1043.94747852493,3,3,0,1061.3578165312133,🟡 High Cost Overstock
2023-03-10,1065,2,120,0.4027979037958622,264,179,5,1.4831169395875865,92.01732019044852,5.86405728704348,483.5601922415713,3,4,0,457.6231822756073,🟢 Healthy
2023-03-11,1031,2,112,0.399810643523164,116,184,4,3.430257751071877,59.74330067437567,14.38543692725858,457.65319979871344,3,5,1,483.61860334995856,🔴 Reorder Required
2023-03-12,1086,2,134,0.3039496225225611,278,82,1,3.944563012610888,80.68359367172908,20.061669193464112,1177.272111177556,3,6,1,1169.7592457980265,🟡 High Cost Overstock
2023-03-13,1062,4,104,0.4243282151352605,210,84,9,2.1104983882656017,25.150728474294468,20.79945422731223,468.3553900100708,3,0,0,468.4855933733086,🟢 Healthy
2023-03-14,1085,1,131,0.27483123310299,476,144,13,4.106062147827705,53.34612031398816,14.97978933193146,2007.831702679976,3,1,0,1998.4598865708178,🟡 High Cost Overstock
2023-03-15,1050,4,104,0.1495522261182247,171,133,9,2.0695576483940945,73.93922245314701,6.917393494164368,427.8335803285372,3,2,0,426.37224297537904,🟢 Healthy
2023-03-16,1024,2,132,0.3257767366615253,198,98,13,3.9116230767917934,30.672518502257063,12.627279503631328,805.1738877070323,3,3,0,895.9431368840297,🟢 Healthy
2023-03-17,1057,5,125,0.4809205538404427,389,176,5,0.6517854835597354,46.06543032845465,23.64203919948729,299.6099834331917,3,4,0,291.4432425653219,🟢 Healthy
2023-03-18,1062,3,121,0.4171974605570046,242,185,14,2.980240706631437,25.16382440191066,9.592251130394294,746.3820754067185,3,5,1,762.0901023380189,🟢 Healthy
2023-03-19,1061,4,124,0.3314802590768969,280,133,11,4.86286952287949,72.10719526956083,11.39508899825453,1433.710661675818,3,6,1,1427.6801651487356,🟡 High Cost Overstock
2023-03-20,1021,4,118,0.3587222641396388,160,173,9,4.915600703070759,97.67130072464948,19.93654350926142,884.1674132159708,3,0,0,817.2525325329381,🔴 Reorder Required
2023-03-21,1057,1,121,0.472224810814229,194,155,10,1.7678866025378328,86.16363929142638,19.671615777718763,429.1336401837659,3,1,0,440.7457087314282,🟢 Healthy
2023-03-22,1057,1,126,0.2713371177739841,270,89,14,2.4862959098615995,97.96984934460524,23.244045760498647,769.2697450072371,3,2,0,787.2353449215553,🟡 High Cost Overstock
2023-03-23,1085,4,108,0.2325576555770549,441,177,9,0.7834005859398487,87.64838360787172,12.762373814407509,433.128042007345,3,3,0,426.84247509057406,🟢 Healthy
2023-03-24,1048,2,107,0.4908966260001796,113,95,7,4.430035884220699,88.41566449575829,15.291974477485825,589.0097194126972,3,4,0,600.7644861731538,🟢 Healthy
2023-03-25,1051,3,121,0.4453772534041333,175,183,8,3.0585746891309635,66.1741756297074,14.347849224409552,601.424746227626,3,5,1,602.1911577484273,🔴 Reorder Required
2023-03-26,1041,1,104,0.2292174338474409,267,125,1,2.2329530552323265,61.46018491305679,23.555043420449064,657.6586506600879,3,6,1,630.1199223984743,🟡 High Cost Overstock
2023-03-27,1069,2,134,0.2855122389443691,333,108,4,1.0074675132011888,52.500341314226205,20.386611776492696,387.9870232102221,3,0,0,409.0920289659493,🟢 Healthy
2023-03-28,1014,5,124,0.2660312516031196,403,94,10,4.760452784736001,85.44759160367039,21.628835596676964,2003.9100638522789,3,1,0,2032.7529067636156,🟡 High Cost Overstock
2023-03-29,1053,1,104,0.1596382714685735,446,127,10,2.885985715194472,34.56540898224197,7.661965376588218,1321.7150379589764,3,2,0,1329.3888705360082,🟡 High Cost Overstock
2023-03-30,1059,2,112,0.4831277295253037,285,90,4,1.7731756808730674,24.497993265935456,20.8369338573632,529.8530623147597,3,3,0,556.191431217637,🟡 High Cost Overstock
2023-03-31,1096,2,112,0.2617249724879035,62,187,12,2.075968085591793,95.831505814774,13.65957532114994,907.520293178962,3,4,0,895.7175821789023,🔴 Reorder Required
2023-04-01,1007,3,143,0.4501316330551632,471,113,9,1.7181373141496643,20.302254816278165,5.466773656612942,829.5449297807702,4,5,1,807.0400797912342,🟡 High Cost Overstock
2023-04-02,1052,3,132,0.175742491072266,202,115,3,3.208144139856413,98.14634575006816,6.201767054865693,746.1914620010635,4,6,1,737.7519836412495,🟢 Healthy
2023-04-03,1059,5,104,0.3191483242548879,288,109,12,4.684836091012294,78.30826958990127,18.55815879469689,1427.541063801442,4,0,0,1417.2760076584484,🟡 High Cost Overstock
2023-04-04,1004,2,112,0.1095845540497079,239,178,10,4.355122114969539,46.27991357582621,12.440248822919395,1087.154099053546,4,1,0,1090.1648902506215,🟡 High Cost Overstock
2023-04-05,1067,2,112,0.4056881935369234,200,152,10,2.571713939416899,75.82558744690482,22.36231146446961,590.1683753302846,4,2,0,597.140814996488,🟢 Healthy
2023-04-06,1005,3,140,0.3323655592985113,135,161,1,4.219247130354535,85.43001257481019,19.68546267751733,753.4556885602592,4,3,0,820.0102279243699,🔴 Reorder Required
2023-04-07,1095,1,126,0.3502358333879011,70,98,11,2.403974665743484,39.62896447891488,5.433600233339235,512.1888041479559,4,4,0,544.6812261261656,🔴 Reorder Required
2023-04-08,1093,1,159,0.1206883530218613,231,182,5,1.6353821334138712,81.67165466236655,18.73776623672004,459.4449274809708,4,5,1,476.1217380107946,🟢 Healthy
2023-04-09,1046,4,132,0.1844153320834461,368,147,7,4.925368018698926,84.34957000065921,8.847049454647124,1896.885000881864,4,6,1,1856.550693892932,🟡 High Cost Overstock
2023-04-10,1098,3,125,0.129732348941432,207,149,12,1.8674940558686983,39.94837041002764,13.451651374078242,426.5196399748482,4,0,0,417.0969212106818,🟢 Healthy
2023-04-11,1054,4,138,0.2155657263215247,416,194,4,1.956759039441088,23.354108350238683,17.494704042459254,837.3658687577312,4,1,0,838.5894296019846,🟡 High Cost Overstock
2023-04-12,1039,3,92,0.3509756030728604,125,112,9,4.95361790503935,36.32978276464782,22.45435682591385,655.5320208945665,4,2,0,660.8842878566956,🟢 Healthy
2023-04-13,1051,5,132,0.3264743937269501,378,175,6,1.102673719245447,36.05171271115155,14.121957767838785,452.8623785859305,4,3,0,444.56728167776924,🟢 Healthy
2023-04-14,1015,2,119,0.3448599286453561,465,159,6,3.922402946043628,25.21923633403865,21.169809083822688,1849.136606244325,4,4,0,1829.7885216741324,🟡 High Cost Overstock
2023-04-15,1012,5,118,0.3197005085511577,252,154,3,4.711157413172269,78.08059077241566,20.65931325601266,1265.2922588918275,4,5,1,1265.7403235727625,🟡 High Cost Overstock
2023-04-16,1029,3,140,0.2092115182703437,278,101,10,2.803077474239384,50.39799395667266,13.290770257025166,829.6535317952213,4,6,1,835.3309116525955,🟢 Healthy
2023-04-17,1018,2,114,0.1978029989377701,201,115,10,0.5113479276626902,90.75089339630868,15.019603268658058,193.53182685650935,4,0,0,213.2187975486373,🟢 Healthy
2023-04-18,1016,1,115,0.1548238734146325,312,193,5,2.187765248508978,40.17368845321488,19.009700200996264,722.7564459880159,4,1,0,708.3220477700609,🟡 High Cost Overstock
2023-04-19,1062,1,115,0.4396283499613969,121,102,10,1.0020604657317218,56.25857320799419,5.6229686929387945,177.50788956153252,4,2,0,199.0741619362291,🟢 Healthy
2023-04-20,1018,4,125,0.3465917434164978,274,142,6,2.3728444742016306,71.12139431414103,22.81622827598492,721.2807802453879,4,3,0,730.076108699515,🟡 High Cost Overstock
2023-04-21,1091,3,112,0.1746044050016239,434,105,14,4.055120427390281,90.19719597374224,20.39632318875387,1850.1194614611245,4,4,0,1846.336758164698,🟡 High Cost Overstock
2023-04-22,1057,3,105,0.1708837519284958,180,139,4,2.474201969977102,61.96968812954999,9.988317628046609,507.3260427254284,4,5,1,502.29255494609475,🟢 Healthy
2023-04-23,1054,1,134,0.4492142406104547,409,174,13,2.4436630460566517,49.881970224990624,24.623599063779512,1049.340156062161,4,6,1,1056.70611888425,🟡 High Cost Overstock
2023-04-24,1089,5,118,0.3970923455053278,77,172,3,3.00555264613481,89.36120627776072,8.587807051792375,672.8888491536284,4,0,0,625.2086398694315,🔴 Reorder Required
2023-04-25,1089,2,101,0.3637596319621485,348,84,5,3.117607631364561,44.819713975008845,23.28173347408804,1129.747169689876,4,1,0,1121.736357139888,🟡 High Cost Overstock
2023-04-26,1061,5,131,0.2627456430157199,146,133,7,4.353333389595371,26.35389597060612,11.489469166462223,661.9405708515303,4,2,0,665.9298718947225,🟢 Healthy
2023-04-27,1022,5,117,0.204790225711407,95,117,11,1.8875994765302817,55.6033686008192,20.26293420328272,680.7098713434157,4,3,0,680.1399523199618,🔴 Reorder Required
2023-04-28,1008,1,135,0.4917803052451295,50,141,6,4.197520689656072,82.80746451983936,14.127531864958902,1493.5237075241496,4,4,0,1476.5081289195182,🔴 Reorder Required
2023-04-29,1011,1,122,0.4188958300091201,215,104,2,3.0467018691142127,22.462466540281845,19.72934774900004,677.5033683998375,4,5,1,677.9873549369643,🟢 Healthy
2023-04-30,1000,1,131,0.2207116892545106,294,177,1,1.852382973727161,66.87057959916737,8.115660958787325,611.4711738749528,4,6,1,624.2821315479813,🟡 High Cost Overstock
2023-05-01,1057,4,118,0.4390259185113979,268,91,5,1.828067198027347,67.55712388217889,10.390129167729656,557.4791329535079,5,0,0,600.5383293367844,🟡 High Cost Overstock
2023-05-02,1000,5,121,0.4035727794458726,151,101,5,2.1251188269757604,94.28334107419052,6.9971564894405125,415.1762839475304,5,1,0,413.09730763282096,🟢 Healthy
2023-05-03,1033,3,129,0.2188322199511993,340,88,12,3.30211959178989,42.91718537160175,22.302879628756063,1165.6378465801645,5,2,0,1178.7559819682829,🟡 High Cost Overstock
2023-05-04,1095,2,109,0.2706211416966558,253,163,12,1.5386527911197712,42.306929056855694,10.925859755389986,431.58608521015776,5,3,0,433.348611112501,🟢 Healthy
2023-05-05,1047,4,109,0.1743813781564106,251,108,6,4.641501027525203,55.23869210717425,18.889524588333263,1220.2554500160004,5,4,0,1221.0230839289366,🟡 High Cost Overstock
2023-05-06,1088,3,123,0.1444209777512437,103,123,3,3.0871066288005515,48.55319211772121,21.404423954830563,794.6136539807892,5,5,1,800.0328384586273,🔴 Reorder Required
2023-05-07,1000,5,122,0.3891048131358787,329,172,1,4.640070996482031,78.90766901514614,23.02836472758692,1605.4910268577344,5,6,1,1609.1716776607918,🟡 High Cost Overstock
2023-05-08,1015,1,114,0.2070047429415466,461,188,4,0.7088196136061962,71.34016617052396,7.125942306234356,398.1060080429804,5,0,0,398.137993292707,🟢 Healthy
2023-05-09,1060,5,123,0.4280237462985015,327,106,4,2.0417511670766304,80.71368303250131,22.86029867025225,748.3663146665594,5,1,0,741.2181142722234,🟡 High Cost Overstock
2023-05-10,1063,2,124,0.4982434846057705,65,197,10,0.6026344730943038,85.60334329589513,8.94505555461439,652.5328617692738,5,2,0,650.0146540785272,🔴 Reorder Required
2023-05-11,1062,4,128,0.1306479255718594,62,134,2,1.725133167940864,93.8384906187318,19.738040231819237,1503.507402331135,5,3,0,1440.5272382007633,🔴 Reorder Required
2023-05-12,1068,4,110,0.2892140500334801,405,160,14,4.379029125208646,54.47493854277181,19.576980387292224,1827.981734252273,5,4,0,1850.5564122837427,🟡 High Cost Overstock
2023-05-13,1021,2,105,0.4208250237243213,405,84,8,0.6647437212899039,98.77579115772396,5.170062834819085,367.9969982801351,5,5,1,356.7256049431903,🟢 Healthy
2023-05-14,1092,3,126,0.4155803586164934,367,131,6,2.462661949620852,37.25286507229222,9.412478166205084,941.0498005831448,5,6,1,959.3847867882254,🟡 High Cost Overstock
2023-05-15,1066,3,109,0.4039988633323874,476,188,12,1.029051817129525,77.14921295578628,14.838170293297344,566.9778779094403,5,0,0,572.552886035066,🟡 High Cost Overstock
2023-05-16,1075,4,131,0.2395979741207644,136,92,3,2.375782966671655,62.72074538457514,13.400694133265642,385.8272288519202,5,1,0,413.7328571143175,🟢 Healthy
2023-05-17,1025,4,124,0.2815413022740209,127,121,1,4.274832129189698,85.35204757479067,23.37146959769219,628.2557279818823,5,2,0,647.8365498750937,🟢 Healthy
2023-05-18,1015,1,127,0.3379873429365881,465,94,12,3.303819650311336,58.14164164851408,12.194817390050464,1594.4177790432852,5,3,0,1613.1072748515894,🟡 High Cost Overstock
2023-05-19,1050,3,97,0.4895762334293029,116,158,11,3.8154035539914046,82.7150908289945,23.739674296719247,525.3019030919975,5,4,0,499.5162137085891,🔴 Reorder Required
2023-05-20,1085,2,133,0.2310189083753971,396,97,3,2.0709685195231144,94.41349717181424,14.188586367850622,914.5170309029676,5,5,1,933.4465269303691,🟡 High Cost Overstock
2023-05-21,1056,3,124,0.4692575550867431,260,129,8,4.749789627545637,78.58354129120698,24.287057932803314,1313.5288444530725,5,6,1,1322.737342895089,🟡 High Cost Overstock
2023-05-22,1028,1,147,0.2077427672721976,263,81,4,3.691679422007751,82.08754289746594,19.747096200497225,1052.9992308855044,5,0,0,1092.256695946398,🟢 Healthy
2023-05-23,1077,4,122,0.4956297861894818,234,166,3,2.398094686780389,25.37403450126849,21.58669183264312,586.5281912078796,5,1,0,556.2143059325089,🟢 Healthy
2023-05-24,1091,4,127,0.3681054747310367,498,186,13,2.419091601021747,36.39661297858245,7.09753776698002,1241.1042302874123,5,2,0,1243.161323192532,🟡 High Cost Overstock
2023-05-25,1068,1,111,0.2854045921434204,482,92,11,4.634078800744839,97.94429924028748,16.722828664847356,2331.5702811993,5,3,0,2331.754513540709,🟡 High Cost Overstock
2023-05-26,1046,2,138,0.3453561712254419,82,186,4,3.093821120459263,75.45496030299155,7.854007196587016,768.9726951895241,5,4,0,777.0600330746396,🔴 Reorder Required
2023-05-27,1093,4,107,0.2090124676160827,164,147,11,3.678706444563688,64.91592138488036,10.95242004101948,668.2237782933252,5,5,1,662.4846727991641,🟢 Healthy
2023-05-28,1061,5,120,0.2096695430045866,324,126,4,2.376658510309269,49.358109871716,17.47130812334536,819.395467211919,5,6,1,792.7409611985261,🟡 High Cost Overstock
2023-05-29,1068,4,107,0.1454218175373975,469,197,2,1.5066174414412137,23.551120096553436,19.524514093877816,730.1547001324825,5,0,0,726.8404307581957,🟡 High Cost Overstock
2023-05-30,1075,5,111,0.1456201190821595,247,198,4,3.756016813974884,49.5308726371308,5.783675640225017,977.267025688927,5,1,0,936.5869305946165,🟡 High Cost Overstock
2023-05-31,1015,1,126,0.2390686965875645,429,168,11,3.2352069746362453,59.91302986316608,15.618874621447294,1447.8168219821152,5,2,0,1463.6397681916337,🟡 High Cost Overstock
2023-06-01,1089,1,129,0.4051421911585486,192,154,12,2.756042961911507,36.91676075095094,16.30627972579773,566.0770094379603,6,3,0,573.9418797203978,🟢 Healthy
2023-06-02,1089,4,118,0.343188467039265,277,129,9,3.3080942299750875,33.850943301906604,6.576559942204023,950.1930450050058,6,4,0,952.3410808740927,🟡 High Cost Overstock
2023-06-03,1047,3,113,0.1410338241324083,169,191,4,1.4372851372890514,60.67332410860135,15.01376068401527,303.57451231045104,6,5,1,296.4212733591416,🔴 Reorder Required
2023-06-04,1084,5,122,0.4408946099903644,402,185,12,4.072724179393804,66.8723388502035,19.27684560099653,1704.1074589665127,6,6,1,1709.7655758164242,🟡 High Cost Overstock
2023-06-05,1038,2,138,0.3405470507960265,73,91,1,4.766732622591376,39.19343350836199,6.064545697510619,781.3603852957226,6,0,0,772.2171076129991,🔴 Reorder Required
2023-06-06,1099,4,136,0.4843422307139119,76,92,1,4.509964148754662,66.99115795649703,20.20535552647924,1622.0697648506057,6,1,0,1577.0252278931935,🔴 Reorder Required
2023-06-07,1032,2,125,0.368074186964483,482,88,1,1.946460853881577,92.0271971099436,16.528530098082737,1030.2213286808635,6,2,0,1014.9228819338814,🟡 High Cost Overstock
2023-06-08,1093,4,118,0.1700699454816724,124,138,14,2.3270259797693416,57.8538606417083,21.664544165435817,346.40508213310665,6,3,0,365.96609140645387,🔴 Reorder Required
2023-06-09,1022,3,126,0.2895133449231289,290,196,5,4.137810349089025,88.59121356697452,9.361251457081398,1288.5562148027918,6,4,0,1285.8263937599072,🟡 High Cost Overstock
2023-06-10,1009,3,109,0.3593990390188817,72,124,6,3.178027088710717,94.18171556266547,21.66547368426237,1124.6221922675447,6,5,1,1149.529366148118,🔴 Reorder Required
2023-06-11,1068,3,103,0.111305880419991,210,181,12,2.9656149965449217,27.391522314966856,6.89121950534936,650.1706715894004,6,6,1,660.7661104634549,🟡 High Cost Overstock
2023-06-12,1099,3,104,0.1059641056619231,90,149,6,4.669888853900504,27.66492637254376,13.076593928893429,631.0272382280971,6,0,0,678.4097582045566,🔴 Reorder Required
2023-06-13,1033,1,130,0.1517612002394271,287,186,6,2.9121123243967286,58.08353463100811,8.98969583049297,893.8597717328693,6,1,0,913.3698887939485,🟡 High Cost Overstock
2023-06-14,1051,1,106,0.2006657740181883,288,194,9,2.8172240581428944,67.0481955454162,22.520416645817484,878.4087242905698,6,2,0,874.1095440012882,🟡 High Cost Overstock
2023-06-15,1094,5,109,0.2718196494082702,105,122,1,0.6890836606986184,54.07067715720234,19.09839632603548,202.8180468346992,6,3,0,215.63701130173203,🔴 Reorder Required
2023-06-16,1009,2,131,0.2949761895039153,462,153,10,0.8123763136556194,46.11606163340024,5.507235543214564,421.4339185422964,6,4,0,413.61454256759873,🟢 Healthy
2023-06-17,1018,4,125,0.1552110435751587,464,102,6,0.5333913854629257,71.27952929009247,5.190467112279123,318.77313214489004,6,5,1,358.2508197961649,🟢 Healthy
2023-06-18,1057,4,126,0.3693566316463323,498,158,13,4.609599016026351,20.16652098799362,10.824985089633394,2315.746830969116,6,6,1,2296.955071621519,🟡 High Cost Overstock
2023-06-19,1095,1,124,0.3384552246786139,147,124,8,2.337739970079653,97.4458624690994,7.865662285611307,441.0936380708084,6,0,0,431.0152642556007,🟢 Healthy
2023-06-20,1000,4,136,0.2177856395364641,195,102,8,2.6085261926003565,38.56632705504177,17.606089551203915,547.2289346121113,6,1,0,554.517235917721,🟢 Healthy
2023-06-21,1068,1,108,0.1054639533741168,311,183,12,4.304241264166079,93.36790148664056,18.2759386776512,1431.986934642291,6,2,0,1440.7989237083577,🟡 High Cost Overstock
2023-06-22,1003,5,111,0.1310591661413163,485,180,3,3.2416083966910008,28.72117956276048,23.83901807322735,1600.9012519578955,6,3,0,1599.962186872763,🟡 High Cost Overstock
2023-06-23,1015,2,104,0.2566779102043358,89,113,13,3.242757183757615,39.04697456356581,24.040798490916817,688.2643412817458,6,4,0,691.4339394173958,🔴 Reorder Required
2023-06-24,1023,5,138,0.1615897404662735,242,95,5,1.834404932096656,38.78989608700003,18.177934108226918,482.7158896543908,6,5,1,476.31868028263494,🟢 Healthy
2023-06-25,1079,3,124,0.2507278424591883,288,142,10,4.252587682660336,99.69223233605167,5.113502257054174,1324.4374849422284,6,6,1,1329.7309352256884,🟡 High Cost Overstock
2023-06-26,1001,3,118,0.3512730418041421,91,188,4,1.246234892177722,20.368043658070757,12.179958331392289,462.6342937938352,6,0,0,454.78146685209936,🔴 Reorder Required
2023-06-27,1091,3,142,0.3188949711517134,271,130,12,0.7391731647782656,71.17105674427967,15.262830264945324,271.4869843991896,6,1,0,273.81519214821486,🟢 Healthy
2023-06-28,1031,5,135,0.1924703532549577,245,184,1,1.3622151088333954,89.57492648486823,14.983595130169318,423.3176281490501,6,2,0,428.7570063682783,🟢 Healthy
2023-06-29,1090,4,112,0.2375289965035009,337,190,9,1.704817484485541,73.78189232197894,17.066812590044535,648.3053845936063,6,3,0,625.2275113692766,🟡 High Cost Overstock
2023-06-30,1083,2,112,0.3456124793794602,59,111,5,1.7703997603439303,49.01870545735554,24.21102965609521,1436.6568630906936,6,4,0,1431.6659139376814,🔴 Reorder Required
2023-07-01,1023,3,124,0.4443420112173795,284,117,2,3.517311193784454,96.6647490162348,22.70385383910308,1095.5811280510195,7,5,1,1077.854418326023,🟡 High Cost Overstock
2023-07-02,1011,3,112,0.4012853754955509,374,183,12,1.480210642978896,91.48166036712328,7.178160669009765,645.0804408412304,7,6,1,617.5620540937704,🟡 High Cost Overstock
2023-07-03,1049,3,124,0.3213600107333659,314,135,2,3.5449623702274304,54.71639361996142,10.319607827867864,1167.834577871375,7,0,0,1175.6978859581807,🟡 High Cost Overstock
2023-07-04,1034,2,132,0.2449171993265945,118,189,11,0.9100947795520988,65.86627940889308,21.662188348392725,476.5281002735389,7,1,0,457.9592187314936,🔴 Reorder Required
2023-07-05,1032,3,125,0.2460205110167221,494,148,7,1.1624110749405907,97.40153502441926,21.486138176384134,671.632606045071,7,2,0,664.4658604524035,🟡 High Cost Overstock
2023-07-06,1032,2,123,0.4517669241057584,188,96,4,2.7896965182094773,98.6048289541176,10.507414482433418,623.0677743774993,7,3,0,616.9013013122773,🟢 Healthy
2023-07-07,1060,3,112,0.1156974304162185,404,165,1,4.648531111594892,55.98586205743618,19.61176061372239,1933.9924311417724,7,4,0,1944.982641515601,🟡 High Cost Overstock
2023-07-08,1050,5,112,0.4951930577681044,268,118,5,4.368054149650012,87.78800225144708,18.440747574357147,1258.4265143576504,7,5,1,1265.0083507156826,🟡 High Cost Overstock
2023-07-09,1042,5,120,0.3657501643406249,245,120,2,4.859390490992614,44.15841815631491,14.47047929939923,1234.709088449505,7,6,1,1194.5560993082463,🟡 High Cost Overstock
2023-07-10,1011,2,150,0.3724550796289562,123,127,7,3.427155793751769,49.74502983445318,9.029099053580588,715.0708669125967,7,0,0,653.7224039377985,🔴 Reorder Required
2023-07-11,1066,5,113,0.1151991349218968,152,161,9,3.541166898872414,33.1857506392181,22.772863617881725,571.443119267825,7,1,0,567.918134761952,🔴 Reorder Required
2023-07-12,1064,2,112,0.3422117099565088,274,107,13,3.312603495191714,36.734767422138425,18.55702368613669,944.388125104668,7,2,0,942.9918957462095,🟡 High Cost Overstock
2023-07-13,1032,5,116,0.2939112240361788,172,156,1,3.302685152861888,72.54986418074871,8.379858497567493,640.6117104729934,7,3,0,655.9158000814589,🟢 Healthy
2023-07-14,1039,5,124,0.1423115627576268,151,129,12,1.1620415528041308,60.86252944056647,19.096046896817214,236.33080391399025,7,4,0,238.4234542947968,🟢 Healthy
2023-07-15,1073,2,131,0.2111688043077436,313,185,2,2.946825302737679,38.49054885004823,19.8286743915396,960.8468686069416,7,5,1,968.3805598642722,🟡 High Cost Overstock
2023-07-16,1042,4,100,0.4561257824854605,482,80,11,2.237305700532766,52.232769308932205,22.73760570242081,1130.614116965725,7,6,1,1139.1601034379376,🟡 High Cost Overstock
2023-07-17,1043,5,105,0.3199953663463811,457,196,6,2.4914174709978205,49.85467678909454,9.456785104838698,1188.4324610350986,7,0,0,1194.9573383158877,🟡 High Cost Overstock
2023-07-18,1028,3,140,0.2653666300695635,210,129,8,2.856202578766568,98.98881636282674,24.77508210826813,698.791357903806,7,1,0,706.5531526737838,🟢 Healthy
2023-07-19,1012,4,133,0.1290728623363244,282,98,7,1.0777827731101322,88.28526697691035,8.067868450538425,392.2200089939676,7,2,0,389.62603887428577,🟢 Healthy
2023-07-20,1011,2,127,0.3856486109609223,324,177,9,2.1176948023345394,51.03730667070594,17.01377783719166,737.1704226270966,7,3,0,731.5809918515454,🟡 High Cost Overstock
2023-07-21,1094,4,108,0.381140329358413,307,138,14,0.7855230239447162,93.11332631168264,18.14353010546957,334.2688946627105,7,4,0,322.8907804302533,🟢 Healthy
2023-07-22,1045,1,124,0.3456174427890254,360,147,2,4.908506586900796,47.41083133025369,13.379057905317213,1814.47320261454,7,5,1,1796.910072934132,🟡 High Cost Overstock
2023-07-23,1001,1,115,0.3041050584882597,188,186,12,1.0333761296905677,73.43212101878876,14.500754175407732,267.7068334006155,7,6,1,283.202382563125,🟢 Healthy
2023-07-24,1034,5,131,0.2735137608829491,276,146,9,1.6633613234522953,97.331999734569,22.818201934442747,556.4197250074025,7,0,0,563.1945332727291,🟡 High Cost Overstock
2023-07-25,1086,5,130,0.3373084371951969,322,120,4,4.510818170165288,51.22230911908418,17.90548459330924,1503.7057599123068,7,1,0,1501.3847948382631,🟡 High Cost Overstock
2023-07-26,1080,3,135,0.1933581806913626,475,89,11,2.672195208076138,74.3907972083947,14.940019164693725,1343.6835210445602,7,2,0,1339.2899098712696,🟡 High Cost Overstock
2023-07-27,1089,4,123,0.4765036256710591,366,107,3,1.1103674068428364,43.67390488501066,7.566991248670494,450.0683757894888,7,3,0,454.2407783835982,🟢 Healthy
2023-07-28,1007,1,117,0.3355178116720918,436,113,7,2.22903742117707,41.30498524783797,5.146752504462693,1013.1653008810404,7,4,0,1012.2925693544314,🟡 High Cost Overstock
2023-07-29,1092,5,103,0.2244769777417506,135,118,5,1.0214059738612362,65.93253331452416,7.499372363036669,203.82233978579103,7,5,1,173.1139917572233,🟢 Healthy
2023-07-30,1025,4,134,0.2798719403540629,340,190,13,1.400971986880258,98.34116784265746,24.12369134953011,574.6716433819452,7,6,1,591.769495155176,🟡 High Cost Overstock
2023-07-31,1073,5,110,0.422273915550757,266,162,5,0.7341343112743026,56.2507078976136,20.281735659826616,251.53043469657808,7,0,0,259.23625971290676,🟢 Healthy
2023-08-01,1089,5,114,0.1646464242921189,408,185,12,2.4720237254709496,95.01095762532644,24.342326550204955,1103.5966376174738,8,1,0,1108.2233216088848,🟡 High Cost Overstock
2023-08-02,1033,1,133,0.2171342489841041,115,135,13,4.129862547763669,93.14908161958093,5.714174194163437,670.9384101073447,8,2,0,677.4817561038872,🔴 Reorder Required
2023-08-03,1006,1,117,0.3718032090946221,306,131,2,3.1368613041495297,40.30100898759958,18.604408077172785,1000.1805680573556,8,3,0,981.1409630895835,🟡 High Cost Overstock
2023-08-04,1067,5,106,0.2261956825928895,184,189,6,3.228553874680753,52.14555256674619,5.885870528068359,646.1994655080048,8,4,0,642.7275043354514,🔴 Reorder Required
2023-08-05,1057,2,119,0.4170006727445864,453,179,6,1.4026281353745815,71.46419827953466,20.641129377376465,706.8547436042201,8,5,1,736.9544060592118,🟡 High Cost Overstock
2023-08-06,1074,5,127,0.1521813948709443,476,186,12,2.047522294635649,61.44367075291133,12.619003454703886,1036.0642829994804,8,6,1,1029.3385560001643,🟡 High Cost Overstock
2023-08-07,1028,5,128,0.4050744681818434,424,82,4,4.303589467283744,27.676682389053944,6.915307202129897,1852.3986165173608,8,0,0,1847.0807388249702,🟡 High Cost Overstock
2023-08-08,1035,3,131,0.1273406859402265,439,102,5,0.8953528294693154,99.49584241017266,16.360932835750305,492.5557345472021,8,1,0,481.47855783641165,🟢 Healthy
2023-08-09,1088,3,110,0.1050370450669979,104,96,7,4.360687941508402,80.2123200969024,10.602403932027762,597.3382896059428,8,2,0,612.8733400037042,🟢 Healthy
2023-08-10,1020,3,124,0.4592894075328648,405,150,14,2.676605118191535,55.01552305797694,18.19147883743637,1139.0405959255486,8,3,0,1153.4316369319095,🟡 High Cost Overstock
2023-08-11,1035,2,117,0.3325356867729194,292,105,8,4.267163440963028,69.4534839733033,18.163495190275807,1315.465208734507,8,4,0,1329.9449339052321,🟡 High Cost Overstock
2023-08-12,1009,2,134,0.2407307588347246,301,186,6,1.9310288872748016,27.005825381298408,19.100149482415056,608.2455204510137,8,5,1,611.7840390947222,🟡 High Cost Overstock
2023-08-13,1072,5,118,0.1930378547855401,70,97,5,2.0247932821235937,59.6241322951688,24.84930157555518,1394.126137670469,8,6,1,1438.926531130171,🔴 Reorder Required
2023-08-14,1023,3,110,0.3467543133043265,356,189,12,3.8822219074541424,94.46659326539904,12.733954198948108,1476.5375923190738,8,0,0,1480.8372341508373,🟡 High Cost Overstock
2023-08-15,1063,2,119,0.3036008734146953,479,125,3,4.03248278026499,91.72807664439829,14.306309489702018,2023.2873283913289,8,1,0,2023.8113955397102,🟡 High Cost Overstock
2023-08-16,1098,1,122,0.4966391102119941,212,149,7,1.5334010509556604,46.99046763865165,21.09223402050681,372.0714904412516,8,2,0,374.9741791157877,🟢 Healthy
2023-08-17,1048,5,131,0.4932863946614984,405,110,8,4.877920961698575,62.50942910570711,16.567400460437707,2038.0674185936296,8,3,0,2049.8933105455253,🟡 High Cost Overstock
2023-08-18,1098,4,127,0.3540098264566439,313,172,3,0.8802054691017303,75.79068192701175,5.745144213755992,351.29499375585334,8,4,0,348.1303538631182,🟢 Healthy
2023-08-19,1035,5,120,0.2771482024423562,117,88,5,0.808263333959589,47.20074135263243,21.86157040519713,207.3522626414957,8,5,1,217.5769001554548,🟢 Healthy
2023-08-20,1081,4,119,0.2964563876538648,156,197,11,3.1797689687874624,25.19033744751508,6.029973638760819,521.2342965783592,8,6,1,493.46539968987935,🔴 Reorder Required
2023-08-21,1095,3,138,0.3729916264947448,449,114,2,3.752333454972296,60.43533253742438,8.416402729835685,1745.2330538199851,8,0,0,1736.403466820636,🟡 High Cost Overstock
2023-08-22,1023,4,145,0.1406298176941525,116,160,10,4.823987581512382,68.13085886586691,7.041599339483744,831.9197991663318,8,1,0,847.4306386858784,🔴 Reorder Required
2023-08-23,1022,3,124,0.2313408295242872,248,139,10,2.322256013594877,20.46732800972082,6.558542657622404,596.3868193812503,8,2,0,611.4064284927971,🟢 Healthy
2023-08-24,1061,1,106,0.1301088964014415,241,155,12,0.613811340453349,27.64602988308245,5.513697506094204,175.57456293233952,8,3,0,176.26100883174186,🟢 Healthy
2023-08-25,1095,4,103,0.1293443038067678,51,142,4,3.2130335275088315,36.58325148753218,6.100554279447348,517.6767839217447,8,4,0,751.3835667106687,🔴 Reorder Required
2023-08-26,1036,5,118,0.1783356967576935,306,179,12,1.803632092694473,47.84418295927473,13.8487837835762,599.7556033237835,8,5,1,628.9624091571669,🟡 High Cost Overstock
2023-08-27,1011,3,110,0.2941013018372908,491,131,4,2.44826204537931,63.28409782644643,10.057045399652278,1265.3807621076876,8,6,1,1269.1671815158754,🟡 High Cost Overstock
2023-08-28,1054,5,117,0.4139097284651157,50,127,12,2.6981126701247087,43.50743350077322,7.530737668376375,682.9724907882257,8,0,0,785.4501950039703,🔴 Reorder Required
2023-08-29,1012,2,127,0.294198356466349,407,140,13,0.7903067483211522,42.0947051525203,18.17411085453052,363.74955171922926,8,1,0,381.3253208909113,🟢 Healthy
2023-08-30,1022,3,120,0.2341906442243479,164,103,8,2.686918030538463,89.54794750504655,9.52223821268517,530.2025045133545,8,2,0,524.1717099771372,🟢 Healthy
2023-08-31,1088,4,113,0.1329411961347032,440,153,3,2.418438500619416,31.6040512641141,5.3789831068961895,1095.7169915366574,8,3,0,1098.6621645372034,🟡 High Cost Overstock
2023-09-01,1098,3,108,0.3201182092732518,137,137,5,3.706449193789669,59.63681065378882,13.368395675346552,567.4203502029735,9,4,0,549.2423849925726,🔴 Reorder Required
2023-09-02,1029,5,111,0.2085074345932707,246,143,11,3.405496600455551,96.22597735489089,11.208659839566105,933.9781410669564,9,5,1,924.2814028065626,🟡 High Cost Overstock
2023-09-03,1016,1,129,0.3459736711668589,141,109,5,1.3334707316775247,70.00105992928367,11.372088626929855,258.02043309581467,9,6,1,268.63522120991223,🟢 Healthy
2023-09-04,1061,3,124,0.4908750956529674,323,108,2,1.4276251319467863,77.37643839155508,13.905400563631227,538.499356010367,9,0,0,541.7577212138992,🟡 High Cost Overstock
2023-09-05,1083,4,101,0.1445257285910201,393,182,9,1.6295278044846797,54.49895931124857,18.378278544685557,694.9033864737277,9,1,0,660.6760145266852,🟡 High Cost Overstock
2023-09-06,1088,2,116,0.1848501594887759,209,89,4,1.305276981337298,21.594573369577567,17.32958240075988,294.3974624690729,9,2,0,302.8912934841925,🟢 Healthy
2023-09-07,1085,1,126,0.2892378152397499,222,118,9,3.457459398508102,71.69042946937643,23.74523219577751,839.2464159381751,9,3,0,830.068286591643,🟢 Healthy
2023-09-08,1012,2,111,0.4874455261383718,82,134,9,4.974935806401217,70.55394251424993,15.35433332605043,923.7743450946122,9,4,0,936.7047636158849,🔴 Reorder Required
2023-09-09,1058,3,117,0.4087239105079983,122,107,2,3.4344875323217146,28.83421091706665,14.451398194501444,447.8416898603158,9,5,1,449.60961794668253,🟢 Healthy
2023-09-10,1018,5,151,0.4592916772651321,482,97,9,3.2300669578608106,56.97277708997052,9.26828870433794,1613.8650507788814,9,6,1,1616.077051488747,🟡 High Cost Overstock
2023-09-11,1048,5,115,0.2334859393903171,466,120,9,2.344675700079826,93.22631557325204,20.107625776963136,1185.845191810451,9,0,0,1192.2242121381646,🟡 High Cost Overstock
2023-09-12,1099,4,126,0.4968153895114379,245,197,2,1.9066111648689232,36.40678655775801,7.815515524285694,503.5265219506442,9,1,0,481.8650336687042,🟢 Healthy
2023-09-13,1011,5,107,0.1411331264256629,333,193,11,4.599831906079157,56.88790037072883,14.822657796409684,1588.631925095088,9,2,0,1588.8971147740347,🟡 High Cost Overstock
2023-09-14,1060,1,130,0.1211891624184403,136,160,13,4.860508433639689,56.88825481604163,13.426443967748888,717.9174017910393,9,3,0,732.5209631301194,🔴 Reorder Required
2023-09-15,1018,5,114,0.4422410508216112,358,154,6,2.735492790144775,84.86091745181108,18.166017568088066,1064.1673363236405,9,4,0,1050.72905237032,🟡 High Cost Overstock
2023-09-16,1075,4,129,0.4709059480827945,273,144,9,1.8059022297795089,85.96606962635556,23.35242939913317,578.9773783561615,9,5,1,607.5481817845512,🟡 High Cost Overstock
2023-09-17,1008,3,117,0.1362341430184407,93,160,4,3.9655499345139535,80.74155357307134,23.93191182996445,1023.903581402016,9,6,1,1056.5275061329248,🔴 Reorder Required
2023-09-18,1070,3,117,0.1453709706983366,385,179,2,1.096055558900953,49.2363327350619,8.355985343263168,471.2177229119288,9,0,0,463.34750618536526,🟢 Healthy
2023-09-19,1027,5,119,0.1132696631023095,488,179,7,3.945147069396567,25.76295400148161,10.236344365343564,1950.9947238670063,9,1,0,1943.299167575439,🟡 High Cost Overstock
2023-09-20,1077,2,137,0.1418030250570896,187,125,9,4.185267684401024,47.95863817792113,21.23270639929413,830.6036951609127,9,2,0,858.7973315155623,🟢 Healthy
2023-09-21,1094,3,141,0.1837679267201123,319,139,6,1.0620677508222531,74.38329610170717,15.365595248983857,413.1829086140059,9,3,0,431.0457658863052,🟢 Healthy
2023-09-22,1051,5,130,0.4880306475640004,408,88,11,4.895876609584537,76.21972595912611,14.060691367114638,2073.737382669617,9,4,0,2084.422508638616,🟡 High Cost Overstock
2023-09-23,1082,4,95,0.3671440888958722,85,124,11,4.934805306748153,97.20001675813752,19.21250904761412,708.7835583078717,9,5,1,755.1229301381799,🔴 Reorder Required
2023-09-24,1015,5,121,0.4114212102074168,83,139,14,4.7152376569730805,56.29129851549668,17.038499052139436,1095.118988025561,9,6,1,1100.3067869007,🔴 Reorder Required
2023-09-25,1068,3,125,0.4104557614766089,137,107,4,2.7321566423281896,70.59484663522323,24.41428108842669,444.9003066341852,9,0,0,454.1631829151726,🟢 Healthy
2023-09-26,1098,4,148,0.3140294999116858,195,191,1,1.607333640245728,63.13526965780254,16.67949304576534,376.5653295057196,9,1,0,393.1244032095978,🟢 Healthy
2023-09-27,1011,5,106,0.4189955910852069,65,176,4,3.119041763968608,32.04948480905899,14.319476526945063,821.8857370717661,9,2,0,836.2475245829869,🔴 Reorder Required
2023-09-28,1024,1,122,0.3383230129559879,282,82,3,2.3897022731214608,56.896197770570886,15.856347241563514,730.7922387908228,9,3,0,745.390088292411,🟡 High Cost Overstock
2023-09-29,1051,4,125,0.225818439041343,470,130,7,1.426768901227387,63.586812375119536,21.170796333939464,734.1681959519914,9,4,0,728.9646606023861,🟡 High Cost Overstock
2023-09-30,1084,1,119,0.3244440435073603,90,87,11,2.406543843280314,96.05996848338069,17.25350113570442,813.000447314037,9,5,1,783.9635344553141,🟢 Healthy
2023-10-01,1099,2,100,0.3134034344538053,304,193,13,3.4875042605491573,49.32312435271648,17.940961827734355,1109.52441955966,10,6,1,1089.3562192780278,🟡 High Cost Overstock
2023-10-02,1052,4,120,0.4293812215037282,330,149,11,0.8191098985369598,98.40792824863824,24.42877760073184,368.7141947658349,10,0,0,365.52370127658105,🟢 Healthy
2023-10-03,1022,1,119,0.4926908869526636,175,138,10,2.0003810065070744,63.38400592192676,17.367909688509148,413.4506820606648,10,1,0,411.42933759611157,🟢 Healthy
2023-10-04,1015,3,125,0.2644170261683722,57,195,5,0.5800770050577133,39.3975394642446,12.605704966690796,929.6498664875083,10,2,0,915.1549466594538,🔴 Reorder Required
2023-10-05,1056,3,134,0.4053562713765438,417,140,12,3.872729774577541,35.33315096126462,18.82652054025593,1650.261466960099,10,3,0,1638.1475838000497,🟡 High Cost Overstock
2023-10-06,1038,2,121,0.1399052016152534,399,137,3,3.3831107042751536,31.33559338081854,18.18918793954623,1381.1967643866049,10,4,0,1367.119905558661,🟡 High Cost Overstock
2023-10-07,1052,4,124,0.4107325477793154,389,149,14,0.7820246061588464,56.23462964587624,5.276952710127638,360.44220144166746,10,5,1,341.17171574095266,🟢 Healthy
2023-10-08,1041,4,131,0.2485667647972928,451,172,2,4.841319018208855,21.75411438311386,14.346585935716664,2205.188991595308,10,6,1,2213.7174615187932,🟡 High Cost Overstock
2023-10-09,1057,4,119,0.1157560651558746,373,180,13,0.601797007071953,55.60362266518923,19.858072057647988,280.07390630302774,10,0,0,272.3471289193627,🟢 Healthy
2023-10-10,1038,2,106,0.2452984714248709,225,91,2,3.1548229091423985,99.0723753724757,14.98082915442258,808.9075299295154,10,1,0,814.7287403610247,🟡 High Cost Overstock
2023-10-11,1013,4,121,0.3442571003686579,277,88,5,3.993653578095751,73.60854365778133,20.592422718707788,1179.8505847903043,10,2,0,1171.1089836744363,🟡 High Cost Overstock
2023-10-12,1094,3,117,0.1477000670725866,372,184,13,4.045533408701253,80.78288969603237,14.017673928552288,1585.7213177328983,10,3,0,1588.4197277078677,🟡 High Cost Overstock
2023-10-13,1004,1,133,0.4696137969721018,451,128,13,0.6542831101694171,29.52043125746101,24.666431952744716,324.6021139438681,10,4,0,331.00019162905323,🟢 Healthy
2023-10-14,1034,3,102,0.1310689653091354,416,162,8,4.578868096881977,57.84806891920727,10.857831784077774,1962.6571972221095,10,5,1,1946.5853840469824,🟡 High Cost Overstock
2023-10-15,1086,3,135,0.4720026879332665,67,96,8,4.63303252367205,42.89784808205711,6.842452162921471,818.5977742467445,10,6,1,784.15817534926,🔴 Reorder Required
2023-10-16,1092,1,127,0.3828550071742745,105,133,14,3.026256679194677,91.52780223912234,13.600236023081946,708.4899460623662,10,0,0,717.2731341241507,🔴 Reorder Required
2023-10-17,1074,3,124,0.2318848701656814,456,191,12,2.6693743949921576,34.503397761113,15.83418049747838,1251.738121877537,10,1,0,1258.5755900148108,🟡 High Cost Overstock
2023-10-18,1017,2,130,0.2563001390836373,84,123,5,0.7019035837816991,56.69866617093936,11.98187463364923,666.8248003564667,10,2,0,665.8871089655981,🔴 Reorder Required
2023-10-19,1075,1,124,0.3963237458930977,439,111,13,3.028793641294409,67.04381746765102,9.84562320235918,1396.684225995897,10,3,0,1394.4646366100815,🟡 High Cost Overstock
2023-10-20,1008,3,127,0.3405884403524829,167,114,2,2.3422058679660385,61.12328732628261,18.441173827709783,452.271667276611,10,4,0,449.86627884696827,🟢 Healthy
2023-10-21,1073,5,123,0.368657168581978,331,157,13,3.9776288333389527,86.4194822376326,12.542501997125042,1403.014626072826,10,5,1,1392.5386003776955,🟡 High Cost Overstock
2023-10-22,1057,3,118,0.255665846605392,303,128,4,2.3174760509873957,38.51625370557123,17.627370582012738,740.711497154752,10,6,1,751.8062534361142,🟡 High Cost Overstock
2023-10-23,1016,2,127,0.2951253927230396,262,133,7,3.576113749961194,50.1912888338953,20.58142897197552,987.133091323728,10,0,0,987.2124878991316,🟡 High Cost Overstock
2023-10-24,1006,4,104,0.4959469936151573,110,95,14,0.9563366580688886,83.3667437259162,20.220052555200475,188.56377611349396,10,1,0,200.21859812688191,🟢 Healthy
2023-10-25,1045,3,120,0.1855691481998871,137,164,6,1.0982852184468512,62.24571293894439,12.506186212713825,212.710787866163,10,2,0,226.87040077117655,🔴 Reorder Required
2023-10-26,1012,4,121,0.2671424746088525,320,91,10,1.1286958579212123,52.16939085183658,16.357964579003493,413.3520653866246,10,3,0,417.91715302720144,🟢 Healthy
2023-10-27,1039,5,133,0.2167292750295869,396,167,7,0.7048647490988458,22.35540117958652,13.993164488854848,301.48184182272945,10,4,0,298.4419246248669,🟢 Healthy
2023-10-28,1041,3,119,0.4060446041759399,81,177,5,2.935979866714117,80.27083392124875,22.416105054193206,1169.8971951844342,10,5,1,1143.5800712957712,🔴 Reorder Required
2023-10-29,1008,1,133,0.4056050502662883,445,87,2,4.072854767196362,97.77456623734082,22.575169595999984,1910.194937639722,10,6,1,1893.725978570848,🟡 High Cost Overstock
2023-10-30,1049,4,117,0.2169781843989583,182,187,8,3.246850416621497,69.6229607590808,11.874831657760735,660.5497365841934,10,0,0,655.4527821819468,🔴 Reorder Required
2023-10-31,1026,5,120,0.1325561266531931,113,100,14,3.087296984987853,88.52329765510356,6.834748957574615,485.2310996617532,10,1,0,480.9377458128767,🟢 Healthy
2023-11-01,1065,1,111,0.1045730706688816,248,127,12,3.562807677812314,61.35005945559409,8.35164966648039,944.926363553048,11,2,0,933.1758410519632,🟡 High Cost Overstock
2023-11-02,1004,1,120,0.2709802132969942,305,87,2,2.028403953824067,38.53447723386917,12.340034842617676,657.1976831502096,11,3,0,665.501768380604,🟡 High Cost Overstock
2023-11-03,1028,1,104,0.2641350377343083,391,107,12,2.12879332241703,21.15536833881164,16.284999095259813,853.5135574038703,11,4,0,886.8583756760092,🟡 High Cost Overstock
2023-11-04,1036,1,144,0.4953559514559452,204,159,8,1.9142154419941515,72.27186140719914,18.135740219288586,462.7718115740061,11,5,1,462.3226722406713,🟢 Healthy
2023-11-05,1037,3,108,0.2879208302790719,280,89,7,3.70449019784109,59.44870785985957,11.627420925720005,1096.7059632553646,11,6,1,1119.5537605261954,🟡 High Cost Overstock
2023-11-06,1082,3,114,0.2025673478301682,350,131,3,1.2273815105184842,82.56785176700812,18.34998239247972,512.1513804484777,11,0,0,523.7319263684765,🟡 High Cost Overstock
2023-11-07,1007,3,114,0.456491776412587,84,94,13,0.5586137614081597,75.57459339482436,23.75479967347512,835.1421395573633,11,1,0,839.0484539303294,🔴 Reorder Required
2023-11-08,1064,5,122,0.2964271798614314,75,83,4,3.182884010251216,99.03618945652518,18.040282543379007,1185.6457697641797,11,2,0,1178.3839695586314,🔴 Reorder Required
2023-11-09,1085,5,118,0.3396702540842311,72,169,13,4.740716141303924,60.825006672963184,8.171304588887025,778.0365799356489,11,3,0,780.9299585474383,🔴 Reorder Required
2023-11-10,1016,5,116,0.1382674841712851,190,158,7,3.242335626483371,54.17398317384075,16.59337825955255,670.2177522056812,11,4,0,673.5639560291894,🟢 Healthy
2023-11-11,1070,2,111,0.2531665629319096,436,179,4,4.023147438234028,42.9391751551436,15.837910335339656,1797.03145822518,11,5,1,1779.1227226303517,🟡 High Cost Overstock
2023-11-12,1088,5,129,0.4776894697895147,334,175,9,3.5275581925971355,58.14890334330195,22.414002217968413,1236.3533396707453,11,6,1,1256.263979298911,🟡 High Cost Overstock
2023-11-13,1044,3,127,0.3358021536701702,499,141,7,2.7384649408535733,89.82971824983377,12.006061104259487,1456.3237237357669,11,0,0,1441.795069775153,🟡 High Cost Overstock
2023-11-14,1003,3,117,0.2378007420569846,369,186,1,3.732765808027307,23.3951780633393,13.4589122011336,1400.7857612254154,11,1,0,1414.868968525878,🟡 High Cost Overstock
2023-11-15,1035,2,115,0.3502668722526373,205,181,1,4.208468557348498,98.2320037828951,16.97318110972987,960.9680580393372,11,2,0,966.143723060467,🟢 Healthy
2023-11-16,1069,2,110,0.4641644358312464,469,83,4,1.511292398772641,99.46457554462384,15.488506234840507,808.2607105689924,11,3,0,799.9127183594978,🟡 High Cost Overstock
2023-11-17,1030,5,109,0.209596240189036,162,120,14,2.012587162174155,67.82571028703214,19.380331848103484,393.8648305592452,11,4,0,391.912188358805,🟢 Healthy
2023-11-18,1018,4,115,0.3020466873882698,439,152,14,1.5067657962647774,46.52353629563211,5.807779818249916,707.9937208558694,11,5,1,697.6292416089601,🟡 High Cost Overstock
2023-11-19,1060,2,114,0.4834762615647021,188,178,13,2.534778300156985,37.84391746576191,16.270320384139197,514.382237895275,11,6,1,524.598470885622,🟢 Healthy
2023-11-20,1053,1,105,0.168958457319381,471,134,9,4.482790479125004,42.1192316547903,7.433437860077506,2153.513547322668,11,0,0,2174.13927453874,🟡 High Cost Overstock
2023-11-21,1038,3,120,0.3878655702386846,423,107,13,2.053431953758996,24.008434120397748,11.304179850394426,892.6101505604529,11,1,0,885.4434582049623,🟡 High Cost Overstock
2023-11-22,1090,1,139,0.345792403281193,467,180,4,2.18510100108749,58.00887667866871,18.232537230647807,1078.4510441865266,11,2,0,1087.4179153893247,🟡 High Cost Overstock
2023-11-23,1073,3,112,0.3718700524562539,258,126,13,4.371652556023693,24.58594166915247,8.148284011843554,1152.4723011232652,11,3,0,1156.251439265456,🟡 High Cost Overstock
2023-11-24,1089,3,112,0.2404878522670278,372,88,5,2.819184488351038,77.47793718207402,11.176836710092577,1126.2145668486603,11,4,0,1119.0214953061065,🟡 High Cost Overstock
2023-11-25,1018,2,96,0.2255517493935059,413,81,1,2.909520498413455,49.75435644262832,19.06012965670624,1251.3863222873852,11,5,1,1232.5292390764328,🟡 High Cost Overstock
2023-11-26,1038,2,131,0.3736838682353481,479,146,14,4.373605414994958,35.94917853977306,18.01610485053668,2130.906172322358,11,6,1,2133.1388055666753,🟡 High Cost Overstock
2023-11-27,1066,1,120,0.1862173140418181,135,196,2,2.7073703166146297,63.58828462688307,6.820793384194761,429.0832773698581,11,0,0,417.87022220380516,🔴 Reorder Required
2023-11-28,1044,3,107,0.267861897943602,334,187,11,3.567008905832279,97.9007445794411,16.54536986984648,1289.2817191274223,11,1,0,1288.1515782913712,🟡 High Cost Overstock
2023-11-29,1012,1,116,0.1752698584211672,109,127,4,0.8854009964332732,75.61048392147346,7.945089238372789,227.7348172013098,11,2,0,229.61557463078736,🔴 Reorder Required
2023-11-30,1091,4,121,0.1033219364493319,103,148,12,1.303842709070984,59.33974800833282,10.045427574289851,374.4532433798615,11,3,0,393.30669470639293,🔴 Reorder Required
2023-12-01,1057,1,117,0.4880229440152278,142,153,4,2.319692903223105,82.15314394036051,14.184225572715574,411.54953619804144,12,4,0,409.69699365917666,🔴 Reorder Required
2023-12-02,1019,5,124,0.2726811914625676,374,107,11,2.726775805189437,78.9981177519191,7.186936465963782,1098.8122688927683,12,5,1,1104.8157643537675,🟡 High Cost Overstock
2023-12-03,1091,1,119,0.4877398457679301,422,158,10,4.845801655563033,91.33883688462348,24.872939358371337,2136.267135532223,12,6,1,2132.23410970111,🟡 High Cost Overstock
2023-12-04,1071,5,104,0.1561294079071304,314,93,6,4.867932348715055,36.3735158075158,8.307391221080023,1564.904273304043,12,0,0,1557.819871408515,🟡 High Cost Overstock
2023-12-05,1060,5,130,0.3349467117829944,431,125,13,4.330386893654428,88.71020610069856,20.626252568572088,1955.1069572657568,12,1,0,1956.559700534455,🟡 High Cost Overstock
2023-12-06,1038,5,120,0.1803896131164958,262,166,6,1.9201947587850852,44.08208696333591,21.5967769004645,547.1731137650282,12,2,0,554.2170002678788,🟡 High Cost Overstock
2023-12-07,1000,4,124,0.4160296507853099,382,92,8,4.838127308745978,95.27991422600776,24.889279397920028,1943.444546166972,12,3,0,1920.7698937577313,🟡 High Cost Overstock
2023-12-08,1002,1,122,0.4134811955043901,59,95,12,3.602033891042957,42.485211915738816,13.573064357045368,1110.1082659811314,12,4,0,1119.0176145554499,🔴 Reorder Required
2023-12-09,1076,1,95,0.1450428596157247,407,173,13,2.268230575178302,94.14788345301407,22.481890402786803,1017.317727550583,12,5,1,1004.9875171974213,🟡 High Cost Overstock
2023-12-10,1091,4,109,0.4648257811505557,252,119,9,3.657537126431449,97.1032571571264,24.15078878033702,1018.8026130178516,12,6,1,1011.6760514957022,🟡 High Cost Overstock
2023-12-11,1061,3,128,0.1778518588812898,245,151,14,0.5743522840393696,31.63930859656114,8.457882897893343,172.35561818620667,12,0,0,179.1453485556532,🟢 Healthy
2023-12-12,1062,2,106,0.3451909366357442,107,160,1,1.1576960702339611,97.95999066102264,14.588721781190651,221.8334701760565,12,1,0,242.3267328635171,🔴 Reorder Required
2023-12-13,1024,1,107,0.4942534480350816,305,109,1,4.233585702003655,26.85783747434258,6.200216377121754,1318.1014765854577,12,2,0,1288.5825724696972,🟡 High Cost Overstock
2023-12-14,1055,2,111,0.4529586139065455,272,160,6,3.40508136592927,37.48542292900176,17.414480240484032,963.6675544617632,12,3,0,944.5818331508868,🟡 High Cost Overstock
2023-12-15,1032,4,112,0.4826255714244676,418,178,4,2.1388761558134783,55.53350246982436,16.628123137131325,949.5837355998584,12,4,0,972.3751130561685,🟡 High Cost Overstock
2023-12-16,1037,3,117,0.2370395084872477,229,144,11,2.7529998810022347,99.4877892569368,9.082525693263944,729.9247620064485,12,5,1,719.4915077684384,🟢 Healthy
2023-12-17,1005,3,97,0.1422302568877853,467,192,4,4.573139673405952,59.08504409323035,20.95805517788252,2194.74127157381,12,6,1,2202.9520974037946,🟡 High Cost Overstock
2023-12-18,1057,3,96,0.17533874931578,411,137,1,3.3421014926558894,64.03275545427887,5.745374455270797,1437.6364689358495,12,0,0,1432.1183315984279,🟡 High Cost Overstock
2023-12-19,1043,4,120,0.3001979580306455,84,167,9,2.291671777704486,75.55399596189189,21.12454648255114,1028.5380986609098,12,1,0,1044.5075020382624,🔴 Reorder Required
2023-12-20,1044,5,122,0.4172918713093289,408,127,12,1.0414699582889075,97.4634846618361,5.532905823277348,522.3832276437104,12,2,0,548.2474415258703,🟡 High Cost Overstock
2023-12-21,1031,5,109,0.1600614576735501,152,128,11,1.8218606073150243,82.66811200993956,18.136576242727003,359.5909243218233,12,3,0,361.7587286756226,🟢 Healthy
2023-12-22,1044,2,123,0.3638926129043028,210,168,3,4.902531047584625,37.93232035389589,6.575390278298025,1067.4638403466672,12,4,0,1074.3615669056805,🟢 Healthy
2023-12-23,1060,5,130,0.2294310416158047,249,81,5,2.468133782832999,44.239274453148376,10.024510386246458,658.8045863785651,12,5,1,696.4795898512025,🟢 Healthy
2023-12-24,1046,5,106,0.2364808289568614,209,168,10,2.6232775873018737,27.810259168681952,19.43826698623672,576.0752749147736,12,6,1,569.8558769990457,🟢 Healthy
2023-12-25,1020,3,126,0.3647670920631706,232,93,1,2.743691145786569,71.55618913317919,10.608095992507735,708.0925349556632,12,0,0,698.2308367506614,🟢 Healthy
2023-12-26,1079,3,126,0.2867997678132881,402,182,8,4.47846810326695,34.45922452313773,15.223476974354694,1834.803402036452,12,1,0,1845.0637736138758,🟡 High Cost Overstock
2023-12-27,1084,2,111,0.4248133172103976,185,194,3,3.2176772797338944,40.59239107834926,23.304965390402288,635.8626878291197,12,2,0,626.5070807922725,🔴 Reorder Required
2023-12-28,1074,1,110,0.1623674038651308,479,176,14,3.6215466640336498,91.04909241443016,5.992687080731567,1825.7699444865484,12,3,0,1817.2431792110433,🟡 High Cost Overstock
2023-12-29,1035,2,127,0.4159793079068153,447,96,1,2.252360941470968,46.140454026561216,21.221595874713472,1052.945794864084,12,4,0,1052.4359824855458,🟡 High Cost Overstock
2023-12-30,1098,2,139,0.1256940992229683,275,110,10,0.6308942836503846,65.33173746833336,6.305439971369791,238.82766547218912,12,5,1,235.42327030033482,🟢 Healthy
2023-12-31,1018,4,112,0.177621552098242,441,89,6,4.6893781140928,51.80528070313416,7.535896886733533,2119.8210290180587,12,6,1,2136.0276436666836,🟡 High Cost Overstock
2024-01-01,1019,4,117,0.3624598858012662,292,149,1,4.771074564123829,25.922502992473085,7.3863820777842175,1419.076275716631,1,0,0,1407.164683375213,🟡 High Cost Overstock
2024-01-02,1056,2,120,0.4419702626044285,155,182,3,4.77118874006623,49.029106391736406,24.882045664214523,788.5633611020021,1,1,0,786.6123018591886,🔴 Reorder Required
2024-01-03,1017,2,117,0.2010718510957396,120,168,5,4.746591889910224,52.64545624287447,8.603726386630669,622.2364830321014,1,2,0,642.6647601331861,🔴 Reorder Required
2024-01-04,1046,2,129,0.2308766423315651,126,181,4,4.168588734813024,91.65608815292146,22.935236925125363,685.7039795147386,1,3,0,690.666851732773,🔴 Reorder Required
2024-01-05,1048,5,107,0.314848299314696,103,116,7,3.580682225523471,45.95605229170716,24.818643258931083,514.040894556349,1,4,0,560.6563163816423,🔴 Reorder Required
2024-01-06,1013,4,116,0.1846291225957209,326,143,6,4.300294632202785,50.33928958096543,12.67569540824596,1452.2353396790734,1,5,1,1441.4305025357846,🟡 High Cost Overstock
2024-01-07,1014,2,130,0.4244625046350022,160,109,12,3.202458075504663,82.63174149378676,17.620970870573707,595.0250335745328,1,6,1,583.3133560722648,🟢 Healthy
2024-01-08,1030,3,109,0.4094546580023043,273,113,3,1.1046632625141064,80.71653209692784,20.58182507527225,382.2896027632789,1,0,0,371.8090207457234,🟢 Healthy
2024-01-09,1000,3,104,0.1581166847863126,124,97,11,2.2604817426863946,83.86282213187926,12.852901636724166,364.16255822499215,1,1,0,357.19945252362817,🟢 Healthy
2024-01-10,1053,5,130,0.2855318927266528,63,167,8,4.870827103878218,96.30165920608032,8.236282809956146,954.9947150174698,1,2,0,929.9391158450803,🔴 Reorder Required
2024-01-11,1002,5,122,0.4099311066618486,307,142,8,2.0801201611804534,83.64459987158273,13.675254875851223,722.2414893539819,1,3,0,737.1087800614417,🟡 High Cost Overstock
2024-01-12,1015,1,122,0.2349318124413659,238,128,14,4.405225611791163,52.60865625743128,20.437752900058893,1101.052351863728,1,4,0,1089.4820739636045,🟢 Healthy
2024-01-13,1086,1,116,0.3532427290870926,413,135,2,0.919451618486913,85.72068135184735,20.615255254968066,465.45419978694247,1,5,1,467.4918754572022,🟢 Healthy
2024-01-14,1056,1,125,0.1200852485830291,288,170,7,2.003827290689613,60.693970567195066,9.610775843418269,637.7962302858036,1,6,1,630.7301861489094,🟡 High Cost Overstock
2024-01-15,1074,5,139,0.3434755042117272,450,137,14,2.0792899612732083,42.21712260148522,8.49931279781493,977.897605174429,1,0,0,986.5571104555373,🟡 High Cost Overstock
2024-01-16,1011,5,121,0.1610611920002428,383,106,1,0.7322114439904107,44.23336545048099,23.411214042006996,324.67034849880827,1,1,0,323.8186933273994,🟢 Healthy
2024-01-17,1073,5,129,0.4322333300457806,353,134,2,1.035924485840397,37.907391085071865,5.879980611166211,403.5887345867321,1,2,0,428.2891399492819,🟢 Healthy
2024-01-18,1095,3,108,0.2421797854321914,140,182,8,1.3692434500479695,31.599436625580275,19.694769515301736,223.293519632296,1,3,0,230.23509213057798,🔴 Reorder Required
2024-01-19,1015,5,127,0.2126215450912782,441,164,12,4.270170158645508,34.75923294829202,5.9284277089350805,1917.9042729109608,1,4,0,1925.336723358093,🟡 High Cost Overstock
2024-01-20,1071,3,119,0.436355590684594,233,98,1,0.7853089547291288,25.05424399630555,21.75800101721976,208.03123044819256,1,5,1,216.7420403632058,🟢 Healthy
2024-01-21,1075,1,115,0.120057609228724,66,182,2,1.8441540560497425,91.0760691945909,23.10829626672204,1345.0967539632538,1,6,1,1325.2584616403913,🔴 Reorder Required
2024-01-22,1023,1,117,0.2586435197337379,61,102,12,0.5457875116517038,94.48062477192984,10.94838248458198,740.8830821192746,1,0,0,755.2935703440871,🔴 Reorder Required
2024-01-23,1027,1,124,0.2480014162300125,215,182,1,3.6303248543136113,66.94163139951164,6.478712870333951,847.4614750769381,1,1,0,821.738739304746,🟢 Healthy
2024-01-24,1007,2,132,0.2139201496998203,195,191,5,3.291363905195209,87.2391645286948,14.613690726948573,729.0551260417606,1,2,0,731.9666432874153,🟢 Healthy
2024-01-25,1091,2,105,0.4647017328005908,331,187,7,3.402420179239138,34.68568821225177,10.969260734909536,1160.8867675404065,1,3,0,1187.2477718509479,🟡 High Cost Overstock
2024-01-26,1035,4,133,0.4003713574066889,86,126,6,2.184722531215784,92.1339060181588,13.34272285620758,907.1280179444724,1,4,0,799.9497205165851,🔴 Reorder Required
2024-01-27,1089,4,113,0.1255692656767755,119,158,6,1.4372051957040606,60.508924770440665,18.29970906977361,231.53634305922387,1,5,1,257.50976378792654,🔴 Reorder Required
2024-01-28,1007,4,115,0.3858749797739816,218,186,6,3.74144095978715,25.373199408444407,9.19652071897434,841.0073286420431,1,6,1,828.6568831256322,🟢 Healthy
2024-01-29,1057,2,99,0.3109196532515176,384,145,8,4.150030427333128,31.305019559532816,12.139031390281726,1624.916703655454,1,0,0,1632.379722409078,🟡 High Cost Overstock
2024-01-30,1059,2,123,0.4603471577606317,219,178,5,1.123706741441908,44.71811686294537,20.651249805853475,290.8098932387232,1,1,0,290.7995838776292,🟢 Healthy
2024-01-31,1049,4,112,0.2251782469393434,302,130,10,2.690732425718396,23.484606428380115,17.875238999056435,836.0857989953357,1,2,0,839.4335361725072,🟡 High Cost Overstock
2024-02-01,1027,4,133,0.3296647998438332,395,163,7,1.6192205689048813,44.743470241395485,11.525509823024771,684.3355949588235,2,3,0,656.2939691454624,🟡 High Cost Overstock
2024-02-02,1091,5,132,0.3003021098963944,346,107,3,1.2564808754276018,24.794434649511345,18.28603200519857,459.5368175474616,2,4,0,467.10124323555357,🟢 Healthy
2024-02-03,1040,4,129,0.2958243624910422,480,136,9,3.804463910727496,38.882208415426014,20.30625845783933,1865.024885564624,2,5,1,1861.5765211135172,🟡 High Cost Overstock
2024-02-04,1099,5,110,0.282442159806885,191,137,10,2.921436209627766,41.25358046851533,16.84971161905575,599.2478965074188,2,6,1,631.6825087019113,🟢 Healthy
2024-02-05,1063,3,134,0.1822517902129125,434,94,3,1.472833995704005,99.54951810934352,9.78993665002017,738.7594722448816,2,0,0,712.7146094119508,🟡 High Cost Overstock
2024-02-06,1026,2,106,0.4022839689969572,322,95,14,1.8950000504519529,38.84373390109316,5.004905810239862,649.033750146622,2,1,0,640.0961201489325,🟡 High Cost Overstock
2024-02-07,1062,4,145,0.2805344130957155,274,176,14,4.84994152097484,39.13491591508642,21.056982139765623,1368.018892662193,2,2,0,1364.0251918643537,🟢 Healthy
2024-02-08,1016,2,134,0.4834065100010423,232,126,6,4.319058041188505,74.9431174686708,21.45267110632329,1076.964583024404,2,3,0,1071.9095859928823,🟢 Healthy
2024-02-09,1072,2,115,0.2043233708771105,270,142,3,4.459760342929078,88.74859828131616,18.95209002788724,1292.8838908721673,2,4,0,1281.0580612746091,🟡 High Cost Overstock
2024-02-10,1032,2,127,0.3730975358508165,102,91,1,2.570054436863186,50.96443300816692,6.531618627352276,476.4004512520188,2,5,1,481.69691032257225,🟢 Healthy
2024-02-11,1083,3,130,0.4762868318556433,167,182,1,3.307132687643937,90.04944159525539,16.70444575016092,642.340600431793,2,6,1,646.8091239328872,🔴 Reorder Required
2024-02-12,1076,1,119,0.365383329206437,414,182,3,2.1954548309198523,47.21136165982057,21.420413425432145,956.1296616606394,2,0,0,980.5857083007993,🟡 High Cost Overstock
2024-02-13,1091,4,116,0.4485091630469578,208,122,4,0.8497038906000074,35.76127036920155,12.793366402163311,212.4996796140031,2,1,0,218.29446034530883,🟢 Healthy
2024-02-14,1028,1,116,0.4309923839028025,495,163,14,2.304811897955521,46.37110594621788,8.960014684405081,1187.2529954342008,2,2,0,1193.561640436189,🟡 High Cost Overstock
2024-02-15,1012,1,121,0.2440470861956015,185,108,2,3.1729133894321517,68.74850991423939,16.752545944829414,655.7374869591874,2,3,0,645.104421546419,🟢 Healthy
2024-02-16,1045,1,115,0.3400495759757986,463,186,9,1.7921492184565917,49.3714527449659,21.52613254601756,879.1365408903678,2,4,0,886.2840637424252,🟡 High Cost Overstock
2024-02-17,1034,2,125,0.1625045359245422,126,128,11,4.315777586273371,73.83150431914311,5.977399174141311,617.6194801895879,2,5,1,609.4317308309619,🔴 Reorder Required
2024-02-18,1005,5,113,0.3142103530782398,385,82,8,1.1799507162856937,38.95487035379859,16.939024343214715,493.23589612379067,2,6,1,480.858098895251,🟢 Healthy
2024-02-19,1081,2,127,0.1921687887257349,499,191,12,2.15208090246614,76.0794315191319,17.86347590678684,1149.9678018497357,2,0,0,1160.572575937313,🟡 High Cost Overstock
2024-02-20,1068,2,125,0.3974947259809782,94,148,13,1.0620675739589132,47.795069059877335,17.04734078696559,676.0969854079485,2,1,0,657.3652265130478,🔴 Reorder Required
2024-02-21,1046,1,124,0.3112233687568498,67,139,3,2.321744602933514,56.46946972815476,18.00067368474097,1238.0647581549356,2,2,0,1229.1387549310207,🔴 Reorder Required
2024-02-22,1024,2,121,0.2644909450526642,404,145,7,0.678475872384217,64.61961123543168,17.62750615208309,338.72386367865533,2,3,0,330.92440929222204,🟢 Healthy
2024-02-23,1065,1,101,0.207518838466791,478,166,4,1.7264722777774044,74.89800025487949,7.608077699606981,900.1517490324788,2,4,0,889.4787808622424,🟡 High Cost Overstock
2024-02-24,1009,5,145,0.4994793927365147,452,169,5,2.3033086480115763,39.09709534789869,9.698735538978308,1080.1926042491311,2,5,1,1087.6514486376122,🟡 High Cost Overstock
2024-02-25,1055,4,119,0.1286842083539731,254,105,4,2.651744134745112,86.87564299286484,17.379880105780202,760.4186532181233,2,6,1,734.6939564601287,🟡 High Cost Overstock
2024-02-26,1029,1,121,0.117424272228968,373,150,9,2.9466336131381383,77.74741998041918,5.353863222735416,1176.8417576809447,2,0,0,1172.3274057332194,🟡 High Cost Overstock
2024-02-27,1004,5,111,0.1869029601975458,132,153,11,1.737460084054635,38.72783352191996,17.69489037446489,268.0725646171318,2,1,0,253.5089525426192,🔴 Reorder Required
2024-02-28,1032,4,108,0.4884289834511278,99,148,7,2.8536860057669253,97.99796500823282,18.30773247570064,545.2824718604642,2,2,0,564.4829071437515,🔴 Reorder Required
2024-02-29,1064,3,119,0.4916952673279938,330,126,13,2.790520797029269,73.18375928243668,9.783495197233169,994.0556223020956,2,3,0,998.2463488939853,🟡 High Cost Overstock
2024-03-01,1017,1,111,0.3619710939088544,215,155,4,1.922801228942938,56.19415091733645,16.962656595062793,469.5964151400681,3,4,0,464.2101358327217,🟢 Healthy
2024-03-02,1095,1,125,0.4520426668825619,292,175,13,4.235901487954152,32.60218604428131,15.681801214475293,1269.4854205268937,3,5,1,1263.652970039911,🟡 High Cost Overstock
2024-03-03,1048,3,117,0.1855846923363181,426,121,8,2.955385069671043,62.65768018465052,10.213830963062277,1321.6517198645147,3,6,1,1341.6048049021135,🟡 High Cost Overstock
2024-03-04,1010,3,123,0.4888168376706494,213,110,2,1.9952137343594525,33.18207094616945,14.259480237495092,458.1625963647329,3,0,0,455.4098271256731,🟢 Healthy
2024-03-05,1084,1,121,0.1571139400558258,373,101,7,4.763023304363494,54.3593342958275,23.19249058824363,1830.9670268234104,3,1,0,1807.5197845843288,🟡 High Cost Overstock
2024-03-06,1025,3,143,0.1404500752726633,105,96,11,4.3030058588202245,52.69700181916151,13.532055609197656,1018.730730144796,3,2,0,994.5632567136261,🟢 Healthy
2024-03-07,1062,2,99,0.1448846156989091,88,163,1,4.921645151983104,77.59517154779681,17.59688353759003,704.2656638358003,3,3,0,730.6568887590286,🔴 Reorder Required
2024-03-08,1088,4,111,0.3292511693090258,368,99,8,3.6150524359043934,35.390654497939984,5.7070164208138845,1365.7299509107568,3,4,0,1382.5766922686953,🟡 High Cost Overstock
2024-03-09,1085,4,119,0.4123897602872209,177,186,13,2.202003074777211,85.74970838966766,6.556002266441976,475.504252625234,3,5,1,466.263215142397,🔴 Reorder Required
2024-03-10,1058,4,115,0.2466668711498532,440,87,14,1.7638730000555554,46.09058616129326,6.626161466066369,822.1947061857376,3,6,1,831.1637368336138,🟡 High Cost Overstock
2024-03-11,1026,2,120,0.4911583951144506,171,190,12,3.4849302965351643,55.519090157502006,20.56481527252891,651.4421708650151,3,0,0,646.4184556634171,🔴 Reorder Required
2024-03-12,1048,3,125,0.2737680552473318,296,177,14,4.913674621228867,81.7872780443074,12.005137896069051,1536.234965928052,3,1,0,1519.6936114247428,🟡 High Cost Overstock
2024-03-13,1076,5,141,0.1601794203092865,235,128,13,3.32021786046732,70.03139197708119,9.552233767316268,850.2825891869013,3,2,0,862.8221306952091,🟢 Healthy
2024-03-14,1032,3,110,0.2863866992744547,257,166,6,4.467267234454272,44.64202814415499,19.94649136903445,1192.7297073989027,3,3,0,1196.4834133884358,🟡 High Cost Overstock
2024-03-15,1097,1,128,0.371614866168976,364,117,12,1.9809654397149588,50.89623396367048,8.39920125112349,771.9676540199155,3,4,0,756.8052406722335,🟡 High Cost Overstock
2024-03-16,1098,4,123,0.4328903122017514,353,132,5,2.3312920211341503,44.462945119168815,9.929850501405612,867.4090285795239,3,5,1,877.8742874460471,🟡 High Cost Overstock
2024-03-17,1000,3,119,0.2835073159826372,438,107,9,4.57823857815209,67.58161338217258,13.618628865400416,2072.850110612788,3,6,1,2051.6636773142386,🟡 High Cost Overstock
2024-03-18,1020,5,122,0.337442730419667,288,156,9,3.905900158810185,46.609962656547175,11.628761380292264,1171.5092083938805,3,0,0,1173.7964365557489,🟡 High Cost Overstock
2024-03-19,1054,1,113,0.2069378848635413,264,108,3,4.916346441655576,78.05581558265126,16.707844220732888,1375.9712761797234,3,1,0,1386.9851143171234,🟡 High Cost Overstock
2024-03-20,1005,2,102,0.3583666105622056,341,151,9,3.986438943795089,66.38297268669808,11.756812381496951,1425.7586525208233,3,2,0,1428.2026409654893,🟡 High Cost Overstock
2024-03-21,1091,2,128,0.4943887775801375,273,90,13,2.518320682482043,31.65652893980072,12.859032717177838,719.1580752573985,3,3,0,746.7208860025577,🟡 High Cost Overstock
2024-03-22,1080,5,120,0.1196214290351175,137,126,13,2.8898060892006336,44.82148949439059,22.25773216498972,440.7249237148774,3,4,0,441.3975356841501,🟢 Healthy
2024-03-23,1068,1,118,0.4546122682820671,74,124,9,4.552319716084115,37.715795352812464,22.690628792560048,1372.975121215679,3,5,1,1373.1264680212987,🔴 Reorder Required
2024-03-24,1094,4,126,0.3249130011070091,478,97,2,2.982410312441216,51.22505700411882,21.55422381626815,1476.81718635102,3,6,1,1471.2218863596372,🟡 High Cost Overstock
2024-03-25,1004,3,110,0.20083946382492,269,129,5,1.6492881837400033,61.27872689674905,22.29661865409265,504.9372483228099,3,0,0,511.94886261190106,🟡 High Cost Overstock
2024-03-26,1002,1,114,0.4819558840037031,324,168,11,2.4602891574647723,60.54102858272879,16.39457338678234,857.674715601315,3,1,0,830.4273523093285,🟡 High Cost Overstock
2024-03-27,1052,2,120,0.2933417212235596,184,128,2,2.8234219498210305,80.36189412506312,17.92466429502768,599.8715328921328,3,2,0,604.836645585941,🟢 Healthy
2024-03-28,1022,5,95,0.2326761006693542,491,101,1,0.9352392509800832,35.133749088136746,16.14346333109881,494.3362213193576,3,3,0,490.928775177787,🟢 Healthy
2024-03-29,1052,5,133,0.1725990513083364,282,124,7,3.846932034138006,95.71782634379576,20.7117616810584,1180.5526599707134,3,4,0,1179.8272408182506,🟡 High Cost Overstock
2024-03-30,1036,3,109,0.1977808841026648,115,140,4,0.9920927000973784,47.42760855057349,16.020009715228884,161.518269061772,3,5,1,159.3856921782173,🔴 Reorder Required
2024-03-31,1073,5,116,0.4331396166365771,129,178,5,2.3221297101596257,44.01990775329108,7.221539291015611,343.5746403638828,3,6,1,354.00233203794687,🔴 Reorder Required
2024-04-01,1073,5,129,0.3457640037268663,472,172,4,4.120800986931821,74.81428625441758,21.1916024091372,2019.8323520862368,4,0,0,2011.969198694867,🟡 High Cost Overstock
2024-04-02,1082,1,97,0.4652982477953264,304,100,6,2.604066627259836,84.441330294645,20.21170341355073,876.0775849816351,4,1,0,863.3251559809478,🟡 High Cost Overstock
2024-04-03,1016,4,118,0.1927873808631143,174,199,11,4.289069838733286,50.27774118509228,21.406011905652505,796.5758931246841,4,2,0,799.2010784742906,🔴 Reorder Required
2024-04-04,1084,3,144,0.1484554295395606,195,150,2,2.038465949252517,79.74775799151817,8.808589267795238,477.2486180957591,4,3,0,492.0482099737951,🟢 Healthy
2024-04-05,1077,1,112,0.102435012390236,152,140,8,4.80936332299296,90.69887649088436,10.43234105429934,821.7221015858142,4,4,0,807.2932977227678,🟢 Healthy
2024-04-06,1072,4,135,0.3031448150463975,434,155,4,1.44260794312356,81.3442932165566,10.9150339452706,707.4361405321816,4,5,1,706.1504375467771,🟡 High Cost Overstock
2024-04-07,1000,1,129,0.4993227721527953,496,115,8,0.6721886524518559,22.73571884566664,15.161610723713473,356.1412904617872,4,6,1,365.42909915125176,🟢 Healthy
2024-04-08,1050,1,122,0.3779861075274556,436,103,3,4.425919443456884,86.18951290929505,7.677541683269196,2015.8903902564964,4,0,0,1999.3319141360325,🟡 High Cost Overstock
2024-04-09,1044,5,105,0.2233578367860584,432,111,12,3.884912221776837,81.95847667634939,12.707635065497346,1760.240556483943,4,1,0,1768.1453599523643,🟡 High Cost Overstock
2024-04-10,1076,4,112,0.4507434332104687,326,170,12,1.5439272668031776,73.54321905225488,8.643163221580592,576.8635080300908,4,2,0,589.907296393782,🟡 High Cost Overstock
2024-04-11,1003,3,127,0.4126889063951838,431,175,11,4.931337232115032,80.80179352703227,10.29525426065473,2206.2081405686117,4,3,0,2151.758226485429,🟡 High Cost Overstock
2024-04-12,1061,3,123,0.1061660664306157,173,138,5,2.7602605817083754,98.35403166655512,19.127752691168546,575.8791123021041,4,4,0,581.0074136426741,🟢 Healthy
2024-04-13,1064,4,98,0.426744192216409,463,175,12,4.779794480648736,54.48903102546797,22.09622312634562,2267.5338755658327,4,5,1,2272.480953395093,🟡 High Cost Overstock
2024-04-14,1031,5,118,0.2202107028953984,316,175,3,2.7726294712414967,25.377858796367825,5.4581173319436775,901.5287717086808,4,6,1,890.7748101028911,🟡 High Cost Overstock
2024-04-15,1033,2,137,0.1598693858334404,327,169,12,2.623435640470809,56.87119757021733,16.31793926710001,914.734652004172,4,0,0,885.3123149485804,🟡 High Cost Overstock
2024-04-16,1091,1,124,0.1905323358948298,160,154,13,2.521123417150093,23.71469243128384,5.721195241245343,427.0944391752987,4,1,0,417.8548697567063,🟢 Healthy
2024-04-17,1094,5,92,0.2874319217500556,430,189,7,2.006938742598276,43.54003264707689,6.704984900231006,906.5236919643356,4,2,0,896.007369857324,🟡 High Cost Overstock
2024-04-18,1071,4,112,0.2699471708272044,362,161,3,2.9016567372944824,66.95038334374073,19.10168069228218,1117.3501222443433,4,3,0,1095.094545160718,🟡 High Cost Overstock
2024-04-19,1038,1,144,0.2155549197496907,138,182,12,2.5364959787685555,44.7698314340925,19.71216213004233,513.0792492844072,4,4,0,429.9339499720504,🔴 Reorder Required
2024-04-20,1025,3,131,0.1688873288828131,436,84,8,0.6653609448059936,74.83161967276308,21.279613463455973,364.92899160817626,4,5,1,369.04963602148365,🟢 Healthy
2024-04-21,1033,2,121,0.4048923158568677,207,95,9,1.6719585504057612,85.75890621485769,14.4848302354061,431.8543261488503,4,6,1,438.76642050171523,🟢 Healthy
2024-04-22,1053,3,141,0.4960439134939668,265,90,13,1.4590526004750128,53.63513434236295,22.196149640323764,440.2840734682414,4,0,0,431.7545449185589,🟢 Healthy
2024-04-23,1002,4,125,0.4111166321678762,433,197,12,4.403460210444799,92.01103610344028,8.336765832832487,1998.7093072260384,4,1,0,1991.0681017670797,🟡 High Cost Overstock
2024-04-24,1049,1,120,0.2183747870686165,350,114,2,3.1949148975207864,26.387114508032017,9.994328272700052,1144.6073286403073,4,2,0,1138.5193432136182,🟡 High Cost Overstock
2024-04-25,1011,4,121,0.1979235845648533,85,191,3,3.936573952023773,87.20905313603598,7.690042952039427,698.6593853314761,4,3,0,713.154540120671,🔴 Reorder Required
2024-04-26,1064,1,123,0.1870663504263753,136,154,12,4.8057171698717625,86.28585163514391,20.95074521163753,739.8633867377036,4,4,0,743.8594718899725,🔴 Reorder Required
2024-04-27,1053,5,124,0.1546780297956145,167,121,13,3.398176726368845,45.75951170614119,9.573502367732376,613.2550250097383,4,5,1,611.484594181639,🟢 Healthy
2024-04-28,1004,2,109,0.3205322198769205,377,166,7,4.92174496132135,43.8972149699692,8.110224855165914,1899.3950653881184,4,6,1,1878.3801573565656,🟡 High Cost Overstock
2024-04-29,1093,5,145,0.3421601487813377,497,198,5,1.9029382324345836,44.40759849228101,17.462213751761126,990.167900012269,4,0,0,974.5627286102973,🟡 High Cost Overstock
2024-04-30,1093,5,118,0.3822010642652549,231,177,10,1.3382023204080222,84.91149698755288,6.541640527213488,394.036233001806,4,1,0,382.40902620180333,🟢 Healthy
2024-05-01,1056,4,123,0.3720853483734672,117,191,7,2.314894495968101,86.5322790088156,5.898005544403451,392.7629683035042,5,2,0,388.9701148781256,🔴 Reorder Required
2024-05-02,1016,2,117,0.216933324513353,483,160,2,2.618597367211136,46.37779670621341,7.134352971049179,1311.160325069192,5,3,0,1299.6110256313652,🟡 High Cost Overstock
2024-05-03,1046,1,151,0.2321244021587386,408,89,14,4.5291269428366325,67.40722779555695,5.004817679743352,1915.291020472903,5,4,0,1944.6696903648965,🟡 High Cost Overstock
2024-05-04,1022,1,116,0.3726058141769351,208,161,14,3.019731975665044,31.11465835523636,18.939803084435848,659.2189092935654,5,5,1,674.4060612928058,🟢 Healthy
2024-05-05,1078,3,110,0.2397790563134513,334,187,4,1.8148144973810765,57.50229906248177,16.244706434289572,663.6503411877613,5,6,1,654.2248191180353,🟡 High Cost Overstock
2024-05-06,1084,1,109,0.1850492758477252,492,87,1,3.841854272903844,99.90342806844306,9.197502180754478,1990.0957303371345,5,0,0,1985.094919395696,🟡 High Cost Overstock
2024-05-07,1013,4,119,0.2497344614786958,213,105,5,2.776243717125819,32.707131816499746,9.660098959551917,624.0470435642993,5,1,0,619.1308291158831,🟢 Healthy
2024-05-08,1065,5,102,0.208833663031191,410,82,8,1.2295937537382655,95.80501119680471,21.219371969400797,599.9384502294937,5,2,0,624.7803111296626,🟡 High Cost Overstock
2024-05-09,1074,5,133,0.1353250884874311,122,138,1,3.095689044160635,85.94037775720062,15.036402317206008,629.0148666340642,5,3,0,603.5048117173462,🔴 Reorder Required
2024-05-10,1050,5,133,0.4320555609106614,168,195,7,4.601275415632777,97.7771720757016,18.970567141634795,870.7914419020083,5,4,0,869.6224823501494,🔴 Reorder Required
2024-05-11,1037,2,120,0.4412445556628145,390,167,7,4.29180177864119,34.36630084884264,14.05510902549831,1708.1689945189069,5,5,1,1696.7169131918004,🟡 High Cost Overstock
2024-05-12,1063,1,133,0.1879001200667518,244,82,7,3.14064487685899,37.08147923546914,9.754360520415846,803.3988291890627,5,6,1,793.0947363821055,🟢 Healthy
2024-05-13,1097,4,110,0.1259088798100807,138,117,1,2.1968742824824465,21.34937453878869,24.408056013658136,324.5180255213663,5,0,0,313.8645924146598,🟢 Healthy
2024-05-14,1037,2,130,0.3955309749404718,394,81,12,0.8914043797889502,77.97614503324844,16.312951267507948,429.1894706700948,5,1,0,409.826595892483,🟢 Healthy
2024-05-15,1049,3,116,0.1846114503453655,125,178,11,2.613420154992307,71.52757547489486,7.619638075358248,398.2050948489333,5,2,0,408.3918466879689,🔴 Reorder Required
2024-05-16,1097,4,122,0.2573741957747441,270,96,3,3.884357468883106,34.24523506597857,13.121800843678136,1083.0217516644173,5,3,0,1090.625041655304,🟡 High Cost Overstock
2024-05-17,1081,4,140,0.1256541008949533,188,152,11,2.1212317387985475,83.29159724336576,11.586748238938014,482.0831641374927,5,4,0,470.3959798514714,🟢 Healthy
2024-05-18,1029,4,100,0.190507833903374,421,115,2,1.5595107149824898,43.935640490538034,9.281749371770427,700.4896514981663,5,5,1,712.0795295723163,🟡 High Cost Overstock
2024-05-19,1078,5,125,0.4171609113318543,444,165,5,4.6912087367192905,30.79964554645081,23.66879978480519,2113.696324649816,5,6,1,2130.94086832188,🟡 High Cost Overstock
2024-05-20,1090,4,119,0.4217585787660808,290,174,2,4.197000652060966,53.80501320154785,22.61839990919505,1270.935202299228,5,0,0,1267.6542656918573,🟡 High Cost Overstock
2024-05-21,1050,1,109,0.1828339299550841,203,198,13,3.372240287390651,27.277587874148487,8.982942330402327,711.8423662144506,5,1,0,730.2487824764004,🟢 Healthy
2024-05-22,1062,4,152,0.2343655380426758,102,177,14,1.1155250476423373,41.05949250185973,12.042957781110337,756.9909364168949,5,2,0,725.3430856370925,🔴 Reorder Required
2024-05-23,1097,5,120,0.1536953676374974,191,167,5,1.1520897818277789,49.706668674187696,20.24630783341643,269.75581700329343,5,3,0,264.36674016088523,🟢 Healthy
2024-05-24,1051,4,122,0.1296690521139689,369,152,5,0.9644881615510054,88.149133961132,9.170120962804312,444.045265573453,5,4,0,438.54646664439593,🟢 Healthy
2024-05-25,1037,3,107,0.4968686857793638,443,189,4,3.2733350010173443,83.4038993034577,16.831297252084887,1533.4913047541413,5,5,1,1533.8403746998126,🟡 High Cost Overstock
2024-05-26,1096,3,115,0.3622375804979357,80,186,11,1.020032584130012,55.42034286004946,18.99587884249633,801.8787090778221,5,6,1,805.3294112612313,🔴 Reorder Required
2024-05-27,1087,5,123,0.3168386036793275,272,81,7,4.291822394881849,77.966004620191,18.079446514215327,1245.3416960280538,5,0,0,1254.7694401695342,🟡 High Cost Overstock
2024-05-28,1078,1,129,0.4061994001621198,341,164,10,4.968342508186949,65.4919708943204,19.12817280551001,1759.69676618607,5,1,0,1777.696572355464,🟡 High Cost Overstock
2024-05-29,1029,1,116,0.4360308638750897,315,113,6,2.148566831188994,47.267348406245446,19.133991780575258,724.0659002307785,5,2,0,721.3710322551898,🟡 High Cost Overstock
2024-05-30,1050,2,111,0.422685907217891,331,106,2,2.5415143113519383,78.06994747962278,24.296118396978567,919.3111845371144,5,3,0,902.5959445858498,🟡 High Cost Overstock
2024-05-31,1080,5,109,0.1066157797159506,325,116,4,3.7025022964355534,74.67993235731024,11.929977790406392,1277.9931786988654,5,4,0,1292.4666679153427,🟡 High Cost Overstock
2024-06-01,1004,4,107,0.1747231592761994,430,150,13,4.717188528465946,69.52755537548816,22.57180848751679,2097.918622615845,6,5,1,2089.7078729525633,🟡 High Cost Overstock
2024-06-02,1028,5,126,0.3619621208471324,93,101,14,4.523421981003733,69.43644168346005,5.436141250302136,669.5073471767777,6,6,1,677.7402168243699,🔴 Reorder Required
2024-06-03,1003,2,116,0.2503037391215852,111,147,11,0.7591632293743187,74.63855938615814,10.764059266465663,212.72597417903583,6,0,0,211.44543287887726,🔴 Reorder Required
2024-06-04,1009,5,122,0.4929930604244428,250,93,7,1.2608231115054425,50.76364101140306,5.973115639982631,365.9694188877637,6,1,0,361.1912592378241,🟢 Healthy
2024-06-05,1055,5,101,0.3661619170553016,384,177,9,3.895687393510065,89.52606520541619,18.024079199116805,1585.470024313281,6,2,0,1595.4968421982283,🟡 High Cost Overstock
2024-06-06,1016,2,101,0.4826195634916826,58,102,9,3.600018986146013,32.98462763971686,7.015807414632391,543.4654476653784,6,3,0,576.7815340213006,🔴 Reorder Required
2024-06-07,1073,1,139,0.1805785926583175,120,123,12,1.0994836731805546,90.71083705913232,21.914137273040925,639.0174860285765,6,4,0,560.6925247838752,🔴 Reorder Required
2024-06-08,1016,4,116,0.4455828112460093,139,185,3,2.7592906190070545,47.38254744255955,17.931833675805194,430.9239434845401,6,5,1,417.42207167183193,🔴 Reorder Required
2024-06-09,1083,2,128,0.2285409223260901,73,168,1,4.01366583988383,30.002529248689804,5.576308021072114,629.6970767191756,6,6,1,618.0538871277586,🔴 Reorder Required
2024-06-10,1087,3,125,0.4958259232951227,189,144,9,1.4845130701821214,68.00219221433039,19.29554730869246,348.5751624787514,6,0,0,345.07732013093886,🟢 Healthy
2024-06-11,1068,1,119,0.1630754688292589,365,194,8,4.420794360805998,50.07893352563242,22.240698945139226,1663.6688752198218,6,1,0,1651.7804992532294,🟡 High Cost Overstock
2024-06-12,1033,3,109,0.3065359275353306,389,198,7,0.7383729866916559,85.23997816828154,18.22242015324299,372.4670699913357,6,2,0,357.7398943600137,🟢 Healthy
2024-06-13,1005,1,118,0.4171378135348488,425,191,6,4.019877882806332,54.46283748230138,5.610484318700644,1762.9109376749925,6,3,0,1754.2489395130483,🟡 High Cost Overstock
2024-06-14,1052,4,116,0.2730569922416144,127,158,14,3.271185049054416,73.48500204496878,22.15839096920813,488.9255032748797,6,4,0,491.36133716510255,🔴 Reorder Required
2024-06-15,1065,4,128,0.2872336240750587,263,175,10,1.918397059944571,44.66063916038604,19.649278258680702,549.1990659258082,6,5,1,555.0882526949265,🟡 High Cost Overstock
2024-06-16,1076,5,105,0.4945423182022964,65,157,7,3.744196467538601,36.75619000202721,12.569026249679684,782.8900103792237,6,6,1,800.5950655347293,🔴 Reorder Required
2024-06-17,1042,3,139,0.2701232601204613,78,184,11,4.020646078180219,51.0439224759059,11.572605166310051,1070.5832317188765,6,0,0,1138.5479077723874,🔴 Reorder Required
2024-06-18,1074,1,121,0.3416288402396255,465,140,9,4.7025453708678615,68.54462676819468,14.596403628148805,2255.22822422175,6,1,0,2272.987331126753,🟡 High Cost Overstock
2024-06-19,1022,4,116,0.1218158642700602,424,164,6,2.1549860246941863,72.55573913690814,22.342035018757414,986.2698136072432,6,2,0,993.5315284041849,🟡 High Cost Overstock
2024-06-20,1054,2,121,0.436884032084104,340,134,14,3.587075311909797,66.25653322384147,10.04118703739115,1285.8621392731725,6,3,0,1275.4593220866454,🟡 High Cost Overstock
2024-06-21,1079,4,106,0.3592672195918174,92,190,14,3.211773246206109,99.04445748992872,7.019276224824022,492.797463288427,6,4,0,490.4248261349542,🔴 Reorder Required
2024-06-22,1094,2,141,0.2616080411451254,401,150,10,2.8634273125568983,75.28721491961322,22.292727459221,1223.5215672549296,6,5,1,1221.7541673755823,🟡 High Cost Overstock
2024-06-23,1074,1,134,0.1064678159818079,424,179,3,4.506874133697671,94.52157020775344,5.525796977614458,2005.4362028955657,6,6,1,1989.6135836339533,🟡 High Cost Overstock
2024-06-24,1015,4,111,0.3366675282374015,102,164,13,0.5142529136228015,29.43465559161396,23.21994044488129,290.8679167850713,6,0,0,288.90113236697135,🔴 Reorder Required
2024-06-25,1007,4,103,0.1050631313936648,325,129,14,1.7695022274661891,24.90983438507831,11.114903886028014,599.9980583115898,6,1,0,609.2589893411616,🟡 High Cost Overstock
2024-06-26,1003,1,109,0.1004814455636071,420,183,3,2.9222475779517354,44.87957616095629,15.164454033765352,1272.2235589006852,6,2,0,1240.2031131662866,🟡 High Cost Overstock
2024-06-27,1003,4,120,0.3464394248597419,281,91,4,1.3023196773644856,30.927115070113917,7.645910495044561,396.8789444095344,6,3,0,367.70805068880713,🟢 Healthy
2024-06-28,1055,2,104,0.1756068269338217,261,158,10,4.585399401797412,62.06948225826142,23.045099387533703,1258.8587261273858,6,4,0,1256.3008521292295,🟡 High Cost Overstock
2024-06-29,1024,4,119,0.1767550198872381,57,94,13,3.414178029258569,61.5185002818623,19.996724467688093,1495.9235649462626,6,5,1,1509.1336567322176,🔴 Reorder Required
2024-06-30,1066,3,131,0.3613086263330974,171,96,14,2.6504734758439548,66.00377331551601,23.483111732160683,519.2347376848322,6,6,1,507.8243112071609,🟢 Healthy
2024-07-01,1095,5,131,0.1214788751757497,91,113,14,4.166157915799945,79.61823046648581,18.66458102236325,1205.3218416988109,7,0,0,1206.1886144346022,🔴 Reorder Required
2024-07-02,1066,2,122,0.2253622245898225,382,187,10,2.528987861592967,97.7063760169856,8.693875534846523,1063.779739145499,7,1,0,1069.813216399706,🟡 High Cost Overstock
2024-07-03,1026,3,117,0.1597727608568076,282,114,8,3.0139385536850427,90.26069531513173,11.165340059724986,940.1913674543138,7,2,0,936.1588217174863,🟡 High Cost Overstock
2024-07-04,1092,1,125,0.3320705479186135,119,118,10,0.5123794799926444,29.46937916604653,14.736971502069467,178.86436629758805,7,3,0,174.31829429571872,🟢 Healthy
2024-07-05,1031,2,124,0.3647060618909583,416,181,9,2.145652385877831,47.08109510165258,17.14516410720414,939.6724876268304,7,4,0,969.6013453404942,🟡 High Cost Overstock
2024-07-06,1049,5,137,0.3884543414396174,65,157,14,1.1245571255793638,40.46584200384335,23.529188746725477,1807.663644930736,7,5,1,1674.4808750321265,🔴 Reorder Required
2024-07-07,1060,5,102,0.2020924867674262,118,134,8,3.60359906298031,34.14538862238342,12.67902931578278,459.37007805406,7,6,1,437.7547583789864,🔴 Reorder Required
2024-07-08,1050,1,129,0.1356999006546336,102,138,11,2.655621315390802,63.57799013246276,19.06144043814292,849.1102561321833,7,0,0,851.2126957453918,🔴 Reorder Required
2024-07-09,1018,1,120,0.1314734627767591,222,84,10,1.8579090076260385,64.26115216261844,24.22017697821644,476.71695185559895,7,1,0,469.5322644260692,🟢 Healthy
2024-07-10,1020,2,112,0.2704606193802895,484,109,2,2.605245527172841,38.17958623104491,8.04748126830906,1299.1184213826998,7,2,0,1294.721660742466,🟡 High Cost Overstock
2024-07-11,1004,4,136,0.478337763625086,311,83,4,1.443334495781058,76.95178002453484,22.254191775590964,525.8288082124438,7,3,0,532.8904899858194,🟡 High Cost Overstock
2024-07-12,1081,1,126,0.1870916136988098,428,94,4,4.662889846187633,78.63314393356042,13.414121407863972,2074.349998101867,7,4,0,2072.1359830262595,🟡 High Cost Overstock
2024-07-13,1091,4,102,0.2026966405366197,338,182,12,0.7428768464791085,21.678399586714665,19.648435518586737,272.7707736966533,7,5,1,279.6982096693271,🟢 Healthy
2024-07-14,1041,3,114,0.1403555208423436,64,114,2,4.394376658832542,51.660616297785324,10.870766774741671,876.4390612001516,7,6,1,890.0267282736263,🔴 Reorder Required
2024-07-15,1060,5,111,0.3422281095575721,319,188,13,2.8011145493000797,91.21125129612967,11.679684365320032,984.766792522855,7,0,0,987.419067546255,🟡 High Cost Overstock
2024-07-16,1021,4,112,0.3719491495788699,216,153,8,3.2852592326246777,61.625488659507056,5.542664497361322,771.2414829064375,7,1,0,760.2895010921987,🟢 Healthy
2024-07-17,1020,5,106,0.357172483264304,112,134,3,1.861725294089167,47.810224115119546,24.42808306333919,256.32345705310627,7,2,0,271.330069981069,🔴 Reorder Required
2024-07-18,1069,4,122,0.4444520972179125,310,145,2,4.8501392755744455,40.29409212761041,21.26905150461569,1543.8372675556884,7,3,0,1527.6864996760587,🟡 High Cost Overstock
2024-07-19,1000,3,115,0.2945703340104287,170,187,7,1.7683293133377045,39.46836159346258,6.878359158524409,340.0843448608723,7,4,0,334.49899919904465,🔴 Reorder Required
2024-07-20,1004,1,136,0.1537828163068257,395,139,1,3.1499509871313696,27.981442708064503,24.99017591327549,1272.2120826249557,7,5,1,1289.4884889089103,🟡 High Cost Overstock
2024-07-21,1011,3,114,0.215762052281765,289,103,6,4.97037517298208,85.37811352744737,17.10049194405883,1521.8165385192683,7,6,1,1547.8844604701976,🟡 High Cost Overstock
2024-07-22,1089,1,107,0.3649719893685407,156,171,13,4.464924783725506,26.9325924315337,22.074572759287665,723.4608586927127,7,0,0,712.0664674502607,🔴 Reorder Required
2024-07-23,1045,1,115,0.3452487894966239,229,101,13,2.913484213787477,43.383581268945264,6.33321526555738,710.5714662262776,7,1,0,749.2735509262687,🟢 Healthy
2024-07-24,1033,5,111,0.312401251897185,65,123,3,4.956685353352454,23.65405908530825,12.789023569838474,934.1336912657875,7,2,0,946.4697702218732,🔴 Reorder Required
2024-07-25,1048,3,106,0.3731857674754749,404,111,13,3.656164377796766,82.51092557789605,18.3930224460722,1559.6013342077897,7,3,0,1539.7992540019425,🟡 High Cost Overstock
2024-07-26,1077,4,124,0.3549563401493197,471,174,3,1.439151872638142,23.142694578143235,7.128674373994031,700.9832265907082,7,4,0,707.2389459171984,🟡 High Cost Overstock
2024-07-27,1089,3,122,0.4525299557859806,358,162,5,2.325182946961129,44.66408830945667,14.778056773080014,877.0795833215409,7,5,1,885.6186661237133,🟡 High Cost Overstock
2024-07-28,1044,5,125,0.3344065509913186,264,130,14,2.00522000305198,65.86378960693312,13.853557490882832,595.2418704126557,7,6,1,590.1520215389404,🟡 High Cost Overstock
2024-07-29,1026,1,134,0.4114405434802226,126,164,3,2.0480616872203514,52.76490882347551,9.320804489471596,385.3871173290125,7,0,0,367.6320526139995,🔴 Reorder Required
2024-07-30,1072,5,126,0.1994828623865871,274,82,12,3.9220539771193983,42.58168537992803,11.005396717036044,1117.2244751106432,7,1,0,1112.7673274576116,🟡 High Cost Overstock
2024-07-31,1025,2,116,0.3712730338356272,142,149,4,3.129183172727571,42.01512579420333,24.342367089899646,486.35913632151846,7,2,0,496.77201355891754,🔴 Reorder Required
2024-08-01,1046,2,121,0.4608776473530703,230,111,13,0.6714172021528784,83.82322448049995,10.77296972019872,238.24918097566197,8,3,0,237.82423026298514,🟢 Healthy
2024-08-02,1085,4,130,0.2542929311599333,223,81,13,4.448518176429392,97.9182476069796,9.26852267936822,1089.937800950734,8,4,0,1086.423782024558,🟢 Healthy
2024-08-03,1055,5,126,0.4116416749354586,403,167,3,1.8355826321607405,47.84328563590347,15.724183421366668,787.5830863966819,8,5,1,785.1134708587965,🟡 High Cost Overstock
2024-08-04,1093,4,122,0.3899157204781741,403,188,7,4.986836946109147,23.131641088721324,18.419160681405955,2032.8269303707075,8,6,1,2037.0010285551862,🟡 High Cost Overstock
2024-08-05,1062,4,125,0.123810478748729,268,138,3,4.793858286506536,22.925262232728677,19.5018622213913,1307.6792830164804,8,0,0,1303.9650996136838,🟡 High Cost Overstock
2024-08-06,1047,2,131,0.3326033238496289,192,170,14,4.732388225068844,80.73707321685745,20.084943689938324,989.3556124300754,8,1,0,965.3828808030588,🟢 Healthy
2024-08-07,1060,4,122,0.1520757396803209,364,152,10,4.150074218287882,64.18958572873015,5.736649830295062,1574.8166011855192,8,2,0,1574.4412783518605,🟡 High Cost Overstock
2024-08-08,1080,2,116,0.4869276688922365,483,156,4,1.4927599925759416,82.68741259338643,12.875208007591263,803.6904890075662,8,3,0,783.677199467147,🟡 High Cost Overstock
2024-08-09,1025,1,119,0.4245630010802624,442,198,2,2.896847348129519,75.79976082308599,20.479161595661804,1356.2062886963336,8,4,0,1355.267864966629,🟡 High Cost Overstock
2024-08-10,1035,5,140,0.143889520498848,331,93,2,1.5093618207123858,92.60050794123173,23.097042036002588,592.1992705970314,8,5,1,612.4556508133376,🟡 High Cost Overstock
2024-08-11,1000,4,125,0.1487007990590713,308,130,9,1.6685395501502716,90.86594328372988,17.044002466655666,604.7761247300135,8,6,1,614.9577067161449,🟡 High Cost Overstock
2024-08-12,1007,2,103,0.3377895419650476,405,90,11,3.249282962463248,83.06619164969419,6.046137070193714,1399.0257914473098,8,0,0,1389.9571518622583,🟡 High Cost Overstock
2024-08-13,1098,3,127,0.2379556696692733,96,157,1,0.6837509540887852,58.0151328033715,12.932916117102623,524.5756240260762,8,1,0,496.90452280815055,🔴 Reorder Required
2024-08-14,1051,4,133,0.1139623436292437,54,159,1,4.862563550693184,44.6501126083082,6.484542317369093,819.5073874178985,8,2,0,830.4976506780345,🔴 Reorder Required
2024-08-15,1078,1,102,0.3166566031332212,111,89,10,4.63402927660084,60.56214299557119,19.97075725369169,574.9393926982644,8,3,0,602.5508568341751,🟢 Healthy
2024-08-16,1046,1,111,0.2551380398743388,133,163,1,2.2134540747097398,60.16572858558589,6.2701093856333046,354.5551205219812,8,4,0,361.2977239717368,🔴 Reorder Required
2024-08-17,1055,3,129,0.140430596948697,182,159,14,2.819401016031109,68.822043911147,8.714621334703544,581.9530288288089,8,5,1,585.8009973751806,🟢 Healthy
2024-08-18,1085,2,132,0.4207681569023931,443,137,3,2.597537386704916,34.887805422632326,13.339168479295484,1185.59686773291,8,6,1,1187.4330379316948,🟡 High Cost Overstock
2024-08-19,1013,4,123,0.4660307061115224,385,113,2,4.469899003778615,72.4495904355991,14.25296734229744,1793.3607068903657,8,0,0,1781.5332737792016,🟡 High Cost Overstock
2024-08-20,1089,2,115,0.402637573605652,112,159,3,3.5987084434225,56.52807393646526,13.129634006300249,498.972321618686,8,1,0,517.7148666414989,🔴 Reorder Required
2024-08-21,1027,1,119,0.428968924006511,330,157,14,1.751500613409604,69.61638655526873,14.26793293212,647.611588980438,8,2,0,653.9089004295133,🟡 High Cost Overstock
2024-08-22,1086,2,141,0.1865962269064469,93,132,5,2.510785645093836,39.16838583356365,19.264783040404,1197.3810367666824,8,3,0,1139.4292943977346,🔴 Reorder Required
2024-08-23,1077,1,107,0.2054291803674404,202,107,9,2.430346890590437,54.7515915101884,12.38537645911083,545.6816634094566,8,4,0,526.949115597498,🟢 Healthy
2024-08-24,1087,2,143,0.1834110161196751,463,97,2,4.817008257277633,36.81609715620162,15.955009183012384,2267.0909202757457,8,5,1,2281.004417082653,🟡 High Cost Overstock
2024-08-25,1001,3,108,0.4060253725462256,319,105,12,1.2888990973158785,90.02441254054413,11.067385150574644,501.18322458430936,8,6,1,508.28952214594113,🟡 High Cost Overstock
2024-08-26,1025,5,122,0.4791668315737988,391,181,11,0.9030935178249306,59.036883603323005,12.072549901809651,412.1464490728709,8,0,0,397.34008279740084,🟢 Healthy
2024-08-27,1013,3,126,0.386734882693561,220,86,14,4.462784744727606,37.998513245904974,17.275979180841617,1019.8111570859784,8,1,0,1026.8728214206894,🟢 Healthy
2024-08-28,1058,3,113,0.4525867059518224,205,124,1,4.535086952776419,23.296695659323703,14.8098930327404,952.9895209784896,8,2,0,947.4894946985465,🟢 Healthy
2024-08-29,1055,5,113,0.3554796379532691,324,177,11,4.422825895604741,74.05909317228335,19.460725897185625,1507.0546833482194,8,3,0,1509.7476646405753,🟡 High Cost Overstock
2024-08-30,1006,5,132,0.2550639602235196,407,190,6,2.7993961203150035,37.171577119180455,16.210771761034994,1176.5257980873869,8,4,0,1171.3656394259724,🟡 High Cost Overstock
2024-08-31,1002,4,113,0.2703046459721221,475,192,3,3.468849927212572,99.16657538550228,21.071481707677457,1746.870290811474,8,5,1,1746.6864778967326,🟡 High Cost Overstock
2024-09-01,1022,4,108,0.1301285728669619,69,124,13,3.035133714024427,62.69602987321373,13.868164259894332,812.9786622767781,9,6,1,788.8504380117332,🔴 Reorder Required
2024-09-02,1017,3,135,0.1125828780984104,263,150,7,0.8125152172448041,43.118159699842565,14.820672397336027,256.80966183522605,9,0,0,251.14242705243328,🟢 Healthy
2024-09-03,1037,3,104,0.378190241675631,128,176,6,3.181257036053251,72.61419470341042,18.39942697801879,479.81509531822655,9,1,0,477.6368955452027,🔴 Reorder Required
2024-09-04,1098,1,124,0.2753715568044722,188,114,11,0.561263662652454,42.01759387504684,9.424878888240976,147.5351624537082,9,2,0,157.72943425815123,🟢 Healthy
2024-09-05,1014,1,118,0.3208860272218518,487,131,7,1.962443343006888,85.62194351277972,12.718590738625217,1041.331851557134,9,3,0,1043.2597052326446,🟡 High Cost Overstock
2024-09-06,1063,4,128,0.3230644990489665,147,193,13,4.695316591429251,44.65888407439535,17.496824880234158,734.8704230144953,9,4,0,746.8174723151295,🔴 Reorder Required
2024-09-07,1088,4,115,0.2109503253333206,426,182,13,1.868203713361134,99.05981859167274,5.577525385314727,894.9146004835159,9,5,1,884.9893263184254,🟡 High Cost Overstock
2024-09-08,1027,1,120,0.2903570043317963,201,100,5,4.729219891899115,68.41158283562349,13.739428672678834,1018.9847811073456,9,6,1,1031.4991760911198,🟢 Healthy
2024-09-09,1073,1,142,0.2883040886670809,247,192,1,1.625602807171599,87.55289191541307,16.976998726122336,489.0767852867981,9,0,0,493.70601487221376,🟢 Healthy
2024-09-10,1038,2,133,0.2553708884911428,322,107,14,1.915530082076896,25.825237566273778,24.34751063956396,642.6259239950343,9,1,0,621.9578098971022,🟡 High Cost Overstock
2024-09-11,1056,2,132,0.4282701533604282,205,175,3,3.327833733973491,47.863953390895055,22.540331232353424,730.0698688554608,9,2,0,733.9255772272803,🟢 Healthy
2024-09-12,1016,1,117,0.2804656014750384,99,123,3,3.9273213775518263,78.99896689329196,10.614839058853162,658.8708863302797,9,3,0,664.9750574608807,🔴 Reorder Required
2024-09-13,1085,2,119,0.3414578098023951,277,159,7,2.756244956021978,72.40472138724661,15.144202080578497,835.8845742053345,9,4,0,838.8371440929459,🟡 High Cost Overstock
2024-09-14,1089,5,149,0.4582080481523304,488,135,14,4.4695205923737,35.53944971470062,6.1282874532018266,2216.665498793066,9,5,1,2261.7302913232784,🟡 High Cost Overstock
2024-09-15,1043,4,103,0.446493449143569,59,89,13,0.6810818972477866,48.49623444077679,9.815088296356144,520.5439514180664,9,6,1,482.2826299393313,🔴 Reorder Required
2024-09-16,1024,4,97,0.4561688815116661,198,102,3,4.649876773854667,41.07547259900328,20.4971173613618,961.7510738222276,9,0,0,978.3758081051527,🟡 High Cost Overstock
2024-09-17,1016,1,110,0.2080019985860056,107,127,11,1.3833850995293362,69.06961358094745,7.466280245506891,239.4906599671071,9,1,0,237.64232922129528,🔴 Reorder Required
2024-09-18,1012,3,118,0.1139929953232251,211,131,5,4.479074352880952,47.565458356702,10.153810496679132,992.6501468145829,9,2,0,999.8275939977194,🟢 Healthy
2024-09-19,1083,1,128,0.2044267199581317,400,193,4,2.3038843076887123,44.72433936002798,23.88085003471616,966.278062435513,9,3,0,1001.0499418088534,🟡 High Cost Overstock
2024-09-20,1024,2,115,0.2114829382482834,156,94,4,4.247406751419669,36.59023843490733,21.47711600984916,699.1856916563758,9,4,0,707.283607287794,🟢 Healthy
2024-09-21,1067,3,129,0.4637441306899872,476,134,13,3.522494974116628,52.72216967317186,20.636554252978243,1729.4297773526869,9,5,1,1742.3911774190092,🟡 High Cost Overstock
2024-09-22,1009,2,119,0.3596970931351883,444,122,7,1.2917373461521795,35.64020721572429,22.291149806043137,609.1715889072921,9,6,1,611.3217215967056,🟡 High Cost Overstock
2024-09-23,1066,5,134,0.1326815838408915,338,129,1,4.631214064466518,97.00556699021058,19.99211373164708,1662.3559207798935,9,0,0,1668.3254391398264,🟡 High Cost Overstock
2024-09-24,1017,2,119,0.1541514384044404,235,85,7,1.6048282571980683,32.360144919624275,7.411724322364699,409.49478536117033,9,1,0,415.4353493041081,🟢 Healthy
2024-09-25,1099,5,110,0.1622704502167901,95,112,8,1.5986305341274958,93.06437719670213,15.331226529704626,474.9026758843836,9,2,0,469.97609621085957,🔴 Reorder Required
2024-09-26,1085,5,109,0.3521686992675693,494,141,3,4.163805034868212,54.27784785252656,13.88487841604644,2111.1975350774237,9,3,0,2111.5586018782005,🟡 High Cost Overstock
2024-09-27,1033,2,126,0.3941656102028013,495,134,3,0.9764296500763446,50.22927932493776,11.223031565407602,533.5619561127284,9,4,0,536.7411998721489,🟡 High Cost Overstock
2024-09-28,1007,2,141,0.4438575642261585,178,118,4,1.4991615786670716,38.505584072387904,21.68080819439211,305.3563450751267,9,5,1,305.1693299719849,🟢 Healthy
2024-09-29,1039,5,120,0.4762546203224972,454,91,13,2.7665490803947805,70.86050674940154,14.282784047484672,1326.873789248632,9,6,1,1323.0917912460436,🟡 High Cost Overstock
2024-09-30,1082,3,137,0.1806818229545767,367,195,6,4.23714662908981,74.84224120086691,6.205952027150994,1629.8750540768272,9,0,0,1636.53343403993,🟡 High Cost Overstock
2024-10-01,1041,5,116,0.2239089938896196,497,179,14,1.1636778863177035,57.4056769801934,10.499311674405366,635.7535864800922,10,1,0,634.1876267333928,🟡 High Cost Overstock
2024-10-02,1040,4,138,0.1961291522979322,136,110,7,2.9645070553055586,24.45655165547393,9.572421160588902,446.7743534982077,10,2,0,452.13624253379754,🟢 Healthy
2024-10-03,1005,5,105,0.2435046269864551,298,153,1,3.700582663113228,93.480812055084,22.74957769622567,1196.254445662826,10,3,0,1208.5367012155514,🟡 High Cost Overstock
2024-10-04,1051,3,138,0.4658660429694997,378,132,13,4.372678511221781,98.42633063011048,17.948762012779998,1751.2988078719436,10,4,0,1740.7679226492007,🟡 High Cost Overstock
2024-10-05,1025,4,117,0.3300450267757446,489,113,4,4.7100450209099884,54.4834732169468,16.207525317641505,2357.6954884419315,10,5,1,2360.5134391396173,🟡 High Cost Overstock
2024-10-06,1063,1,123,0.3952767589297996,306,120,12,4.030879615110196,69.09286459274617,15.1329848335741,1302.5420268164662,10,6,1,1294.9049852320834,🟡 High Cost Overstock
2024-10-07,1097,1,111,0.2960476944507128,326,89,7,3.4377277919990084,56.02389009949974,18.00226055082931,1176.7231502911766,10,0,0,1197.334582037233,🟡 High Cost Overstock
2024-10-08,1058,3,137,0.1115431653344498,327,131,11,2.4512903839074465,45.75037207088965,20.09751093554249,847.3223276086246,10,1,0,819.3471174535882,🟡 High Cost Overstock
2024-10-09,1055,5,124,0.1256781943991257,487,154,2,1.0044956938478884,26.18550342862461,16.087694116630196,515.3749063325463,10,2,0,509.8941050004935,🟡 High Cost Overstock
2024-10-10,1058,2,138,0.3151692125071543,53,136,1,3.6938173663648457,56.48541843178391,23.76570830305221,2272.342944608559,10,3,0,2050.678128584802,🔴 Reorder Required
2024-10-11,1069,3,147,0.3875156139280102,114,157,1,4.967317870139691,85.47076450875612,24.53668341300769,1461.4555543339347,10,4,0,1275.2530514974485,🔴 Reorder Required
2024-10-12,1032,4,121,0.1861322110114926,484,82,10,3.8154226762944496,21.36251688704029,24.90684633217646,1868.027092213554,10,5,1,1872.7807622745934,🟡 High Cost Overstock
2024-10-13,1052,4,117,0.3887638295969217,251,136,14,0.5751999218197683,66.56861465441779,18.38782220177289,210.94379503117963,10,6,1,200.71213657275436,🟢 Healthy
2024-10-14,1021,1,122,0.424266309393405,112,112,14,2.7331699011882744,90.4617686981351,23.652409335117568,633.1008909823975,10,0,0,600.7425643077524,🔴 Reorder Required
2024-10-15,1020,4,120,0.2647589913448445,192,86,6,3.265909846173068,37.40395440114864,13.089593906159092,664.4586448663777,10,1,0,662.3791293885101,🟢 Healthy
2024-10-16,1069,3,124,0.3985676931376419,293,83,12,3.6035339049627937,34.66046917512497,22.191847824947708,1090.4959033292234,10,2,0,1114.5934822382692,🟡 High Cost Overstock
2024-10-17,1069,4,133,0.261611980131384,341,118,5,3.738766260203189,81.78213005615545,23.18348597479362,1356.701424785443,10,3,0,1368.5999741051703,🟡 High Cost Overstock
2024-10-18,1003,3,109,0.371340251782008,334,127,1,3.011487985474358,40.40691448954347,23.082809446645516,1046.243901637979,10,4,0,1056.3243617585874,🟡 High Cost Overstock
2024-10-19,1093,2,129,0.4055988197278172,229,153,10,1.5051214973040812,35.35874140485188,21.61692565816763,380.0315642874865,10,5,1,378.7223278232405,🟢 Healthy
2024-10-20,1074,1,129,0.4967706473232444,223,158,3,4.73990297664446,50.2391400455388,13.131983232825007,1107.2375038372534,10,6,1,1094.67847861464,🟢 Healthy
2024-10-21,1061,4,114,0.2381586648254384,374,95,11,3.634999104486479,51.40016098161744,8.178149639614688,1410.8898260595606,10,0,0,1419.315586526631,🟡 High Cost Overstock
2024-10-22,1061,3,110,0.2644163122298446,462,117,7,1.5657801659123427,89.92808504132528,11.679127126888918,813.3185216928276,10,1,0,824.9921041684966,🟡 High Cost Overstock
2024-10-23,1093,5,107,0.1662480237640685,160,83,12,1.950448245216228,69.47547775469415,20.34577138596186,381.5471969892906,10,2,0,358.5867758337251,🟢 Healthy
2024-10-24,1094,1,119,0.1816292233607227,224,83,9,4.648674517836664,52.47691650716715,9.657710226599503,1093.7800085025797,10,3,0,1085.4727398497914,🟢 Healthy
2024-10-25,1023,2,140,0.3773580010393511,202,199,13,4.493683340183011,62.75103714286135,14.565441296519449,970.4750718598297,10,4,0,998.4704914592864,🟢 Healthy
2024-10-26,1054,3,120,0.4668182360617904,449,198,9,2.3231589726114037,96.31721866602192,16.30799035969344,1139.415597368542,10,5,1,1143.5081107611775,🟡 High Cost Overstock
2024-10-27,1008,2,131,0.2578419806644962,405,179,6,0.6723824989615295,29.05717412879163,17.077171248757505,301.3720862082111,10,6,1,296.3522721093875,🟢 Healthy
2024-10-28,1002,2,114,0.1719377787342165,266,106,3,0.7182381600227219,36.61724173797531,23.71451096757597,227.6685923040193,10,0,0,233.86760073576957,🟢 Healthy
2024-10-29,1030,4,111,0.2140397997531976,346,165,1,1.7776323091327506,97.00229652692444,18.22986040828635,712.0630754868561,10,1,0,723.1435478324606,🟡 High Cost Overstock
2024-10-30,1039,4,112,0.2820206819232554,498,165,3,3.331049987025497,96.58598788217633,20.72597632154604,1755.4488814208742,10,2,0,1749.2896231372874,🟡 High Cost Overstock
2024-10-31,1035,3,111,0.2162601317461473,453,96,10,3.1288758590055283,34.173233701181815,16.637566957832668,1451.553997830686,10,3,0,1419.6525798138327,🟡 High Cost Overstock
2024-11-01,1023,5,133,0.1934316332487465,469,188,2,3.3522250412477423,31.608705370023856,21.671606377239264,1603.802249715215,11,4,0,1617.6919358027112,🟡 High Cost Overstock
2024-11-02,1094,3,117,0.3943937955028318,289,177,11,3.72777337369448,53.68681074708959,10.273272261395256,1131.0133157447942,11,5,1,1197.5189063063722,🟡 High Cost Overstock
2024-11-03,1005,5,109,0.1031379684962492,275,175,5,0.5856451411673229,23.97746339903753,9.197553433375784,185.02987722005133,11,6,1,189.18015294538398,🟢 Healthy
2024-11-04,1065,2,113,0.3156922109345932,235,195,8,0.9728851782759927,72.3922825828112,23.526400975159397,301.02029947766954,11,0,0,309.7402098226734,🟢 Healthy
2024-11-05,1083,1,116,0.4175067228119016,97,149,5,2.1176755332224566,26.19968173293937,18.869617527147568,590.1369414713215,11,1,0,591.1370884712655,🔴 Reorder Required
2024-11-06,1091,3,124,0.2064913145269873,435,133,1,1.196869988847118,24.64237016754246,18.43051154116442,545.2808153160388,11,2,0,551.5849509654977,🟡 High Cost Overstock
2024-11-07,1074,3,141,0.3413166042448069,257,176,3,0.8389401914504937,58.81495489670794,14.345904772568998,274.4225840994848,11,3,0,270.2367820022798,🟢 Healthy
2024-11-08,1003,5,110,0.3675600422474471,206,87,12,3.3843397819879937,96.62293088880811,12.53394518587021,793.7969259783348,11,4,0,796.2221096815424,🟢 Healthy
2024-11-09,1078,2,124,0.362009878562036,274,193,5,4.169014148709946,54.14367488505277,16.113823889572778,1196.4535516315782,11,5,1,1183.687155703709,🟡 High Cost Overstock
2024-11-10,1005,2,117,0.2783398536794871,193,132,7,3.886819958454271,48.518492692844085,7.411326988433342,798.6747446745185,11,6,1,788.4888822360183,🟢 Healthy
2024-11-11,1093,5,126,0.2386311951503117,468,179,5,4.176679003741306,99.83653724018288,14.094251221662155,2054.522310991114,11,0,0,2064.658702138143,🟡 High Cost Overstock
2024-11-12,1050,2,114,0.4343696292111254,160,84,14,3.496354448260448,62.55751686233467,14.107354089309618,621.9742285840063,11,1,0,603.9134115207643,🟢 Healthy
2024-11-13,1061,4,118,0.4033783827999457,367,148,10,3.80905394816391,50.01931255121988,15.766730258885303,1447.942111527375,11,2,0,1491.7830332584863,🟡 High Cost Overstock
2024-11-14,1056,1,144,0.228502069365565,412,126,5,1.723004483937356,50.868865067328144,17.693712287344045,760.7467124495188,11,3,0,733.9382655762959,🟡 High Cost Overstock
2024-11-15,1065,3,114,0.1412076777768824,411,153,7,4.968536163278739,35.59675968268084,24.14636731970724,2077.665122790243,11,4,0,2075.5143567745854,🟡 High Cost Overstock
2024-11-16,1078,1,120,0.1287230181781876,181,119,13,1.324245445222492,60.97784459580311,18.043382541835136,300.6662701810742,11,5,1,290.40631502005164,🟢 Healthy
2024-11-17,1074,3,126,0.1377103911595744,162,86,8,1.4652224347522211,55.10840225344047,22.67450303906823,292.4744366833003,11,6,1,296.34285754072283,🟢 Healthy
2024-11-18,1007,4,122,0.3331477444768171,373,91,14,1.8001482431713107,41.66362370779307,16.126077229383277,713.1189184106919,11,0,0,730.272515202706,🟡 High Cost Overstock
2024-11-19,1025,2,106,0.1206648703315958,484,173,8,4.888995935479605,32.84320692814078,17.538557652549795,2399.1172397002697,11,1,0,2392.4990703712783,🟡 High Cost Overstock
2024-11-20,1050,5,135,0.2347707499856153,138,104,7,4.947298652092577,44.899109493404296,6.396739062191392,727.6263234821799,11,2,0,739.4567175948218,🟢 Healthy
2024-11-21,1044,4,129,0.4012798807656917,210,107,13,4.077021873679239,60.69466621501834,7.665274457688311,916.8692596876584,11,3,0,944.4728698953597,🟢 Healthy
2024-11-22,1043,1,118,0.2177392666061512,383,122,14,3.330759193518352,24.66666178278413,16.593408703950793,1300.3474329003127,11,4,0,1308.4970137276914,🟡 High Cost Overstock
2024-11-23,1004,5,131,0.4053232308720519,457,156,3,2.84028158833076,32.29952228671648,12.914257399160585,1330.3082081538737,11,5,1,1340.7092196141143,🟡 High Cost Overstock
2024-11-24,1069,2,121,0.3981868152828222,124,126,11,4.867793805590805,95.81258135752763,20.976210397310037,699.4190132507875,11,6,1,727.6955365793061,🔴 Reorder Required
2024-11-25,1025,4,121,0.1983308530532865,330,128,2,3.630302612862114,63.42842808250712,15.86355749748352,1261.4282903270046,11,0,0,1292.184670079192,🟡 High Cost Overstock
2024-11-26,1067,5,146,0.3915288720370982,461,165,1,4.751285577467136,25.07594429280303,22.64582077902676,2215.418595505153,11,1,0,2208.551307030812,🟡 High Cost Overstock
2024-11-27,1018,4,113,0.3991106553088402,56,133,6,1.9244785976493075,75.44702070156583,24.446633569245822,1576.6759356169391,11,2,0,1481.923231323323,🔴 Reorder Required
2024-11-28,1083,4,133,0.2589815702668108,162,97,13,2.0019865652130453,24.94422960632278,7.9527037024297,349.26605317083613,11,3,0,338.88475463377955,🟢 Healthy
2024-11-29,1096,2,125,0.1841681934966073,85,106,9,4.34626067353296,79.10993816370984,12.89655503311253,964.4042967385128,11,4,0,957.2660229272628,🔴 Reorder Required
2024-11-30,1019,3,109,0.3085083227567476,315,151,3,1.1743471426338248,79.99701773760215,18.299620504760615,449.91636766725696,11,5,1,460.452461013003,🟢 Healthy
2024-12-01,1011,5,98,0.4685590352000786,162,85,5,4.756675375832341,72.08631805994021,11.109775108006994,842.6677289447795,12,6,1,823.6905733279228,🟢 Healthy
2024-12-02,1046,2,121,0.3558466929728248,341,154,9,2.7836345959853337,78.57636356954798,10.340646754429905,1027.7957608005468,12,0,0,996.9426841468221,🟡 High Cost Overstock
2024-12-03,1000,4,128,0.1691689990509045,272,172,14,4.66886245362664,27.03726248104462,21.27477121257673,1296.9678498674907,12,1,0,1297.1125668741379,🟡 High Cost Overstock
2024-12-04,1089,2,129,0.3731027698934079,260,184,14,2.0155675492661587,78.14244418842141,24.60756938117486,602.1900069976227,12,2,0,622.1111306306643,🟡 High Cost Overstock
2024-12-05,1013,3,109,0.2708812109127338,67,148,9,3.7218150686272864,30.935065577910635,20.476066624949627,1140.2914734238232,12,3,0,1147.8160447603002,🔴 Reorder Required
2024-12-06,1063,5,141,0.3366115189421492,290,150,7,2.6729380488771035,47.16047258174751,15.473532456082271,822.3125067561075,12,4,0,825.3994604037198,🟡 High Cost Overstock
2024-12-07,1037,3,133,0.3936256140092432,183,101,14,3.320616336104629,95.41962028005062,13.850224638906294,703.0924097871977,12,5,1,702.4834352114669,🟢 Healthy
2024-12-08,1036,1,118,0.3059789406057779,269,138,4,2.769676219126185,60.23003821273121,15.792954410607296,805.2729411576751,12,6,1,810.89855632756,🟡 High Cost Overstock
2024-12-09,1010,5,107,0.4255935898293235,440,126,11,4.852020278171127,97.39411456664112,14.256794043754716,2232.283036961937,12,0,0,2226.626072858862,🟡 High Cost Overstock
2024-12-10,1099,3,144,0.3888622317266511,151,196,2,3.614474290162628,27.11379671093901,15.057761135713362,572.8994145254958,12,1,0,585.6633432677074,🔴 Reorder Required
2024-12-11,1076,4,111,0.3460293360074042,189,197,2,1.6309353588184194,58.20452796505441,9.069061010584551,366.4513107817357,12,2,0,374.0176445943653,🔴 Reorder Required
2024-12-12,1002,5,140,0.1603171263329406,218,147,4,4.59354614857288,24.99218562214965,23.074838986186556,1026.3852460110377,12,3,0,1049.729492911176,🟢 Healthy
2024-12-13,1032,5,125,0.4343796443646274,240,111,1,1.8231338216979696,70.41682099194279,20.090700030465364,507.96893819945547,12,4,0,502.2131084104243,🟢 Healthy
2024-12-14,1005,2,115,0.4743622341279264,74,162,14,2.172222946853853,26.296560109481312,18.6195484538644,950.4425447851067,12,5,1,968.6224851867242,🔴 Reorder Required
2024-12-15,1049,4,91,0.1547860495237179,486,188,4,0.9595566410909602,34.029424203230185,23.998499419489463,500.3739517734368,12,6,1,523.8668681168914,🟡 High Cost Overstock
2024-12-16,1009,1,132,0.2952964517733722,82,176,12,4.549849339082859,40.70642480554244,10.68788663825676,948.1884025231748,12,0,0,938.7525870400639,🔴 Reorder Required
2024-12-17,1004,3,115,0.2035554967882018,392,80,14,1.7875041045253834,79.89950813315866,6.6231882178722845,780.601117107109,12,1,0,793.0515088918313,🟡 High Cost Overstock
2024-12-18,1022,2,121,0.4018093229702258,378,133,11,1.6651292806912206,33.11696950544598,21.522773207106635,662.5358376067275,12,2,0,640.4572805710645,🟡 High Cost Overstock
2024-12-19,1009,3,111,0.38865185440188,55,125,6,4.641181690977293,87.73056426344542,24.968339272985094,1741.222556554362,12,3,0,1746.2711352293059,🔴 Reorder Required
2024-12-20,1043,1,111,0.1563540482281595,495,120,6,4.12487088082265,30.55231510646407,16.56864876040399,2072.363401113676,12,4,0,2057.2457525968603,🟡 High Cost Overstock
2024-12-21,1001,1,113,0.4508109085046549,243,199,7,1.1348551468371848,22.819555925612505,6.176187758253637,298.58935660704844,12,5,1,293.7756922643776,🟢 Healthy
2024-12-22,1012,5,120,0.1723892255912009,279,187,5,3.961960267566563,51.60363351757343,20.609360803098824,1156.9905481686444,12,6,1,1156.7038382499684,🟡 High Cost Overstock
2024-12-23,1039,1,111,0.418903610259243,186,193,9,4.608648941242058,98.3553313577036,6.474980976916831,955.5640344287264,12,0,0,939.4138783249456,🔴 Reorder Required
2024-12-24,1001,3,115,0.282792143851202,372,120,2,0.8533004819483476,28.82737822310218,15.800279725185623,346.2551575078875,12,1,0,339.10451947754433,🟢 Healthy
2024-12-25,1083,4,122,0.2313089174232605,449,87,2,4.213467477070578,28.137475523170323,10.550649484210542,1919.98437272786,12,2,0,1914.110975088436,🟡 High Cost Overstock
2024-12-26,1064,4,123,0.1632957050696854,265,111,4,2.963390233428752,80.09332086364992,23.30053561184791,865.3917327222691,12,3,0,872.6684316045508,🟡 High Cost Overstock
2024-12-27,1062,5,116,0.1670457024586517,398,109,4,3.511388522204603,44.972935519485226,14.0266242651897,1442.505567356917,12,4,0,1423.0167969585154,🟡 High Cost Overstock
2024-12-28,1072,3,125,0.3647562218803601,413,125,4,2.7178445250722163,77.38252937805736,22.969266969571063,1199.852318232883,12,5,1,1183.3214453053467,🟡 High Cost Overstock
2024-12-29,1016,3,123,0.3201721551788482,232,171,1,3.640113882073754,36.00084715546907,10.981621705091351,880.50726779658,12,6,1,889.2029473233986,🟢 Healthy
2024-12-30,1008,1,118,0.1488341686604931,217,184,4,0.6534403775003894,56.80575953585304,12.747251676427023,198.60232145343755,12,0,0,208.64623261885367,🟢 Healthy
2024-12-31,1074,3,112,0.14507914417533,331,131,12,3.9321802545047766,41.22319021991344,23.94238376494161,1342.7748544609944,12,1,0,1342.5439239495424,🟡 High Cost Overstock
2025-01-01,1014,2,121,0.1289242299091166,87,175,5,0.6500466403653129,56.12225719032695,9.026289018632706,419.57014153562113,1,2,0,410.76022432097386,🔴 Reorder Required
2025-01-02,1023,1,130,0.3975069389494177,212,168,9,2.5488493148630456,81.5277674068243,16.570023033022903,621.88382215779,1,3,0,584.4282792589206,🟢 Healthy
2025-01-03,1037,2,125,0.3847528340917157,492,177,3,1.179342469086327,80.96079523821294,12.770206571202229,661.1972900286858,1,4,0,663.9067732450319,🟡 High Cost Overstock
2025-01-04,1034,5,141,0.12337239634183,191,140,3,4.206084248080883,61.26178301389789,20.483337701374545,864.6238743973465,1,5,1,889.5685560126676,🟢 Healthy
2025-01-05,1093,4,128,0.3241080302387892,297,176,14,1.9114740912905088,94.26974749768408,7.585927423427147,661.9775526109652,1,6,1,667.2390388123101,🟡 High Cost Overstock
2025-01-06,1094,5,110,0.1338704620970759,480,92,5,2.5434209507194963,41.10272819586192,13.74429938009337,1261.9447845412203,1,0,0,1267.4320795626877,🟡 High Cost Overstock
2025-01-07,1048,4,135,0.4614983082435767,152,168,10,2.429378335842402,39.22490808953864,18.978652536905265,408.4904151375838,1,1,0,399.70587249438944,🔴 Reorder Required
2025-01-08,1068,5,140,0.462846967672053,248,185,6,3.9762588455811794,69.1045120940347,13.140324700123196,1055.2167057981671,1,2,0,1054.7754383119004,🟢 Healthy
2025-01-09,1061,3,120,0.379293195925252,249,119,3,2.6651496190818897,69.70376273734313,6.170634785507534,733.3260178887336,1,3,0,742.625759218131,🟡 High Cost Overstock
2025-01-10,1059,2,131,0.47047556857578,91,182,1,4.050312507546558,23.72320316519792,19.10224522670688,1156.3914504202098,1,4,0,1088.102774682634,🔴 Reorder Required
2025-01-11,1049,4,143,0.4245812121654763,484,140,10,0.8307872456120386,68.62221699095181,15.06396655369966,470.7232438671785,1,5,1,481.60341296582914,🟢 Healthy
2025-01-12,1077,1,126,0.4314154303708197,196,199,8,1.362172855563478,49.95489258792115,5.22617373360201,316.94077227836283,1,6,1,320.32657149332266,🔴 Reorder Required
2025-01-13,1074,2,106,0.3278831402279732,115,123,12,2.981904123408623,79.79540202564473,17.25311790456746,422.7143762176364,1,0,0,424.79641890653113,🔴 Reorder Required
2025-01-14,1008,1,107,0.2224236792864703,480,192,1,4.761897461387128,84.64845316362184,23.39762045057573,2370.359234629444,1,1,0,2359.461050876108,🟡 High Cost Overstock
2025-01-15,1033,2,116,0.1871196460465686,242,141,2,0.8364103102480114,64.17230556376293,7.220518964233779,266.58360064378166,1,2,0,259.1364189665106,🟢 Healthy
2025-01-16,1075,2,124,0.2308800088155717,347,123,3,0.6938789727058894,20.136402520181207,16.81342470018338,260.9124060491248,1,3,0,271.74526175901065,🟢 Healthy
2025-01-17,1098,5,120,0.3513981720356248,87,127,6,1.2044780371753503,70.90926481333136,19.573377635252605,821.6203160109228,1,4,0,805.3204242443691,🔴 Reorder Required
2025-01-18,1034,4,122,0.1690626143329595,190,153,4,3.3851890798707043,79.91050237327474,6.415473402806109,723.0964275487086,1,5,1,725.3214062528771,🟢 Healthy
2025-01-19,1000,4,122,0.2034560946549286,155,138,4,2.295468125016112,39.91866129852114,5.452309163283726,395.71622067601857,1,6,1,389.9278596677875,🟢 Healthy
2025-01-20,1039,2,115,0.2872243451181858,477,136,9,4.214985707379588,57.17168009126311,14.283917332898945,2067.7198625113265,1,0,0,2061.891097466131,🟡 High Cost Overstock
2025-01-21,1063,3,118,0.1932200394098462,201,174,6,0.8236991816661461,97.25812987294306,20.823733744687274,262.82166538783844,1,1,0,254.21947505439462,🟢 Healthy
2025-01-22,1021,3,125,0.3354574678864246,401,187,12,1.3838633906661548,43.84924427152828,8.214388201986566,598.7784639286564,1,2,0,605.7840080724604,🟡 High Cost Overstock
2025-01-23,1059,1,125,0.469270411382532,463,90,2,1.8501188245920304,37.85226008333926,21.73274544429846,894.4572758694494,1,3,0,883.3875707211355,🟡 High Cost Overstock
2025-01-24,1063,1,114,0.3992357462812506,375,104,7,3.3202853900995337,36.86838323824081,18.13154510847192,1281.975404525566,1,4,0,1297.352700218189,🟡 High Cost Overstock
2025-01-25,1092,5,126,0.3665706456595652,87,140,13,3.5832771063569626,64.7040667483197,11.643465755769713,830.5443394763943,1,5,1,827.407472349249,🔴 Reorder Required
2025-01-26,1071,2,115,0.3330885903935115,146,125,3,1.0589148228369822,95.98296810464052,15.31651596984899,250.58453223883996,1,6,1,260.69947226710644,🟢 Healthy
2025-01-27,1010,1,132,0.2951791637028259,157,133,9,4.747121190462828,68.69521033602837,24.31149959453477,813.9932372386924,1,0,0,814.5283167100071,🟢 Healthy
2025-01-28,1013,1,111,0.1746255438538639,168,195,6,2.0346986083559413,44.2658496190128,9.328739412646776,386.0952158228109,1,1,0,363.13279624032964,🔴 Reorder Required
2025-01-29,1059,2,112,0.4578841821707462,200,188,8,3.709259433501274,71.08558224539632,14.990707954880804,812.9374689456511,1,2,0,814.3617593455955,🟢 Healthy
2025-01-30,1029,5,135,0.1994144008051345,123,113,13,2.8589347352646444,69.987383807823,17.489731122152413,631.5131297112032,1,3,0,612.288399024914,🟢 Healthy
2025-01-31,1034,1,117,0.1365235510312643,106,163,13,1.5024115109619798,67.75401085837234,7.760292109513324,312.37284422498874,1,4,0,337.38325586036876,🔴 Reorder Required
2025-02-01,1084,5,120,0.400006071691478,415,86,1,4.308027454019349,32.75409655106416,5.870441772466193,1820.585489969094,2,5,1,1828.4542935456811,🟡 High Cost Overstock
2025-02-02,1036,4,131,0.1702462137324665,384,176,2,4.1820711268636845,70.76534394759953,5.269199058629425,1676.6806566632545,2,6,1,1679.415032398935,🟡 High Cost Overstock
2025-02-03,1004,5,126,0.2487583998164704,301,141,6,2.282323342625105,54.41315620115997,11.493857132000326,741.3924823313167,2,0,0,737.5554223706871,🟡 High Cost Overstock
2025-02-04,1082,3,137,0.1113139713163919,456,136,3,3.148734135622349,21.48736468984267,6.478945889697307,1457.310130533634,2,1,0,1450.7564080621469,🟡 High Cost Overstock
2025-02-05,1077,3,121,0.1548271770161792,341,178,1,1.6602156317117287,63.18115897179961,21.07539905082229,629.3146893854992,2,2,0,615.4488039196749,🟡 High Cost Overstock
2025-02-06,1025,5,117,0.1692814523039648,362,172,6,3.604332329358357,99.1413396174734,24.94639054323492,1403.9096428451985,2,3,0,1405.671845878341,🟡 High Cost Overstock
2025-02-07,1061,3,100,0.1217640511000711,304,195,5,1.8906206567919412,47.97916726751868,6.226076434689281,622.7278469322689,2,4,0,634.673110117648,🟡 High Cost Overstock
2025-02-08,1003,4,114,0.3626627826491381,303,155,13,4.298354304720057,97.24473746549266,13.654525518668793,1399.64609179567,2,5,1,1386.5919574364293,🟡 High Cost Overstock
2025-02-09,1088,2,113,0.4348031183212469,434,84,9,1.4782329692477345,27.696459333007564,5.514642459651496,669.2495679865242,2,6,1,654.1241477155246,🟡 High Cost Overstock
2025-02-10,1041,3,126,0.2493261625463764,308,155,6,0.5666154026830886,78.5960092693845,7.679817815145265,253.1135532957758,2,0,0,250.63849822709597,🟢 Healthy
2025-02-11,1088,3,120,0.4498305906872802,319,172,5,1.708286188855633,29.146399573026827,11.45845121821348,574.0896938179737,2,1,0,565.8405529017828,🟡 High Cost Overstock
2025-02-12,1017,5,134,0.1853386298240506,83,114,1,1.3597361890676902,41.88572588442193,12.873964261152995,811.316006895843,2,2,0,803.3801801753137,🔴 Reorder Required
2025-02-13,1039,4,125,0.2301561694244958,375,163,1,2.787288978762159,65.66726682576996,23.7956589285728,1110.9006338615795,2,3,0,1101.3610668463066,🟡 High Cost Overstock
2025-02-14,1071,2,143,0.1602947972124673,374,116,11,1.4166648124545933,67.42237551813992,12.916736175137917,597.2550153761578,2,4,0,583.8170137640805,🟡 High Cost Overstock
2025-02-15,1038,5,129,0.3482236781675994,287,139,1,3.934354418237726,82.0169053787337,14.925553181148045,1211.1766234129611,2,5,1,1212.1116582171205,🟡 High Cost Overstock
2025-02-16,1013,5,141,0.2679478363481227,228,144,7,1.5861678710180178,69.22491257819514,9.911667365477328,430.8711871703032,2,6,1,429.62212209919903,🟢 Healthy
2025-02-17,1031,4,129,0.3453133387367595,153,95,6,3.6813568096069504,67.48917635044486,5.00250277513151,630.7367682203082,2,0,0,612.9377608992248,🟢 Healthy
2025-02-18,1050,2,118,0.4046699621576735,78,109,14,3.1031191535617584,92.98824695913106,22.986689134662704,1254.4991063234563,2,1,0,1302.498113032556,🔴 Reorder Required
2025-02-19,1037,4,129,0.3182812064131793,276,152,5,4.938124354123479,56.17286017673258,6.634295140726096,1419.0951819148129,2,2,0,1418.218532937754,🟡 High Cost Overstock
2025-02-20,1096,2,112,0.3510521419607152,281,121,4,4.999554396541543,38.0212622956044,24.28497682072458,1442.896047723778,2,3,0,1409.633096234346,🟡 High Cost Overstock
2025-02-21,1022,4,121,0.4741001257577332,353,140,11,4.412867374927985,32.943086801890416,7.616882082005205,1590.685270151469,2,4,0,1598.2839004422165,🟡 High Cost Overstock
2025-02-22,1062,5,114,0.2196257238435372,399,153,14,3.91992516184438,51.99956774475999,17.097569615008805,1616.0497073206675,2,5,1,1594.8532614492176,🟡 High Cost Overstock
2025-02-23,1014,5,128,0.2436655754535812,384,156,13,2.2390538630025816,77.02022041549566,24.98821175713274,936.816903808487,2,6,1,977.9979651205389,🟡 High Cost Overstock
2025-02-24,1096,1,124,0.3870813446837348,166,127,13,3.889745272090866,23.403478794392072,7.769291921393517,669.1011939614758,2,0,0,678.0878139763565,🟢 Healthy
2025-02-25,1024,3,127,0.3445222068221547,256,141,11,4.805039916857708,30.32427092075249,13.478861698796486,1260.4144896363257,2,1,0,1232.856727297837,🟡 High Cost Overstock
2025-02-26,1016,4,134,0.1714131618158859,449,163,8,0.6051990892794987,28.489076808291152,20.60847337942953,300.2234678947861,2,2,0,306.43744972596977,🟢 Healthy
2025-02-27,1096,1,112,0.2504589240041961,234,172,11,2.9206161508898245,66.8200122441167,5.643802996999366,750.2441915523357,2,3,0,766.5380701933639,🟡 High Cost Overstock
2025-02-28,1065,3,119,0.287135205249886,187,143,8,1.4809923697479557,39.4291720425013,18.79565502280089,316.374745185369,2,4,0,304.1812335960519,🟢 Healthy
2025-03-01,1077,4,116,0.2677559351873557,452,136,5,3.010443421409827,33.30075426411172,6.60746675781599,1394.0211807413534,3,5,1,1392.2208747816007,🟡 High Cost Overstock
2025-03-02,1052,2,103,0.1713099233288163,372,147,4,2.5990119039150104,67.42165757944178,9.730402845464528,1034.2540858358257,3,6,1,1051.720477192585,🟡 High Cost Overstock
2025-03-03,1050,3,110,0.4697720367137049,213,125,2,3.09095861698528,80.90479323619034,8.201523249867208,739.278978654055,3,0,0,723.1400186050282,🟢 Healthy
2025-03-04,1038,5,111,0.4049275046775903,437,192,7,2.979329996384259,46.57239331621315,23.146728632938725,1348.5396017361345,3,1,0,1346.0049035539228,🟡 High Cost Overstock
2025-03-05,1050,1,130,0.2925423328431409,124,107,5,4.820481676258529,66.2563684541277,8.609134335633616,715.650902323987,3,2,0,726.3144590394786,🟢 Healthy
2025-03-06,1069,3,111,0.3720244113227346,282,180,3,2.984837490206312,27.849953055956817,5.808681910303144,869.5741252941368,3,3,0,864.8087059098622,🟡 High Cost Overstock
2025-03-07,1005,3,123,0.4589130688542088,466,156,9,4.308044396561902,94.8152824366056,16.752513568955244,2102.363971234452,3,4,0,2101.3862480027374,🟡 High Cost Overstock
2025-03-08,1066,5,120,0.1544696569446285,333,82,9,1.9391912906038091,46.95169482518183,11.92361850819404,692.7023945962503,3,5,1,661.4622122039394,🟡 High Cost Overstock
2025-03-09,1006,4,122,0.200149220282791,426,116,11,2.47145309955972,99.8004554538801,13.114124412827328,1152.639475866321,3,6,1,1162.9350855147306,🟡 High Cost Overstock
2025-03-10,1050,2,120,0.317080498902658,304,127,11,2.6168606422016443,98.28702046798256,7.3812548972509395,893.8126556972824,3,0,0,881.5261844804215,🟡 High Cost Overstock
2025-03-11,1071,5,131,0.4196041485409435,58,98,10,1.7542761950092087,82.30587594686492,19.964689828663893,1641.4762527498633,3,1,0,1618.7549242074667,🔴 Reorder Required
2025-03-12,1041,2,106,0.1145019581766109,252,171,14,2.2090561766507983,21.60536763255734,17.03107299287036,578.2875241485585,3,2,0,588.5591329655645,🟡 High Cost Overstock
2025-03-13,1063,4,116,0.4936072600785443,439,162,11,3.1933088576004884,63.47799363074906,12.2843408949656,1465.3405821173635,3,3,0,1472.9084579172638,🟡 High Cost Overstock
2025-03-14,1014,3,121,0.2819626411529589,428,96,8,3.1108449348703955,26.94691363520092,8.431498875262719,1358.38854575973,3,4,0,1355.742985215951,🟡 High Cost Overstock
2025-03-15,1028,2,141,0.2436924562486892,354,161,1,3.3639590505806622,91.6110420769213,16.86903478341121,1282.4525459824756,3,5,1,1304.0765640365205,🟡 High Cost Overstock
2025-03-16,1032,1,112,0.2170897751359087,140,161,12,2.083180619390635,83.17090021179223,20.571945590147543,374.8161869264811,3,6,1,381.0121473468601,🔴 Reorder Required
2025-03-17,1093,1,116,0.1697426830603486,430,166,3,1.9212417281887568,97.78723012765464,11.247945677343898,923.92117324882,3,0,0,919.2836418441922,🟡 High Cost Overstock
2025-03-18,1026,5,119,0.4166295635720112,381,119,2,3.2522804723937337,68.67063625198364,5.517207670771942,1307.789496233996,3,1,0,1313.7970027491065,🟡 High Cost Overstock
2025-03-19,1035,4,112,0.4821656658984387,199,129,4,1.0978778679238623,61.77382435874704,9.28687969505968,280.25152007559564,3,2,0,274.9347273854307,🟢 Healthy
2025-03-20,1028,5,107,0.2654579019381593,409,152,2,1.63864194589463,61.51790847555101,18.647956377856584,731.7224643464547,3,3,0,719.636966326372,🟡 High Cost Overstock
2025-03-21,1037,5,122,0.4809682779013825,225,108,12,0.6895748162884785,50.91586995634759,24.78192754913845,206.07020362125525,3,4,0,201.04414963561354,🟢 Healthy
2025-03-22,1056,5,143,0.4295190461740137,454,130,11,0.8267488366823605,57.49520537833128,5.26752478817553,432.83917723212295,3,5,1,435.4701243294787,🟢 Healthy
2025-03-23,1096,1,106,0.2924204509905273,82,121,8,1.59522475667274,70.83300665082803,11.123071242642016,468.5951465214012,3,6,1,528.3630013752515,🔴 Reorder Required
2025-03-24,1026,1,134,0.3696104716504531,233,108,1,0.5878817613361356,94.63580860450216,6.240417408976777,231.61225899582175,3,0,0,234.7469939361941,🟢 Healthy
2025-03-25,1054,5,144,0.2739936716681852,206,145,4,1.6043476643935768,67.67074706048248,11.326985755260644,398.1663659255593,3,1,0,406.79184052303054,🟢 Healthy
2025-03-26,1032,1,94,0.323489363285021,102,96,5,3.4473934537791173,88.56927538538937,13.118286862548423,440.2034076708593,3,2,0,420.7567590350131,🟢 Healthy
2025-03-27,1067,4,115,0.1232185348074015,345,199,14,0.7749818531101986,89.02239290420005,23.4172418389251,356.3911322272186,3,3,0,354.69637780321574,🟢 Healthy
2025-03-28,1085,5,124,0.3785053901202132,251,188,10,2.4653150500758843,61.50661406786074,6.611215988099575,680.3006916369077,3,4,0,681.6609757419227,🟡 High Cost Overstock
2025-03-29,1065,1,125,0.1211298577936546,323,110,4,4.608989541137973,47.79757131980973,20.5426810613154,1536.501193107375,3,5,1,1535.655035002981,🟡 High Cost Overstock
2025-03-30,1009,2,105,0.4268339787678598,224,171,8,4.0607817301643045,71.16590986656648,12.910687921259267,980.7810174233708,3,6,1,981.5338050309692,🟡 High Cost Overstock
2025-03-31,1004,5,113,0.429978771784223,293,186,2,1.8744687603268573,55.670187353187416,21.225256993338554,604.8895341289567,3,0,0,619.4879478203502,🟡 High Cost Overstock
2025-04-01,1073,5,125,0.1948309150224858,318,191,9,4.661624656362411,26.51526938575463,15.268043706512426,1508.9119101090014,4,1,0,1524.4277877346956,🟡 High Cost Overstock
2025-04-02,1096,4,108,0.2294651124143201,460,131,2,1.9834092353647617,50.22472803459469,5.785640776868202,962.5929763023852,4,2,0,967.8611700081042,🟡 High Cost Overstock
2025-04-03,1037,3,112,0.2925241514233173,495,118,2,0.8263197335190312,99.525771043946,23.924117694296772,508.5540391358665,4,3,0,507.37307300435646,🟡 High Cost Overstock
2025-04-04,1012,3,114,0.3386651627729926,123,139,13,4.973251805456511,23.880949602102977,6.654681268690437,635.5909216732538,4,4,0,657.0854266897344,🔴 Reorder Required
2025-04-05,1030,4,95,0.2149414646967987,145,173,2,4.415101372351273,75.73335295207414,16.95367005067512,715.9230519430088,4,5,1,672.1167536763694,🔴 Reorder Required
2025-04-06,1046,4,127,0.33699456185277,410,178,12,2.596697524854916,87.29509640569977,22.553355258670315,1151.941081596215,4,6,1,1154.4050571319797,🟡 High Cost Overstock
2025-04-07,1099,4,112,0.2191148292917195,222,191,10,3.498694358865817,71.8980722780303,6.595395955003878,848.6082199462418,4,0,0,841.507676595536,🟢 Healthy
2025-04-08,1087,3,125,0.1221962884284242,436,130,8,3.5205263503550155,65.5798584930632,16.077867768320257,1600.52934724785,4,1,0,1593.494917688851,🟡 High Cost Overstock
2025-04-09,1051,4,131,0.1010110199327635,455,163,3,1.3751700382870715,76.6043533583006,21.485797510489043,702.3067207789181,4,2,0,731.5818484830137,🟡 High Cost Overstock
2025-04-10,1055,1,109,0.1404604231673714,204,95,10,1.4002188491913454,54.34741898397245,24.72649417291592,339.9920642190069,4,3,0,342.9433165400812,🟢 Healthy
2025-04-11,1014,5,119,0.4169002800656073,232,177,11,2.613113165083216,27.30893898471014,19.486548016280423,633.5511932840162,4,4,0,617.9924432543522,🟢 Healthy
2025-04-12,1028,5,125,0.4845725249533349,372,93,14,4.602079130619641,96.98974034427054,10.566687509265872,1808.963176934777,4,5,1,1805.509041186443,🟡 High Cost Overstock
2025-04-13,1007,2,118,0.2707864797124877,338,169,10,0.5449719868635685,54.58406159873569,18.991406596908188,238.78459315862185,4,6,1,236.64368923401582,🟢 Healthy
2025-04-14,1004,2,113,0.3050735813799771,307,163,14,4.021275361772117,73.2311389734414,19.115335386152783,1307.7626750374814,4,0,0,1318.4208619201052,🟡 High Cost Overstock
2025-04-15,1028,5,129,0.1587392676293704,124,121,8,0.7588705267159437,62.50483495114362,18.99932024209235,251.6013814743824,4,1,0,242.31215786931654,🟢 Healthy
2025-04-16,1046,1,122,0.3204125410720628,223,130,7,2.6519995169740302,24.373845758204364,22.085208741862115,615.7697380434131,4,2,0,588.1152978304009,🟢 Healthy
2025-04-17,1067,3,106,0.1578619608027907,379,103,10,3.370427748830644,96.21972807940308,6.747601250389819,1373.611844886217,4,3,0,1378.9062556336473,🟡 High Cost Overstock
2025-04-18,1075,3,110,0.344485732479532,280,186,4,3.590416701871092,83.40297808914586,7.168396908308667,1088.7196546130515,4,4,0,1093.7715242191177,🟡 High Cost Overstock
2025-04-19,1044,1,121,0.4733034670323416,296,161,7,0.7631566862716013,31.927831557551592,17.812342484511163,257.8222106939456,4,5,1,270.5956747268674,🟢 Healthy
2025-04-20,1001,3,127,0.1782794157212158,210,122,11,2.383716278227857,98.53191010306136,24.07762192196376,599.1123285309113,4,6,1,566.5737872155607,🟢 Healthy
2025-04-21,1026,4,104,0.4058254872228408,235,152,8,3.127267672260461,78.95210977373664,14.31677277838492,813.8600127549449,4,0,0,807.1998867033242,🟡 High Cost Overstock
2025-04-22,1094,5,107,0.1094009691273296,440,98,6,0.7972049178770312,57.78573203426471,24.2112540325135,408.5558959001584,4,1,0,391.3983382479971,🟢 Healthy
2025-04-23,1035,5,116,0.2501988965286484,192,163,6,1.107925504678894,68.90960452476585,23.76170519032308,281.63130142311354,4,2,0,276.8102912926578,🟢 Healthy
2025-04-24,1035,1,106,0.1442994031322036,331,140,3,3.486420452768173,28.5389345611678,23.05819476468639,1182.544104427433,4,3,0,1194.9181266575426,🟡 High Cost Overstock
2025-04-25,1025,3,112,0.2409901766382798,444,185,5,2.847371884657933,64.83292080124887,23.197019497281705,1329.066037589371,4,4,0,1349.5794755484853,🟡 High Cost Overstock
2025-04-26,1042,2,132,0.1694147678555534,177,173,10,1.2282289757073075,25.892885761364752,22.96637586655972,243.28941446155815,4,5,1,288.1644596447266,🟢 Healthy
2025-04-27,1026,2,130,0.2493219960491549,215,142,2,2.9085770161163005,63.58842056954416,21.397787670783643,688.9324790345488,4,6,1,693.059052067469,🟢 Healthy
2025-04-28,1068,3,113,0.2670091224430121,76,105,12,4.607115680499871,64.21565510102283,18.89957917210661,1113.6408761869577,4,0,0,1107.4814688102056,🔴 Reorder Required
2025-04-29,1019,2,118,0.2202364491123673,295,174,5,0.5701441314891377,89.95510281285951,5.488163571852165,258.14762160215514,4,1,0,246.91924110482398,🟢 Healthy
2025-04-30,1010,1,111,0.3626487797892517,184,114,5,3.391851980686346,78.00460002178352,7.64507184312105,702.1053644680711,4,2,0,701.524058349149,🟢 Healthy
2025-05-01,1073,1,119,0.4675408205035639,434,146,7,0.8314269557240387,39.9641913772096,7.684641090629343,400.8034901614424,5,3,0,410.4193953056138,🟢 Healthy
2025-05-02,1037,3,99,0.2602381496421089,251,135,4,0.5290224933411538,91.07409137502854,5.470805685591797,223.85873720365817,5,4,0,222.52824142143714,🟢 Healthy
2025-05-03,1005,2,110,0.1769372625900085,70,119,14,1.1779451989728522,65.85941318784046,7.334035368472733,441.6769918548495,5,5,1,438.2751303741652,🔴 Reorder Required
2025-05-04,1071,1,109,0.2082891032783933,128,108,11,2.4030798433426366,68.5103582859227,23.394928671342125,376.1045782337802,5,6,1,373.91918491997154,🟢 Healthy
2025-05-05,1022,1,110,0.4416003293985476,207,85,6,4.110547995418788,33.518509537774264,18.27608573821572,884.4019445894633,5,0,0,905.5752674566218,🟢 Healthy
2025-05-06,1046,4,143,0.3286558893080591,143,131,9,1.768034734720514,88.62188767752912,11.241460365908448,341.45085474256257,5,1,0,415.3325239794097,🟢 Healthy
2025-05-07,1089,4,115,0.2820044129227829,57,80,4,3.315529455749414,94.47720920132352,20.8672002447336,1493.7600023735888,5,2,0,1525.499184707997,🔴 Reorder Required
2025-05-08,1045,1,95,0.1598546886035707,388,131,11,2.35020487079888,81.99925195959266,14.76738973909702,993.878741829558,5,3,0,1008.1310402849787,🟡 High Cost Overstock
2025-05-09,1011,3,125,0.2798909233295128,308,103,14,1.5544930638470358,95.26019621160049,7.842540738317531,574.0440598764875,5,4,0,596.220184576054,🟡 High Cost Overstock
2025-05-10,1089,5,143,0.2113968013429547,104,181,6,2.814112014272864,44.18399232978767,22.69004162452985,1221.76326517083,5,5,1,1122.0654239359449,🔴 Reorder Required
2025-05-11,1012,5,126,0.4772652511413396,448,113,13,4.0885902066768045,88.88953346902169,11.77323892472945,1920.57794606023,5,6,1,1902.1584376407418,🟡 High Cost Overstock
2025-05-12,1061,1,120,0.4536280437662925,85,194,12,4.246215665252649,59.11145142909941,18.977184610597885,1084.2412443465005,5,0,0,1075.0285907814184,🔴 Reorder Required
2025-05-13,1081,1,119,0.1335610167312792,55,86,9,4.309337893447565,33.1133762354868,10.811883209992148,962.0874858146004,5,1,0,974.9229681233338,🔴 Reorder Required
2025-05-14,1088,1,114,0.3066613957044971,426,154,10,2.0235101564974074,73.5040479226721,15.001425013476,935.5193745905676,5,2,0,938.5096868767278,🟡 High Cost Overstock
2025-05-15,1096,3,120,0.1900233382058688,91,90,12,4.0705522912208885,74.72962165647031,21.32505423060831,1063.576452845212,5,3,0,1050.3982297981545,🟢 Healthy
2025-05-16,1059,4,108,0.2643108358097162,99,115,1,1.4548030479900853,42.95396110053521,8.135546928487354,260.1993852079398,5,4,0,257.0654747189443,🔴 Reorder Required
2025-05-17,1042,1,109,0.4507391993005826,161,99,8,3.822912955592975,22.199466530205605,24.545027904785567,637.6884523806747,5,5,1,670.8543087552417,🟢 Healthy
2025-05-18,1075,1,127,0.3110058079554179,195,142,1,4.767729918226775,35.98778072684507,6.404318457214524,965.695114781066,5,6,1,949.0571526754712,🟢 Healthy
2025-05-19,1099,2,121,0.2336861173483039,279,159,4,0.5618472561093073,51.98220381391094,15.680178194810082,208.7375882684077,5,0,0,197.46185355803186,🟢 Healthy
2025-05-20,1067,3,119,0.1831553416419988,260,142,3,2.481637690304592,33.405032884789485,23.32051038703896,678.6308323639832,5,1,0,703.6801007633027,🟡 High Cost Overstock
2025-05-21,1004,1,120,0.4201299437625957,355,148,4,3.4149694478630206,35.522395859168334,23.913877697650506,1247.8365498505405,5,2,0,1257.0143918919578,🟡 High Cost Overstock
2025-05-22,1036,2,109,0.3498072061457389,79,167,14,3.6579909671939888,51.31125315058157,9.64217925759552,629.5579172867723,5,3,0,611.5330880966154,🔴 Reorder Required
2025-05-23,1071,5,126,0.2872261841704925,344,109,7,1.2923949122114098,96.94292914468484,7.8796996242961725,541.5267789454098,5,4,0,553.0481703348566,🟡 High Cost Overstock
2025-05-24,1091,1,103,0.1869937415451912,165,109,13,4.874824738573667,81.13948123261187,19.48806000635782,885.485563097267,5,5,1,870.7025111856285,🟢 Healthy
2025-05-25,1030,1,105,0.2336985496628525,445,182,14,3.2686941558693783,45.57987209812513,5.839471365524743,1500.1487714599984,5,6,1,1498.4797362895113,🟡 High Cost Overstock
2025-05-26,1008,2,121,0.4839373706954074,275,191,9,1.239532705527205,96.12832551348386,14.704779380606286,436.9998195334652,5,0,0,424.6473078778973,🟢 Healthy
2025-05-27,1050,3,123,0.3080359750423337,108,190,9,0.5923513027063187,71.6517433806986,20.92710453586364,449.5322521109356,5,1,0,284.8045898842083,🔴 Reorder Required
2025-05-28,1028,1,118,0.2602797124973012,125,180,10,4.024688894553991,56.43597157121121,16.205094490336677,559.5220833904601,5,2,0,587.213970410647,🔴 Reorder Required
2025-05-29,1077,5,126,0.3085688169393296,477,176,1,0.8586713275045659,57.46401591641177,8.760265315480101,467.0502391360897,5,3,0,460.6227489326237,🟢 Healthy
2025-05-30,1039,1,113,0.4115954023598435,265,163,10,1.1347291448160644,52.85955742683135,14.740885989399263,353.5627808030884,5,4,0,338.65320181746796,🟢 Healthy
2025-05-31,1040,5,125,0.2360435746011475,181,197,1,3.086735120850608,38.63936420367517,23.42549432897786,597.3384210776352,5,5,1,582.4868006078434,🔴 Reorder Required
2025-06-01,1085,4,131,0.1714824483730435,469,101,9,3.215774765523289,50.93057537709646,17.344259560885536,1559.128940407519,6,6,1,1547.7744166657756,🟡 High Cost Overstock
2025-06-02,1010,4,113,0.3339744473356191,353,184,4,3.590992033665793,62.23171072347141,19.4298125513804,1329.8518986074964,6,0,0,1328.9575825815457,🟡 High Cost Overstock
2025-06-03,1022,5,108,0.3660816413924269,447,140,12,2.270813056986293,62.24218805841768,11.7252775932503,1077.2956245312907,6,1,0,1064.9223081611285,🟡 High Cost Overstock
2025-06-04,1000,3,126,0.3850872011834199,130,100,13,3.9825440103507033,80.93895217700144,8.769675503352355,598.6696735225928,6,2,0,604.7023199303458,🟢 Healthy
2025-06-05,1045,1,99,0.4527950363064519,354,116,14,4.884613698271499,48.70382857258821,10.112844597992073,1777.857077760699,6,3,0,1773.336681314649,🟡 High Cost Overstock
2025-06-06,1020,1,122,0.2484696482756452,116,197,3,1.7199272438594737,77.34384234431619,15.6635518752059,370.8367138832506,6,4,0,363.3273167048815,🔴 Reorder Required
2025-06-07,1089,4,116,0.1301419584915567,279,106,13,3.663628774420757,66.24734710149477,10.604403072214074,1088.3997751648858,6,5,1,1087.7633154834048,🟡 High Cost Overstock
2025-06-08,1035,5,108,0.4833394334523769,382,181,9,4.678108935778206,96.94763236214676,15.839295748522025,1883.9852458294213,6,6,1,1877.482943588146,🟡 High Cost Overstock
2025-06-09,1053,1,118,0.2740047709749901,442,114,5,3.588290431776692,50.822794082718616,19.155838547523537,1636.8471649280166,6,0,0,1611.7882683128823,🟡 High Cost Overstock
2025-06-10,1086,1,112,0.3493030038692525,326,117,12,3.564992743899168,92.09731714086324,19.68791752340603,1254.2849516519918,6,1,0,1259.4777578916896,🟡 High Cost Overstock
2025-06-11,1056,3,119,0.3665221292513169,410,183,6,1.5069765608834298,85.65140378386316,8.293698793221868,703.5117937460694,6,2,0,707.2401167429327,🟡 High Cost Overstock
2025-06-12,1000,2,114,0.3186054834804814,121,139,1,2.9080859014386182,71.01314276715655,20.008616976677263,422.89153684122937,6,3,0,438.47921410790514,🔴 Reorder Required
2025-06-13,1062,4,102,0.182103011894508,258,149,1,3.031352796220611,72.36115733936938,18.453762791847183,854.450178764287,6,4,0,850.8085666375399,🟡 High Cost Overstock
2025-06-14,1053,4,109,0.4020572200464566,321,111,13,3.650583031051788,26.77199476851285,5.240102667374133,1198.6091477361365,6,5,1,1238.615518613604,🟡 High Cost Overstock
2025-06-15,1054,2,116,0.4215007897216326,193,159,14,4.9856965245328215,96.0179684474746,6.177443501795016,1058.2573976823091,6,6,1,1055.1459862858353,🟢 Healthy
2025-06-16,1039,1,119,0.3211902344069759,300,171,7,0.6513972014469294,28.554885079659517,17.924990037207607,223.9740455137383,6,0,0,230.70215961908838,🟢 Healthy
2025-06-17,1014,3,103,0.2954244642339366,333,159,10,0.7935469757036908,65.05866469948057,12.674077991274192,329.3098076088096,6,1,0,320.156918421265,🟢 Healthy
2025-06-18,1020,3,125,0.1455752732511941,228,106,8,0.8507753124391344,46.40566403593236,7.922079991513318,240.38243527205495,6,2,0,233.6474278092793,🟢 Healthy
2025-06-19,1046,4,113,0.1335806645999135,489,196,11,3.8434061052003057,54.38815826318815,5.887931183392665,1933.8137437061375,6,3,0,1952.6490101848888,🟡 High Cost Overstock
2025-06-20,1072,3,109,0.2358259382254115,129,82,8,1.1135920779984088,68.81464086694535,8.187966813448618,212.4680189287401,6,4,0,222.73885568546842,🟢 Healthy
2025-06-21,1052,2,110,0.2243384622069573,106,128,14,3.3010334352065533,92.70811023058572,24.150279286432333,539.2187715082097,6,5,1,547.8736077644513,🔴 Reorder Required
2025-06-22,1008,1,113,0.4814625803853085,415,164,13,1.961009950520563,56.605369885784114,19.551312831419395,870.4244993518178,6,6,1,878.1795242149855,🟡 High Cost Overstock
2025-06-23,1073,2,124,0.413449096977372,357,181,7,2.5579398029481992,99.01836442451528,15.554108418685876,1012.2028740770224,6,0,0,1009.7500577882004,🟡 High Cost Overstock
2025-06-24,1051,5,106,0.363969718103624,223,181,13,1.4704842191783625,67.42496522811999,23.830810001091837,395.3429461048949,6,1,0,380.68343822329973,🟢 Healthy
2025-06-25,1056,4,115,0.307059235607042,287,109,11,4.397479525870439,32.844315411373955,17.382208753632078,1294.92093933619,6,2,0,1298.5542342052543,🟡 High Cost Overstock
2025-06-26,1025,3,122,0.1669470122906605,215,101,9,3.1376764587336186,35.20074358650018,19.512903765613345,709.8011822142281,6,3,0,704.7233504679216,🟢 Healthy
2025-06-27,1040,5,125,0.4913826688737136,133,98,1,4.750534686120137,77.28888284714009,10.65303637011744,709.1099961011182,6,4,0,700.069566274362,🟢 Healthy
2025-06-28,1034,3,121,0.250016279296084,97,110,2,3.085683123669483,24.03182353947054,16.779636871783914,726.0543714582243,6,5,1,743.4919388666023,🔴 Reorder Required
2025-06-29,1062,1,112,0.1427702409788979,176,99,13,1.05758613768626,58.42732609777815,7.869544885956805,244.5624863305599,6,6,1,256.0185995531897,🟢 Healthy
2025-06-30,1024,1,123,0.2975195582862984,218,190,3,1.2689169522731394,31.857528784281328,13.089662903955508,308.48142437982574,6,0,0,317.54612683973534,🟢 Healthy
2025-07-01,1089,1,110,0.4495992046452333,403,98,13,4.9508328936553125,54.6574908142276,5.664806499732203,2049.8431469573184,7,1,0,2053.1144057872557,🟡 High Cost Overstock
2025-07-02,1074,3,119,0.4549164007109317,423,81,12,3.765043387988905,79.99339376573757,9.33256175165361,1672.6067468850445,7,2,0,1632.9631262800526,🟡 High Cost Overstock
2025-07-03,1037,5,138,0.1043863664225789,492,119,13,0.7217543751309035,56.70503425931473,6.497372588453494,411.80818682371927,7,3,0,416.2446779583708,🟢 Healthy
2025-07-04,1001,1,116,0.4545182979005598,398,118,5,3.667014522655992,33.07608871847415,12.755576390144627,1492.5478687355587,7,4,0,1479.640420241021,🟡 High Cost Overstock
2025-07-05,1006,5,132,0.2085936869999434,116,170,4,2.3547787106432523,40.15402962853139,21.8607032927698,663.0796127474655,7,5,1,647.2359704856373,🔴 Reorder Required
2025-07-06,1081,3,124,0.1155889455873692,379,151,4,1.882437740704357,49.40316709217459,12.55868212690106,762.8470708191261,7,6,1,751.3646586337951,🟡 High Cost Overstock
2025-07-07,1090,5,131,0.4391161081451498,389,188,8,1.193273571787404,25.564894678913177,21.632792519892867,489.74831410421336,7,0,0,475.5035939693105,🟢 Healthy
2025-07-08,1033,3,134,0.4455467023952834,243,133,8,4.279567795504546,66.74701088648975,18.12996625157775,1106.6819851940943,7,1,0,1092.9273794968801,🟢 Healthy
2025-07-09,1090,3,117,0.33849243193694,204,106,11,0.7872862054509531,68.60270330224401,15.190588932616556,229.20908921423845,7,2,0,227.3526398036937,🟢 Healthy
2025-07-10,1016,4,125,0.3297735029185433,209,158,7,1.8042595807083812,24.9721541706054,9.73783386522661,402.0624065386571,7,3,0,421.5283003110839,🟢 Healthy
2025-07-11,1042,3,134,0.4252481090485678,233,91,1,1.8787230222156697,52.18490569393296,23.44312185688305,489.927369870184,7,4,0,505.3736305733231,🟢 Healthy
2025-07-12,1058,3,115,0.4145238210841119,315,190,10,1.2240737778357516,53.12005463077799,6.084016176840665,438.7032946490397,7,5,1,453.17776866400357,🟢 Healthy
2025-07-13,1050,2,118,0.4560421893770816,217,157,4,2.7868319747909163,46.705565484208094,18.778260353976307,651.448104013837,7,6,1,663.1966491982519,🟢 Healthy
2025-07-14,1053,1,117,0.3210989790386814,194,150,1,0.5526618206490168,64.61917922648894,17.424797856187375,171.83557243239818,7,0,0,172.38405605802203,🟢 Healthy
2025-07-15,1023,4,117,0.4870588370931235,235,96,11,1.854389819346841,47.676599204808944,13.820830445130536,483.4582067513166,7,1,0,480.5761210309059,🟢 Healthy
2025-07-16,1024,4,123,0.4984587323733354,423,169,14,4.701332498148788,53.31274235822448,9.806419105852108,2041.976389075162,7,2,0,2057.978470204523,🟡 High Cost Overstock
2025-07-17,1070,4,104,0.146617843999453,402,180,5,1.8973830620390255,83.80188379532845,13.613918736905337,846.5498747350167,7,3,0,858.095655501821,🟡 High Cost Overstock
2025-07-18,1051,2,115,0.4398175038216488,311,163,3,2.1220672419803823,32.96874843441611,22.45545451106841,692.9316606903151,7,4,0,696.7040644308283,🟡 High Cost Overstock
2025-07-19,1069,3,134,0.2999289030994356,472,89,3,2.629242717053322,69.52917562427368,21.735322205099084,1310.5317380734416,7,5,1,1293.254012092704,🟡 High Cost Overstock
2025-07-20,1087,1,100,0.2550265353199328,323,98,4,3.027620186831636,60.44755213526764,23.827624999540586,1038.3688724818862,7,6,1,1041.436637875229,🟡 High Cost Overstock
2025-07-21,1032,5,110,0.345228923953086,377,161,2,4.139188901693348,44.40573099834793,11.15586413250496,1604.8799469367402,7,0,0,1588.2858278805859,🟡 High Cost Overstock
2025-07-22,1048,3,121,0.1223862229048028,394,109,7,1.356445504202079,78.20277251923287,12.74208316737746,612.6423011748522,7,1,0,631.633153249366,🟡 High Cost Overstock
2025-07-23,1028,2,105,0.302584447506832,272,109,12,4.422858697366507,64.09506876329183,5.374523053197267,1267.112634446982,7,2,0,1265.3092169217396,🟡 High Cost Overstock
2025-07-24,1062,3,122,0.4483562280106666,91,104,13,3.9089721071475023,58.188922156855625,23.858999894400164,1153.5343806336832,7,3,0,1158.0617796029674,🔴 Reorder Required
2025-07-25,1021,3,117,0.1853846064555875,53,167,4,3.751926505976999,73.41354518169601,11.587801836345378,1013.884967524581,7,4,0,971.1429256351018,🔴 Reorder Required
2025-07-26,1025,2,123,0.2705559579077701,325,153,5,0.8906205817158586,84.18322463850886,13.083276430659865,373.6349136961629,7,5,1,372.2200429565274,🟢 Healthy
2025-07-27,1027,4,123,0.4757923550859502,333,145,12,0.5973831048856311,97.81350320268608,23.15609222894789,296.7420771296012,7,6,1,286.5133936962877,🟢 Healthy
2025-07-28,1084,4,113,0.2714255351222789,473,181,14,3.173057154086378,70.34802947010988,15.531968603336264,1571.2040633529666,7,0,0,1564.6819670852976,🟡 High Cost Overstock
2025-07-29,1048,1,130,0.2433470529329593,242,175,2,4.384102831354225,89.95519883203063,16.32349083510956,1150.908084019753,7,1,0,1131.3854672444165,🟢 Healthy
2025-07-30,1070,1,116,0.2762146592493513,153,114,6,3.1299865886328617,20.087323281836557,8.524656763018337,498.9752713426644,7,2,0,499.4530116752266,🟢 Healthy
2025-07-31,1080,4,122,0.3077811066070225,296,130,9,1.459556894504889,62.418855418071296,14.97320041637309,494.44769619151833,7,3,0,486.9015110841523,🟢 Healthy
2025-08-01,1083,5,115,0.3527965376525875,349,180,8,0.9073395407714596,37.171803901615846,23.364172018175484,353.8333036308552,8,4,0,366.0689992331157,🟢 Healthy
2025-08-02,1048,3,123,0.4202771203666925,72,150,8,3.648184037679808,27.535396566650974,16.17436176215852,1115.0970971496815,8,5,1,1169.147789488537,🔴 Reorder Required
2025-08-03,1019,5,124,0.2808408823057257,490,150,2,3.747966247930143,62.55768136515137,10.10232729279516,1899.0611428509212,8,6,1,1880.3069410676449,🟡 High Cost Overstock
2025-08-04,1085,3,102,0.4269923740360561,352,106,4,1.276392653091989,79.74612049192753,5.623617282695257,529.0363343803076,8,0,0,530.3694865227901,🟡 High Cost Overstock
2025-08-05,1091,4,110,0.3134882645408322,62,89,8,0.6268564197344133,52.98180179795038,11.72603546908136,654.6966023373893,8,1,0,629.0168053928252,🔴 Reorder Required
2025-08-06,1062,1,132,0.2353922041471911,193,176,11,2.337275809504386,73.60859594755479,16.451818281289157,524.7028271819014,8,2,0,514.1467118297932,🟢 Healthy
2025-08-07,1060,1,130,0.3631803312477657,267,122,1,3.1222341595985994,59.177540307276,5.852265767416602,892.8140609201021,8,3,0,884.712729525521,🟡 High Cost Overstock
2025-08-08,1048,5,117,0.3870889018973965,232,134,8,3.677010843052361,54.96686927675408,17.195851545823125,908.0333848649016,8,4,0,907.8618227804637,🟢 Healthy
2025-08-09,1070,1,109,0.323219590251795,400,150,3,4.144752541188063,43.22053123486885,15.468276542362256,1701.121547710094,8,5,1,1682.2665732502714,🟡 High Cost Overstock
2025-08-10,1000,4,108,0.1226459892538893,291,85,8,3.247418422880296,50.60748116008036,20.668709383331414,995.6062422182464,8,6,1,988.9255244849729,🟡 High Cost Overstock
2025-08-11,1095,5,130,0.1679531500643299,242,85,6,0.9989627386931826,47.98365046355423,5.577763445439237,289.7326332273044,8,0,0,289.21913615030945,🟢 Healthy
2025-08-12,1012,3,132,0.2141190883560912,321,156,7,3.5716175246408666,71.69497472119052,20.61694689637475,1218.1842001309085,8,1,0,1234.6947434229564,🟡 High Cost Overstock
2025-08-13,1093,1,143,0.2130502423805972,424,127,2,4.92879489302697,29.28148090233116,15.41754091516214,2119.0905155457663,8,2,0,2098.2545386222073,🟡 High Cost Overstock
2025-08-14,1086,2,125,0.3693683200987482,214,156,1,4.575130630688317,27.41090949502448,12.41058665559423,1006.4888644623244,8,3,0,991.7253646707835,🟢 Healthy
2025-08-15,1050,1,124,0.107339464669453,229,81,6,4.422510091712807,72.80103953667683,24.307659527176483,1085.5558505389097,8,4,0,1088.883493125934,🟢 Healthy
2025-08-16,1055,3,109,0.402272710819808,166,162,12,1.859765690112534,63.70384559031046,8.20239094472106,372.4249501489911,8,5,1,358.4587726773881,🟢 Healthy
2025-08-17,1082,5,121,0.2061369899227733,315,130,3,3.878546794043003,54.416007739412606,15.826502381822127,1276.158247862959,8,6,1,1281.845519242904,🟡 High Cost Overstock
2025-08-18,1061,3,128,0.2240087384864409,427,140,4,4.329965506843156,32.195430752632284,11.419629471849568,1881.09070217466,8,0,0,1887.3582072819163,🟡 High Cost Overstock
2025-08-19,1031,2,104,0.3111639311775697,87,98,13,3.552467920840684,52.88216894954492,15.549727575906717,626.2922468530986,8,1,0,585.6163776833329,🔴 Reorder Required
2025-08-20,1029,4,120,0.186370240375583,93,193,9,1.6275279045559123,83.17854106560092,16.045509051608242,667.7673805827233,8,2,0,654.7721864077811,🔴 Reorder Required
2025-08-21,1028,1,139,0.4537885254302111,400,181,3,4.792252873437312,91.16969886314055,6.788964968496916,2008.0708482380653,8,3,0,2005.9039612431852,🟡 High Cost Overstock
2025-08-22,1048,5,131,0.1341475117306261,123,81,2,2.5286873515640416,76.20612559713761,18.222702938366997,533.0162933464507,8,4,0,536.580911130387,🟢 Healthy
2025-08-23,1044,4,116,0.2777529449204259,487,130,2,1.084125013996457,24.792974070470464,17.689629918380234,552.7618558867451,8,5,1,545.613675008297,🟡 High Cost Overstock
2025-08-24,1092,3,107,0.439768907781956,418,105,2,0.994000527758264,73.63278212808949,20.38934549268928,489.1250027310438,8,6,1,503.51541696211046,🟡 High Cost Overstock
2025-08-25,1029,5,122,0.3463375577684943,275,149,6,3.413835442845706,39.27884716370357,6.81316987318342,978.0835939462728,8,0,0,962.6290916977957,🟡 High Cost Overstock
2025-08-26,1015,4,138,0.2169318063370534,356,99,2,2.469693408875326,45.22009944211241,10.945170938073757,924.4309530017284,8,1,0,937.6291930402907,🟡 High Cost Overstock
2025-08-27,1039,5,126,0.2683040831105843,357,102,11,0.9251774383053364,35.66985663679876,18.002211994562025,365.9582021118038,8,2,0,380.3305731198875,🟢 Healthy
2025-08-28,1018,2,121,0.3826777521370058,397,133,7,3.831640574702426,82.06046324961636,7.734616518312169,1603.221771406479,8,3,0,1604.2663939596675,🟡 High Cost Overstock
2025-08-29,1017,2,117,0.4893042973455598,364,94,7,4.096963252663789,71.88816981098232,18.551964215768848,1563.1827937806015,8,4,0,1575.3747953940015,🟡 High Cost Overstock
2025-08-30,1000,1,121,0.4572554873517734,62,85,7,3.764370338539031,68.94680436793448,6.18053421640846,666.9892841254535,8,5,1,727.7504340353906,🔴 Reorder Required
2025-08-31,1077,1,109,0.2369731233529507,474,171,14,1.410173949578058,73.43780877354209,11.698631059192554,741.8602608735416,8,6,1,756.0410109068368,🟡 High Cost Overstock
2025-09-01,1046,2,127,0.499279151715143,61,114,13,3.603989551982312,38.94178091231227,21.93422244665038,1706.4438250621586,9,0,0,1721.6447017774233,🔴 Reorder Required
2025-09-02,1065,5,110,0.1014018654124233,99,154,2,0.5482526130247329,55.57155314602893,20.485825807623204,335.19264571933275,9,1,0,319.43523276429187,🔴 Reorder Required
2025-09-03,1091,2,125,0.111051902323366,362,87,7,1.8730046285528412,70.66029772391914,17.89521430454176,748.6879732600478,9,2,0,748.0651589000769,🟡 High Cost Overstock
2025-09-04,1093,1,122,0.4295362060684775,483,136,10,2.2946968913339467,70.92752220946403,22.409168332502023,1179.2661207237604,9,3,0,1194.6221985417615,🟡 High Cost Overstock
2025-09-05,1037,2,114,0.1797850747332208,298,197,8,4.2586112699847565,83.34814902041045,19.185390883444008,1352.414307475868,9,4,0,1349.9296522085133,🟡 High Cost Overstock
2025-09-06,1050,2,109,0.1243077073584963,168,129,8,2.2567746788123197,42.968317335048845,15.38750210421606,422.1064633755184,9,5,1,408.80395426307507,🟢 Healthy
2025-09-07,1062,5,115,0.1948592292946009,106,128,14,0.5507125078522923,81.62688973574579,24.59435000771573,361.3515656375304,9,6,1,331.5357199807644,🔴 Reorder Required
2025-09-08,1003,4,114,0.2704400615923441,231,194,2,2.0855588532260425,55.21475844935486,18.89712159578639,536.9788535445707,9,0,0,532.1828001826549,🟡 High Cost Overstock
2025-09-09,1000,1,137,0.3922265081733619,499,194,5,2.7451584426167925,73.61381536471478,17.027343536260062,1443.4478782304943,9,1,0,1433.0061211065884,🟡 High Cost Overstock
2025-09-10,1007,5,111,0.3497342106204822,313,167,14,4.77052154002748,56.45755040522295,13.177411219071294,1549.630792433824,9,2,0,1530.0235273609298,🟡 High Cost Overstock
2025-09-11,1028,2,114,0.1950484870241682,155,100,6,4.734654367052952,95.88881358327546,23.048249971581008,829.760240476483,9,3,0,812.0517155933314,🟢 Healthy
2025-09-12,1054,2,134,0.3013081792402338,240,192,9,1.313933171996352,34.34418117933156,10.914181912099856,349.688142458456,9,4,0,340.8875467836225,🟢 Healthy
2025-09-13,1002,4,107,0.4704856421594275,186,115,6,1.333159437827532,74.00040708658857,5.184391884218053,321.9680625225095,9,5,1,322.0988342760157,🟢 Healthy
2025-09-14,1031,1,120,0.426003110793503,237,150,10,1.2352165540904771,66.12280006145271,8.934810448647198,358.8691233808958,9,6,1,364.6994632134194,🟢 Healthy
2025-09-15,1009,1,136,0.2292759139327173,169,148,6,4.050148695863465,33.81848327581957,7.190349838847183,718.2936128767451,9,0,0,707.9207653494019,🟢 Healthy
2025-09-16,1073,3,137,0.4929058245422785,291,137,10,0.5270991816578287,25.28050686493344,11.379875483461442,178.66636872736157,9,1,0,191.0677512107493,🟢 Healthy
2025-09-17,1082,1,120,0.3834481601740523,368,142,10,1.072297391863448,83.9315511177331,21.5175735491691,478.5369913234819,9,2,0,477.9926072196304,🟢 Healthy
2025-09-18,1033,4,125,0.1249797422667127,121,172,6,2.9208183423984453,32.596106691701216,18.03059370730015,458.1375009511137,9,3,0,478.19012591740767,🔴 Reorder Required
2025-09-19,1096,3,114,0.1140642853154554,292,95,9,1.614029300990445,34.92053462286208,8.37961178467425,506.217090512072,9,4,0,505.00173174634045,🟡 High Cost Overstock
2025-09-20,1086,3,97,0.1673631796040119,180,85,10,0.9156040620766794,98.27473791912314,20.77643442184677,263.08346909292544,9,5,1,266.38380093725937,🟢 Healthy
2025-09-21,1054,2,118,0.3911423472200587,318,157,7,2.1194510555022545,77.38086811813046,15.084397321988057,751.3663037678474,9,6,1,753.8095136182112,🟡 High Cost Overstock
2025-09-22,1091,2,118,0.1734955703369711,442,131,1,1.7339342227711014,40.0389473280978,15.25429248236594,806.4378737929246,9,0,0,787.542099393119,🟡 High Cost Overstock
2025-09-23,1031,1,108,0.3045947076835334,101,81,1,2.7999693793142804,67.2759168121281,12.242243619617463,435.7685294601927,9,1,0,443.19335576452966,🟢 Healthy
2025-09-24,1049,3,120,0.1373040480723327,111,168,14,4.906551172235881,62.728947072201066,22.29232729644047,807.987072858348,9,2,0,925.9059544751292,🔴 Reorder Required
2025-09-25,1006,2,114,0.468354463132078,168,174,4,1.059370865667133,87.5578614011078,11.366546077115853,265.5321668331861,9,3,0,271.8682976205453,🔴 Reorder Required
2025-09-26,1092,4,100,0.237584245433427,414,193,12,2.1772701717534244,78.34565982660995,6.8827952133937735,979.7355109325276,9,4,0,989.6181344022501,🟡 High Cost Overstock
2025-09-27,1007,2,100,0.4632528226242524,313,193,2,4.693932580426136,86.53769003945486,11.0545798794389,1555.7385877128354,9,5,1,1549.7566645320298,🟡 High Cost Overstock
2025-09-28,1064,2,128,0.4779502567642177,288,156,3,4.445928695722202,36.92052703818899,19.307070925357717,1317.3479914061832,9,6,1,1314.4257710312988,🟡 High Cost Overstock
2025-09-29,1056,3,127,0.1024514589254723,400,97,12,2.2742196565292625,71.21753634936042,18.151637736066576,980.9053989610654,9,0,0,982.28008599456,🟡 High Cost Overstock
2025-09-30,1066,3,119,0.2856540748794928,430,160,7,3.645289690338814,23.219268673470424,8.760343071071556,1590.6938355191603,9,1,0,1614.8666921385,🟡 High Cost Overstock
2025-10-01,1087,5,130,0.1098624222827571,304,188,14,0.895356561116055,25.51524898233761,7.235685982098841,297.7036435616183,10,2,0,297.456272556007,🟢 Healthy
2025-10-02,1086,4,115,0.4634771065211623,222,171,7,3.706434749946268,77.08216261636778,18.21731516803493,899.9106771044393,10,3,0,876.0657344608463,🟢 Healthy
2025-10-03,1058,3,125,0.3073630178938303,358,155,14,4.877859782681337,21.953608211514503,18.527536713098243,1768.227410411433,10,4,0,1760.9193555613663,🟡 High Cost Overstock
2025-10-04,1071,1,134,0.1299776050793987,286,114,12,2.918696687753862,66.38120071204074,12.322992744211414,901.1284534096452,10,5,1,895.7956189799553,🟡 High Cost Overstock
2025-10-05,1053,4,129,0.1441106913106267,368,165,3,2.7432060216548644,87.2324078755624,21.8560276705816,1096.7322238445524,10,6,1,1096.8868995423802,🟡 High Cost Overstock
2025-10-06,1066,4,135,0.2534036097970956,144,118,13,1.3429337886585966,50.39534467344229,24.564104075998337,243.7778102402802,10,0,0,250.30239418187054,🟢 Healthy
2025-10-07,1050,3,120,0.4760936771491558,386,80,2,3.3520468950828133,23.587234947193025,9.112904468987908,1317.477336449159,10,1,0,1316.1039804040734,🟡 High Cost Overstock
2025-10-08,1096,4,100,0.3771636606272324,106,116,13,3.1569677635051168,77.10779597029814,16.541374314120567,411.7463789018405,10,2,0,404.33197732494153,🔴 Reorder Required
2025-10-09,1091,3,142,0.447047546475653,487,100,13,3.433698767640877,94.37491619713208,5.106926580078783,1766.5862160382392,10,3,0,1766.2025174743965,🟡 High Cost Overstock
2025-10-10,1007,2,124,0.2465826585359918,452,80,1,0.6173747900812482,77.37371136466143,19.261087920525743,356.4271164813856,10,4,0,353.9794025401972,🟢 Healthy
2025-10-11,1033,5,103,0.1172854798199993,116,83,9,2.9692556975708317,66.27577944022202,13.285642271266356,410.7094403584385,10,5,1,415.76461361253854,🟢 Healthy
2025-10-12,1034,2,128,0.4897270548817657,95,175,10,3.1772067957381784,38.4023063903248,8.865384538063296,632.7946417415405,10,6,1,661.5299425849203,🔴 Reorder Required
2025-10-13,1095,3,114,0.1068691962649478,143,137,3,1.4338856093576098,21.23004992355976,20.044438435287525,226.27569206169795,10,0,0,230.340102116373,🟢 Healthy
2025-10-14,1087,3,100,0.4790606612324356,187,80,9,1.4374978586984122,75.57376867832426,21.212975951121614,344.38586825492735,10,1,0,330.4233278796641,🟢 Healthy
2025-10-15,1077,2,112,0.2474709695396579,418,92,4,1.7429817582992742,38.48209406754344,7.223330023518746,767.0484690366401,10,2,0,752.3449996369887,🟡 High Cost Overstock
2025-10-16,1031,1,141,0.1040361620087526,142,125,10,3.702747162772569,88.6530141745886,5.81991523676068,614.4431112882935,10,3,0,629.6925721644055,🟢 Healthy
2025-10-17,1045,1,117,0.3756628926898033,281,126,6,3.2281972858956727,57.309129506608905,11.681568833382345,964.4325668432928,10,4,0,957.1019834655311,🟡 High Cost Overstock
2025-10-18,1015,1,115,0.4922161216125417,451,160,13,4.305931907530121,62.4508465897965,17.519809315220712,2004.4261368858809,10,5,1,1979.1132525090748,🟡 High Cost Overstock
2025-10-19,1067,3,125,0.486250289135037,445,155,7,1.8304635732939416,80.31492354130933,20.868390543772662,894.8712136571135,10,6,1,891.7322507877244,🟡 High Cost Overstock
2025-10-20,1036,4,95,0.1643748044809673,98,86,10,4.604306269497433,82.35444862426746,15.921249932609154,533.5764630350159,10,0,0,572.7819638297163,🟢 Healthy
2025-10-21,1053,3,122,0.1724991224264619,72,198,14,3.846677728925113,71.41206664644545,16.614975526139613,1179.1216394360342,10,1,0,1216.6948277256392,🔴 Reorder Required
2025-10-22,1084,4,121,0.326215565847864,111,130,6,2.2775525150616365,95.07454523301944,20.997164435057822,557.8545187554394,10,2,0,562.0779018839751,🔴 Reorder Required
2025-10-23,1013,2,111,0.3549219305713298,316,198,1,0.9286792953145516,98.58387490563356,15.576867484375189,392.0465322250319,10,3,0,408.44836016790424,🟢 Healthy
2025-10-24,1094,5,118,0.3957671654663462,378,82,6,1.6564264811936713,95.75083554996937,17.223089804526012,721.8800454411771,10,4,0,706.8986406779837,🟡 High Cost Overstock
2025-10-25,1054,4,122,0.172420144188859,167,129,11,4.805456977466826,85.93433482751549,15.324346799531185,888.4456500644754,10,5,1,878.0290027319289,🟢 Healthy
2025-10-26,1047,1,137,0.4836028347057738,489,105,14,1.896635191478357,76.45001761954012,22.60916466735408,1003.9046262524566,10,6,1,999.375501850578,🟡 High Cost Overstock
2025-10-27,1081,3,103,0.3554957025156952,137,110,6,1.98455432067079,73.06606863053341,9.710332371701778,344.95001056243166,10,0,0,312.0193932129465,🟢 Healthy
2025-10-28,1006,2,141,0.4388187675482219,138,179,5,1.3531501899397265,28.300014153642717,10.279871690810188,245.87435543775555,10,1,0,254.99108875216126,🔴 Reorder Required
2025-10-29,1073,1,121,0.3160262861136687,104,141,3,4.130827705124444,41.718747745529,7.559229232036515,599.831726023092,10,2,0,598.5646602805349,🔴 Reorder Required
2025-10-30,1006,2,102,0.265710739035953,202,105,10,1.7403990360902482,20.45505788235016,21.38933502988844,372.0156631725803,10,3,0,340.1485910903254,🟢 Healthy
2025-10-31,1032,5,138,0.4908731626379984,288,146,3,1.9861621176598503,30.99278961871935,13.235545811247146,603.0074795047564,10,4,0,610.0573875443489,🟡 High Cost Overstock
2025-11-01,1022,3,125,0.3328485483279344,314,187,11,2.36456648794232,55.13835817353507,11.957878817624875,797.6122353874234,11,5,1,791.7552872618872,🟡 High Cost Overstock
2025-11-02,1084,3,123,0.4467494331196716,317,134,10,2.451777258985744,31.722924063125863,24.626974341743125,808.9363151616067,11,6,1,776.9074002290864,🟡 High Cost Overstock
2025-11-03,1018,5,128,0.481316958546516,444,107,13,2.351033556867597,92.13307317414063,23.53606732879571,1135.991972423354,11,0,0,1147.791013435007,🟡 High Cost Overstock
2025-11-04,1018,3,119,0.3701418508034637,162,123,7,2.7668466291862788,84.45593482682256,24.439753642495223,532.6850887549997,11,1,0,515.3869954465686,🟢 Healthy
2025-11-05,1035,4,108,0.31957547140747,215,160,8,4.165307958273814,25.728952967161455,7.845979935173856,921.2701639960316,11,2,0,916.4758037214667,🟢 Healthy
2025-11-06,1028,2,113,0.1014043403642602,205,117,14,4.186782683339099,39.91309723738128,22.825036262963327,898.2035473218966,11,3,0,895.9253031131822,🟢 Healthy
2025-11-07,1059,1,107,0.1160078562956024,57,190,3,4.092409101935061,85.5257507689207,11.57419198774903,897.5026689666706,11,4,0,863.1733624039392,🔴 Reorder Required
2025-11-08,1081,5,105,0.1803404864204465,251,109,3,0.9550617760241936,84.24369012478988,5.25313540423725,323.9641959068625,11,5,1,321.82072449982593,🟢 Healthy
2025-11-09,1001,4,111,0.1744033727423981,266,145,7,4.098554614736663,95.6360440094231,12.825966719661375,1185.8515715293756,11,6,1,1186.6028697114027,🟡 High Cost Overstock
2025-11-10,1000,1,112,0.2019035180799381,480,87,10,1.0411329806895957,99.80382092938882,15.183927062761192,599.5476516603946,11,0,0,595.3209519721411,🟡 High Cost Overstock
2025-11-11,1046,1,136,0.2219738550790643,341,93,12,1.0612569652351609,98.10160505928977,7.164408471348107,459.9902302044796,11,1,0,474.96974537229124,🟢 Healthy
2025-11-12,1068,5,124,0.2440261974202913,430,180,7,4.765382472357324,52.81103885771532,15.753552337485123,2101.925501971364,11,2,0,2096.572194183235,🟡 High Cost Overstock
2025-11-13,1019,4,116,0.2682150760275506,99,178,11,4.1872903011749365,40.02627550416258,21.38927168353463,818.18563394057,11,3,0,811.8846581394796,🔴 Reorder Required
2025-11-14,1010,1,125,0.1395465353824058,156,185,9,2.9858471009060388,80.672815234165,12.55301901678388,546.464962975507,11,4,0,544.3172961492313,🔴 Reorder Required
2025-11-15,1001,1,113,0.1169447727811128,58,182,14,4.43736592015038,43.94183141952247,12.052896130686044,964.218341975977,11,5,1,950.1411768629234,🔴 Reorder Required
2025-11-16,1066,4,104,0.3695777796292093,282,141,6,4.952140891483383,84.51202881050638,11.776208404613548,1481.0157602088204,11,6,1,1482.2097740705772,🟡 High Cost Overstock
2025-11-17,1086,3,120,0.3149339299372311,237,154,13,3.247889299842999,62.71637843183395,23.46188891767384,832.4661424946247,11,0,0,832.9799631214926,🟢 Healthy
2025-11-18,1011,1,111,0.2776576808880479,372,142,7,3.258042966416831,83.5141820187963,5.975161975803982,1295.506165525857,11,1,0,1303.7293359500484,🟡 High Cost Overstock
2025-11-19,1019,2,115,0.3537759764673409,358,158,11,3.894921631219676,42.07039037736084,13.901522839859108,1436.4523343540047,11,2,0,1434.0774774752172,🟡 High Cost Overstock
2025-11-20,1004,4,115,0.4310717628814162,387,145,10,1.5446252856439977,60.64218524430567,10.291989082994338,658.4121707885326,11,3,0,642.4159810265592,🟡 High Cost Overstock
2025-11-21,1036,1,136,0.2710771636464818,159,180,1,1.252061876834597,65.12190348817455,22.876140507749884,264.1997419048755,11,4,0,270.5466515745438,🔴 Reorder Required
2025-11-22,1037,5,119,0.3564477860207917,194,186,7,3.9181133750678265,95.44864541761056,6.921045271676078,855.5626401807689,11,5,1,893.3528487873771,🟢 Healthy
2025-11-23,1093,2,135,0.4814288895340635,277,175,2,2.0520715774734604,41.32780614643338,13.228855333608216,609.751633106582,11,6,1,641.5691531904521,🟡 High Cost Overstock
2025-11-24,1008,1,143,0.4358497983446243,358,119,7,1.107816603376703,94.93505914279156,13.136323040621711,491.5334031516512,11,0,0,492.73900697113226,🟢 Healthy
2025-11-25,1097,2,115,0.2704003242009638,461,92,3,1.916949766629874,84.38871323725726,22.767888350940453,968.1025556536292,11,1,0,970.1230861710333,🟡 High Cost Overstock
2025-11-26,1052,2,121,0.3578867351258972,163,186,9,2.1138659054355893,78.47152432693562,9.309868900819389,423.0316669129367,11,2,0,424.88535703371474,🔴 Reorder Required
2025-11-27,1043,3,118,0.1708283687663759,112,96,13,4.843524467775608,82.94962153481,17.897908206032223,732.8118111618714,11,3,0,722.8481496136976,🟢 Healthy
2025-11-28,1098,2,128,0.324208873958036,448,94,5,3.640818699895655,68.43400367040456,7.688122537755781,1699.520781223658,11,4,0,1707.9408535290015,🟡 High Cost Overstock
2025-11-29,1085,3,141,0.4925313164553772,324,112,7,2.8888534282988028,39.52640083699887,24.07951428161085,975.514911605811,11,5,1,995.2453898525345,🟡 High Cost Overstock
2025-11-30,1023,4,111,0.3073260460810089,173,194,8,4.859929124071722,35.15959750718822,16.86029918544572,875.9273359715961,11,6,1,865.1693287837019,🔴 Reorder Required
2025-12-01,1080,3,91,0.4710553196760589,135,95,13,4.564128832133813,89.30731486803124,17.525134606413406,705.4647072060959,12,0,0,681.7983392643998,🟢 Healthy
2025-12-02,1073,5,105,0.2629339682013043,119,194,12,2.8040038547637187,78.01115220766665,13.675468033209444,411.6876109245492,12,1,0,427.56905512090475,🔴 Reorder Required
2025-12-03,1029,1,127,0.4995379308738524,96,92,2,4.575558359196413,37.05634262087592,11.845654253326446,843.5252269568514,12,2,0,797.8495796684377,🟢 Healthy
2025-12-04,1058,4,112,0.3316880140910231,248,198,11,2.319370961281954,69.20746926995213,9.253528589897526,644.4114676678769,12,3,0,650.4397529405907,🟡 High Cost Overstock
2025-12-05,1086,4,110,0.1169075976943738,413,165,1,1.5368929941048108,55.80371851313791,17.079755076645178,690.5405250784248,12,4,0,691.3560887265855,🟡 High Cost Overstock
2025-12-06,1095,5,104,0.3347019186765552,481,102,7,1.547051795699383,32.69241359704751,24.09123490696476,776.8243273284507,12,5,1,790.2210623000224,🟡 High Cost Overstock
2025-12-07,1080,3,111,0.2098290782718386,250,115,6,3.48041985998957,62.548568748573146,12.19581908184806,932.6535337459658,12,6,1,904.6553405882399,🟡 High Cost Overstock
2025-12-08,1080,1,112,0.1129925288143579,325,122,6,2.754816443182747,42.52152739731338,22.663137773241083,937.8368714317062,12,0,0,921.9205122934898,🟡 High Cost Overstock
2025-12-09,1013,3,137,0.4283413218778653,86,129,2,3.4652788115245103,27.699529932605724,7.975526256944994,732.4653468279083,12,1,0,749.0262711398673,🔴 Reorder Required
2025-12-10,1008,2,115,0.2102918547923024,252,193,3,3.587341839179764,57.35666388363286,23.722520417636016,961.3668073569336,12,2,0,946.6059551660175,🟡 High Cost Overstock
2025-12-11,1039,3,117,0.4186194216185994,179,153,4,0.6004529280397293,67.20868416748495,12.009725677961532,174.6897582865965,12,3,0,179.23252690684745,🟢 Healthy
2025-12-12,1065,4,118,0.2152870331823468,497,160,3,0.7431781655655605,23.75251283049204,12.594544231866912,393.1120611165756,12,4,0,399.431085896033,🟢 Healthy
2025-12-13,1024,1,143,0.1777305415495097,341,173,2,2.897049769660625,52.16741995287975,14.256845140686565,1040.0613914071528,12,5,1,1052.3136595347182,🟡 High Cost Overstock
2025-12-14,1072,3,122,0.489574229641771,438,92,3,1.3596596499203462,40.61295358693482,19.364885398953007,636.1438802520464,12,6,1,662.9886674729066,🟡 High Cost Overstock
2025-12-15,1021,1,109,0.2446581311020078,113,109,14,3.3464019596199783,22.452047256578595,19.393068673780704,400.5954686936361,12,0,0,410.2590785554008,🟢 Healthy
2025-12-16,1003,1,110,0.3405504845772642,312,136,6,2.984835826267916,30.053003968920464,14.591771694393303,961.3217817645104,12,1,0,980.6236892588113,🟡 High Cost Overstock
2025-12-17,1025,2,107,0.3439925971257886,169,189,9,3.1359216126690104,31.12273270547021,15.463057986278718,561.093485246533,12,2,0,559.9600463876021,🔴 Reorder Required
2025-12-18,1057,2,123,0.3241893928694007,327,109,4,1.861049209239548,34.62993984943769,5.600209755482823,643.19303127077,12,3,0,641.0681771210895,🟡 High Cost Overstock
2025-12-19,1028,4,116,0.4658782974084858,251,150,6,3.379295778250535,84.2702057150337,11.085934031166513,932.473446055918,12,4,0,936.002439943211,🟡 High Cost Overstock
2025-12-20,1097,5,122,0.3697764285467474,95,89,1,4.232716864182604,55.15934931825114,11.92034148461219,779.1166715001276,12,5,1,775.1894873956373,🟢 Healthy
2025-12-21,1086,1,99,0.2614932016419721,217,178,12,4.991320641165067,31.76687938163095,16.174545374515187,1114.8834585144505,12,6,1,1088.9869755746067,🟡 High Cost Overstock
2025-12-22,1036,5,131,0.4449521538097096,494,145,6,4.272999737774964,28.02375735423114,16.16599534742609,2138.885627815064,12,0,0,2135.158553773752,🟡 High Cost Overstock
2025-12-23,1074,4,132,0.1724251596463857,159,173,12,3.0087444185597634,43.83523669832313,19.197995954557463,522.2255992493256,12,1,0,517.4334357520167,🔴 Reorder Required
2025-12-24,1069,1,105,0.317694703044167,95,162,3,1.3704331625598043,83.84124149635619,19.34054592436162,407.4378511831538,12,2,0,493.9967326793432,🔴 Reorder Required
2025-12-25,1017,1,113,0.4802201487775025,261,118,9,3.566506442539194,49.15678783517148,9.70421448424166,980.0149693379012,12,3,0,988.0183106157973,🟡 High Cost Overstock
2025-12-26,1084,5,130,0.3501590519521651,77,116,4,4.719442035010902,32.79178882351505,20.40374302209649,1477.5872056904684,12,4,0,1509.5776332616438,🔴 Reorder Required
2025-12-27,1041,3,120,0.4267873801899505,136,82,7,1.4533994287953609,52.3292945236928,5.392071360925641,249.99161683986188,12,5,1,241.36193048220954,🟢 Healthy
2025-12-28,1099,2,117,0.3614242902180772,340,168,4,1.651980292369597,64.4249245829646,19.32323769213441,626.0982239886275,12,6,1,610.8656750826239,🟡 High Cost Overstock
2025-12-29,1040,3,106,0.4357483454151561,434,113,11,1.17053844535243,22.36673469104111,7.041222070388463,530.3804199739958,12,0,0,542.431197186796,🟡 High Cost Overstock
2025-12-30,1037,5,97,0.4777951519380975,206,198,6,3.815247396318808,70.21134411521385,19.59296416842438,856.1523077568881,12,1,0,818.7339674076335,🟡 High Cost Overstock
2025-12-31,1033,2,109,0.2091686910130947,314,165,14,2.329526765406466,51.608060241183146,15.542361811368083,783.0794645788136,12,2,0,763.8153047468087,🟡 High Cost Overstock
2026-01-01,1016,3,115,0.1678644325026875,314,117,7,0.7821303749887283,20.77807001049555,13.745090013661844,266.36700775695624,1,3,0,269.7549545906452,🟢 Healthy
2026-01-02,1036,2,132,0.2935963001330159,71,93,2,4.437274961706261,73.91115191571046,18.81332779522858,1536.5706697057983,1,4,0,1432.8931446706058,🔴 Reorder Required
2026-01-03,1024,1,142,0.3807449707296864,305,143,10,3.00952357116155,76.99101084501186,5.727416674944655,994.8957000492844,1,5,1,984.6035723487726,🟡 High Cost Overstock
2026-01-04,1075,3,121,0.1908765012728864,240,118,6,1.989924314001601,70.30718308469463,9.469406513511569,547.8890184450788,1,6,1,533.9191714988257,🟢 Healthy
2026-01-05,1086,2,125,0.1016405801720668,499,133,8,2.047923392274936,47.35441740787378,17.32880284935308,1069.2681901530668,1,0,0,1068.1710777407666,🟡 High Cost Overstock
2026-01-06,1085,2,125,0.2371740463346821,281,81,13,1.8061304908590805,62.36838832527689,21.94430813261636,569.8910562566784,1,1,0,593.8559621004543,🟡 High Cost Overstock
2026-01-07,1084,2,96,0.4875437341871154,235,175,13,2.5496607757668883,50.97261649067483,12.62215273890234,650.1428987958935,1,2,0,636.3219086838842,🟡 High Cost Overstock
2026-01-08,1026,3,121,0.3779869842423387,375,122,12,2.0166875981966523,76.04973841277555,10.17522945267114,832.3075877365202,1,3,0,827.8903851293396,🟡 High Cost Overstock
2026-01-09,1056,4,104,0.2605301775764895,232,132,6,2.965758368317742,66.68641489869509,15.374728715779886,754.7423563484112,1,4,0,770.6925129248484,🟡 High Cost Overstock
2026-01-10,1030,3,110,0.1770304389387361,446,82,2,3.980827635220824,26.543929106195986,17.44630504773683,1801.9930544146837,1,5,1,1792.7782958480789,🟡 High Cost Overstock
2026-01-11,1005,5,114,0.2424358695018988,452,120,4,3.535075775499681,71.4474846575198,13.40206062811493,1669.3017351833755,1,6,1,1675.2373395808295,🟡 High Cost Overstock
2026-01-12,1090,3,107,0.1679357733204992,466,87,1,1.825056017393527,74.97907314702412,22.534213653195103,925.4551772524076,1,0,0,922.1252846345791,🟡 High Cost Overstock
2026-01-13,1039,2,131,0.1425223285251805,251,169,7,2.8793345519290066,49.65617444917595,15.468774177200268,772.3691469833566,1,1,0,798.9471609163879,🟢 Healthy
2026-01-14,1097,1,120,0.4626969490290216,114,175,8,4.280567719605129,90.06286247677635,5.7164717514117,612.3464130202312,1,2,0,612.9247865131341,🔴 Reorder Required
2026-01-15,1011,3,127,0.4990601353501894,493,154,10,0.8069280563422646,87.44114838759701,9.461079094123807,485.2566801643335,1,3,0,471.7938659020106,🟢 Healthy
2026-01-16,1052,3,112,0.1656457758383161,445,193,2,0.8523377014410713,34.01332191197903,14.012940618356293,413.30359905325577,1,4,0,434.3945888146627,🟢 Healthy
2026-01-17,1070,2,122,0.1218090235513119,92,142,10,3.0027653062238904,92.34130467886948,18.954510380338668,937.2310242616276,1,5,1,942.219907816738,🔴 Reorder Required
2026-01-18,1009,1,112,0.2318924428584849,270,144,5,3.3760180777541144,55.2697897196062,9.395044875851776,966.7946707132172,1,6,1,957.1796825050651,🟡 High Cost Overstock
2026-01-19,1044,1,106,0.2846636723045661,66,158,11,1.4513585709915684,77.89997221074347,24.52514879434842,1154.6955896701238,1,0,0,1183.68661499809,🔴 Reorder Required
2026-01-20,1016,5,117,0.1819284988303418,373,83,8,3.853490570111832,85.12776055737888,11.37116516376167,1522.479743209092,1,1,0,1544.595895853911,🟡 High Cost Overstock
2026-01-21,1025,3,135,0.2205699647194234,334,147,11,3.4081851966832737,60.40899368557519,15.649604137211767,1198.7428493777886,1,2,0,1213.2058565530704,🟡 High Cost Overstock
2026-01-22,1084,1,121,0.1803482942766631,232,171,8,4.654801707063289,51.92815514966526,5.379327694620823,1131.8421511883485,1,3,0,1138.8959924359806,🟢 Healthy
2026-01-23,1091,1,126,0.4097042273729805,440,89,5,1.2602939083634153,93.23610948920786,22.697814428616088,647.7654291691106,1,4,0,646.1386021926717,🟡 High Cost Overstock
2026-01-24,1061,4,104,0.3850311772989043,93,154,8,3.881184194111048,38.46828423483386,20.77669307050367,627.9620380627016,1,5,1,611.124742718458,🔴 Reorder Required
2026-01-25,1045,4,125,0.3539806063043927,438,129,14,0.8763939076247016,40.55760621753156,8.909160085911854,424.4181377571508,1,6,1,421.68880189943206,🟢 Healthy
2026-01-26,1063,1,108,0.2548871428316819,237,102,6,3.043815842830538,48.92962512107496,23.66473382479686,770.3139798719127,1,0,0,764.8543095521256,🟡 High Cost Overstock
2026-01-27,1001,5,142,0.4636163765256944,439,140,5,2.983528127746156,88.75726223764525,11.316795275948092,1398.526110318208,1,1,0,1394.6688700159305,🟡 High Cost Overstock
2026-01-28,1053,1,133,0.487813016614008,312,126,13,2.2477327009103325,95.10306113704608,18.843725767602344,796.3956638210699,1,2,0,780.1881472515521,🟡 High Cost Overstock
2026-01-29,1064,2,129,0.1694557250501648,223,82,14,4.300570164508553,37.60541718038895,21.379526360332,996.6325638657962,1,3,0,1005.3136100339188,🟢 Healthy
2026-01-30,1050,3,132,0.1892050565647512,490,182,11,0.5196679015370551,89.10961181049963,19.818289224743616,343.74688356365664,1,4,0,365.37879874500226,🟢 Healthy
2026-01-31,1052,5,123,0.3102524112001479,103,182,4,2.840807308543343,40.65623675748554,23.351655680596824,800.2925031493864,1,5,1,811.9343252763301,🔴 Reorder Required
2026-02-01,1035,2,112,0.1365002277128981,269,96,5,1.4771909742583431,97.65129973999105,22.28549520681417,495.0156718154854,2,6,1,488.49639580681225,🟢 Healthy
2026-02-02,1025,5,120,0.2745793595292451,95,101,12,3.845743786023948,67.79263135852659,24.8922302818322,1055.4440480766066,2,0,0,1060.4665513889715,🔴 Reorder Required
2026-02-03,1028,2,115,0.332716505911084,443,195,4,0.6938034183774373,20.56691739579059,8.65222825152291,327.92183173699533,2,1,0,337.33450140469847,🟢 Healthy
2026-02-04,1020,3,116,0.3088294284549332,309,170,1,4.2419960968171,22.730392325694236,11.095236024534,1333.507186242178,2,2,0,1333.800182932298,🟡 High Cost Overstock
2026-02-05,1010,3,137,0.2323634332312104,244,199,3,4.271415020181282,31.79876246437668,17.724517348632602,1074.0240273886095,2,3,0,1079.59390922663,🟢 Healthy
2026-02-06,1039,4,116,0.3169783224308827,458,95,8,4.247897055815763,35.00585262550054,19.660943717831675,1980.54270418912,2,4,0,1938.8936108240723,🟡 High Cost Overstock
2026-02-07,1010,2,124,0.4835203817035391,396,159,7,1.1865583702970144,81.40952982612774,15.692101091114184,551.2866444637455,2,5,1,547.1153096315265,🟡 High Cost Overstock
2026-02-08,1035,4,141,0.1824069617165504,110,183,12,3.336829333524702,37.82127011335599,6.478567297732298,605.7080830307744,2,6,1,628.1828944801193,🔴 Reorder Required
2026-02-09,1058,2,145,0.3619325433576015,215,82,7,0.5646531163252533,97.53132960398878,21.83190453600764,218.93174961391824,2,0,0,240.0470696207571,🟢 Healthy
2026-02-10,1038,4,123,0.1173586776624207,209,131,11,4.315831660801399,70.88896457623505,24.21748712042544,972.8977816837272,2,1,0,1000.457853103928,🟢 Healthy
2026-02-11,1098,3,136,0.1265665617925739,200,190,3,3.753388370788792,75.40140074028142,13.110336876527896,826.0790748980398,2,2,0,811.8698845001893,🟢 Healthy
2026-02-12,1053,5,125,0.320731289689434,160,112,9,2.890191789046637,37.42532154281661,9.49624963397692,499.85600779027857,2,3,0,494.13938952412457,🟢 Healthy
2026-02-13,1097,4,107,0.1419756721311798,86,121,6,3.787661448934777,91.41650512760678,5.38627509924175,530.2671668200744,2,4,0,544.6265139269318,🔴 Reorder Required
2026-02-14,1054,2,135,0.1089387153707429,52,81,8,0.924458434932975,73.42516582559452,9.745980721871703,930.4134043574606,2,5,1,919.3482300247038,🔴 Reorder Required
2026-02-15,1023,2,106,0.1686051990592089,62,118,8,2.878951244795853,89.15244994734911,18.99837549676845,1103.5759489825036,2,6,1,1227.5376196272402,🔴 Reorder Required
2026-02-16,1021,3,123,0.3259396683998298,211,125,3,1.8107442131740044,96.51848777849816,23.231787753454608,478.5855167582131,2,0,0,480.6141778043918,🟢 Healthy
2026-02-17,1068,2,112,0.381336381807573,393,127,4,4.876787584503378,30.05127816876772,6.8702613286353165,1946.6287988785955,2,1,0,1949.5137915363687,🟡 High Cost Overstock
2026-02-18,1055,1,117,0.180991425656552,498,106,14,4.357030777807558,27.726978421515653,16.0651837432386,2197.5283057696797,2,2,0,2200.123807739359,🟡 High Cost Overstock
2026-02-19,1032,5,108,0.3673037748832698,381,94,6,3.799740631252896,84.27262612717085,18.910624970236647,1531.9738066345244,2,3,0,1562.9358539143452,🟡 High Cost Overstock
2026-02-20,1035,4,120,0.1729905324396917,313,86,2,4.701864358623793,89.29008472753362,10.527616422125371,1560.973628976781,2,4,0,1542.6129823343367,🟡 High Cost Overstock
2026-02-21,1019,5,139,0.3453829706525029,132,188,12,2.060794870544632,66.70091367023886,16.39794078340604,453.5114220659725,2,5,1,377.8430921458976,🔴 Reorder Required
2026-02-22,1082,3,128,0.2647838719583195,314,136,12,4.553959545446816,49.28004382004165,19.30496852011546,1479.2233410903416,2,6,1,1465.9476980623936,🟡 High Cost Overstock
2026-02-23,1098,4,109,0.3615198037334467,461,121,11,1.9635720444801965,72.2103708860179,21.754384862707536,977.4170833913884,2,0,0,982.2808345806134,🟡 High Cost Overstock
2026-02-24,1080,4,126,0.4980211009916989,383,88,12,3.7975852386101887,44.45312580739659,14.04999701639962,1498.928272195099,2,1,0,1521.763032665497,🟡 High Cost Overstock
2026-02-25,1061,1,118,0.4751267860930248,429,184,7,3.813876102994021,39.07085537227745,19.95714437837921,1675.2237035567125,2,2,0,1694.5573828485228,🟡 High Cost Overstock
2026-02-26,1097,3,130,0.1017127031344414,268,85,2,0.5825744440434206,59.05161676218124,11.035659434796994,215.181567765818,2,3,0,210.14396684164794,🟢 Healthy
2026-02-27,1072,2,130,0.4541755057449222,195,199,11,2.1247686422518783,37.292306208510375,9.260934935443172,451.6221914476266,2,4,0,459.29706417246973,🔴 Reorder Required
2026-02-28,1025,1,125,0.1265963180699066,347,136,5,0.5874470258382405,58.69628866521383,8.746274921813349,262.5404066310833,2,5,1,261.96607846328556,🟢 Healthy
2026-03-01,1065,1,112,0.481218634463938,346,155,12,4.986914079246119,96.52852043708576,12.177454636514524,1822.0007918562428,3,6,1,1835.8102026068275,🟡 High Cost Overstock
2026-03-02,1072,5,105,0.2127302716398739,210,109,4,1.049885428231571,87.18272284939124,5.71759363577698,307.65866277802115,3,0,0,308.9442090435287,🟢 Healthy
2026-03-03,1072,5,110,0.2528139321645084,278,134,9,2.9426490304164923,95.3304735600018,10.659836753304994,913.3869040157866,3,1,0,918.5596433722739,🟡 High Cost Overstock
2026-03-04,1039,5,137,0.1366552820702911,283,163,13,4.057503074431867,84.50631798778869,18.044456488864565,1232.779688052007,3,2,0,1232.4686049246873,🟡 High Cost Overstock
2026-03-05,1016,1,127,0.1449091033315638,138,163,13,1.4056862101740162,48.380074875702135,17.958380943202734,242.3647718797164,3,3,0,242.41455102171818,🔴 Reorder Required
2026-03-06,1000,2,103,0.3906962260917278,382,133,2,2.682737006429627,84.96361908412473,6.471076129829825,1109.7691555402423,3,4,0,1109.9312196278656,🟡 High Cost Overstock
2026-03-07,1088,4,122,0.4777328942993166,359,189,7,3.233429424145178,93.83325948425713,10.748312341612404,1254.6344227523762,3,5,1,1267.4135945240037,🟡 High Cost Overstock
2026-03-08,1060,5,129,0.3442993979817238,264,106,13,1.2209213947799542,95.76286302696435,16.391153293558432,418.0861112488722,3,6,1,405.655741421894,🟢 Healthy
2026-03-09,1042,2,126,0.3863400062107244,469,163,7,4.003499569601924,74.65582805479977,11.371042750062056,1952.2971261981015,3,0,0,1929.9133958214552,🟡 High Cost Overstock
2026-03-10,1041,3,132,0.4047878978388614,146,138,7,1.847014057352144,36.90933150520905,13.35976048377747,306.57338387862205,3,1,0,326.9435355590278,🟢 Healthy
2026-03-11,1024,5,124,0.2051257098211767,262,86,1,1.449603843524781,23.178332269175268,19.25621514231528,402.974539272668,3,2,0,394.85760346000524,🟢 Healthy
2026-03-12,1038,4,126,0.1180918523680859,403,119,8,3.012299358968376,31.776018252812463,5.185336589132601,1245.732659917068,3,3,0,1237.2607113875056,🟡 High Cost Overstock
2026-03-13,1034,3,119,0.1007490975676674,361,183,2,2.3464113243932205,97.24375343151564,10.52787088176861,944.2982415374682,3,4,0,953.3771558707547,🟡 High Cost Overstock
2026-03-14,1002,3,119,0.2402597131816074,149,173,5,4.64128675086388,56.967745935421554,7.847444875700333,748.5194718141398,3,5,1,730.3938207580012,🔴 Reorder Required
2026-03-15,1043,4,120,0.1965856912796864,194,151,2,4.4602821418916925,88.3988811865646,7.552183655289834,953.693616713553,3,6,1,945.8543050576128,🟢 Healthy
2026-03-16,1050,5,131,0.1249270900196742,59,81,13,2.6750779852499744,57.20353228466329,24.18080432894494,1956.0510450984475,3,0,0,1928.7971845894288,🔴 Reorder Required
2026-03-17,1093,1,111,0.1718113169974667,93,93,5,2.116686986265189,72.86540667678716,12.531206631248356,495.27901576192016,3,1,0,500.9345476836203,🔴 Reorder Required
2026-03-18,1097,4,132,0.1497995593071791,300,89,7,1.9648309173406933,21.93126216978669,15.541771698192797,611.3805373719947,3,2,0,620.2380709645806,🟡 High Cost Overstock
2026-03-19,1011,4,121,0.4659513522469481,435,129,6,1.7040363038667832,39.98919541754934,19.67643774139265,781.2449875996,3,3,0,750.0415384784927,🟡 High Cost Overstock
2026-03-20,1018,4,115,0.1561068853836675,276,97,13,2.950465341706148,54.90154240340714,5.948949497201004,869.2299767143039,3,4,0,874.3118503935417,🟡 High Cost Overstock
2026-03-21,1043,3,111,0.3150593855950717,447,97,12,4.122403721305446,70.45048377233306,9.820452771153969,1913.1649471958672,3,5,1,1896.8684371700879,🟡 High Cost Overstock
2026-03-22,1058,2,130,0.3372423820448658,298,95,5,1.89840473691601,33.72169504425428,21.64295574687425,599.4463066452253,3,6,1,601.5625296662704,🟡 High Cost Overstock
2026-03-23,1048,1,112,0.3173957830834535,218,131,4,1.3554234035963668,81.1641171416392,22.23981226355762,376.6464191256472,3,0,0,366.30632397542394,🟢 Healthy
2026-03-24,1060,5,115,0.1396225736863952,179,148,8,2.6396771278247906,49.15237649089899,12.45901841281604,521.6545823715365,3,1,0,520.8249715202084,🟢 Healthy
2026-03-25,1016,5,118,0.2275193447002205,68,131,11,0.8106548755894993,85.39482153871076,12.497231993035363,765.380952730565,3,2,0,714.4973244717592,🔴 Reorder Required
2026-03-26,1073,2,127,0.1205081329852613,385,110,14,3.655755527583681,27.837527231605385,20.13793754217764,1435.303405351323,3,3,0,1448.5020645903774,🟡 High Cost Overstock
2026-03-27,1056,4,134,0.2582679656385264,284,180,8,2.832612198358701,74.38052701458975,10.901404534997384,878.842391348461,3,4,0,863.3743183550989,🟡 High Cost Overstock
2026-03-28,1054,1,105,0.1754395725086368,394,163,1,2.733686635877844,43.466266656520816,7.341881622799962,1120.5388011923917,3,5,1,1117.9238326874172,🟡 High Cost Overstock
2026-03-29,1046,5,131,0.3246530133137519,50,102,10,1.852004207975101,83.63065392980943,10.150709004811668,998.4382937183096,3,6,1,1001.7412586192393,🔴 Reorder Required
2026-03-30,1011,5,115,0.3771233575396402,179,175,2,4.571030468892815,52.17363416339285,12.746894632715495,870.3880880952067,3,0,0,864.3116869134527,🟢 Healthy
2026-03-31,1061,4,119,0.3128479440818826,76,121,3,0.9071883133229872,73.22797058108532,6.044094191901966,402.0703326454168,3,1,0,412.9228173684867,🔴 Reorder Required
2026-04-01,1079,2,124,0.2736946786445583,51,160,13,4.414208039991641,94.74442149091789,14.573605084003496,1383.7422026627469,4,2,0,1340.3629287568106,🔴 Reorder Required
2026-04-02,1087,1,144,0.254933368342677,299,141,1,2.195173410871652,21.65013056110115,19.80015025545557,678.0069804117251,4,3,0,671.7050019840254,🟡 High Cost Overstock
2026-04-03,1082,2,151,0.4366767072388015,271,156,11,4.462805821887601,20.88934258674989,15.274902889609232,1230.30972031829,4,4,0,1241.6849521277268,🟢 Healthy
2026-04-04,1007,2,119,0.187747226026108,484,192,3,3.7794265624957264,81.62234017413708,6.437906810290139,1910.8647964220688,4,5,1,1864.6573219813401,🟡 High Cost Overstock
2026-04-05,1094,1,118,0.3936873358115476,187,129,10,0.9687682699791724,71.71144412064625,13.80299262691917,252.87111060675147,4,6,1,262.96965511237084,🟢 Healthy
2026-04-06,1020,1,118,0.4029929298960476,324,156,12,4.241913289292091,43.43837764035462,19.178092160856654,1417.8182833709925,4,0,0,1396.2178379429986,🟡 High Cost Overstock
2026-04-07,1080,5,128,0.2676800029082938,190,160,8,3.569795751647773,59.55173622194099,6.161933079803799,737.8129290350179,4,1,0,729.3796903744563,🟢 Healthy
2026-04-08,1086,5,132,0.2189202396902557,481,94,4,0.6453586081190681,23.3548532479095,6.19694379453777,333.77234375318125,4,2,0,336.2868653196915,🟢 Healthy
2026-04-09,1079,1,123,0.2882165944183901,305,169,13,1.1016620694935149,35.395648428899264,12.412028063619651,371.4025796244213,4,3,0,359.4614245142189,🟢 Healthy
2026-04-10,1069,3,116,0.1372855703570794,419,123,13,3.360326251260628,53.9597099621734,8.899279282474183,1461.9364092403764,4,4,0,1432.0451387422693,🟡 High Cost Overstock
2026-04-11,1071,5,114,0.118372012891636,361,171,7,3.4817022629612824,86.72355329771858,23.695615826168407,1343.6180702267416,4,5,1,1341.0967154915045,🟡 High Cost Overstock
2026-04-12,1024,3,110,0.1446412797807567,489,121,7,3.8599314477691777,58.37337462880679,16.62687207479486,1945.8798525879347,4,6,1,1956.0706151345264,🟡 High Cost Overstock
2026-04-13,1081,1,126,0.1748580125848904,483,124,11,3.7411043034874174,66.9090003620783,10.746507988117925,1873.8623789465012,4,0,0,1832.7465331265112,🟡 High Cost Overstock
2026-04-14,1088,5,145,0.3016707281352172,144,173,5,3.4678397960147973,89.90030335950243,19.095534582299017,608.3647685679323,4,1,0,632.6687330808617,🔴 Reorder Required
2026-04-15,1011,2,134,0.4396546544644488,222,186,12,3.948075057858901,44.70551308710762,12.498581027186578,921.1781759317838,4,2,0,944.1301115714841,🟢 Healthy
2026-04-16,1014,1,121,0.1942569327998748,492,114,1,3.0878856765156777,76.05594568816447,7.6423128875802,1595.2956985338778,4,3,0,1537.44956816224,🟡 High Cost Overstock
2026-04-17,1058,4,101,0.4740648042987112,472,101,10,1.673561234860047,88.93338069426026,9.744644596871607,878.8542835482024,4,4,0,868.2795363874218,🟡 High Cost Overstock
2026-04-18,1025,3,118,0.4819631635740014,454,153,4,4.605694761788232,36.20925605569414,17.854945689187513,2127.1946779075515,4,5,1,2121.8823092099233,🟡 High Cost Overstock
2026-04-19,1025,1,116,0.4835618419380821,488,154,7,0.5819631391939006,48.5182532118266,6.037522119939833,332.51626513845014,4,6,1,338.7271245368716,🟢 Healthy
2026-04-20,1046,1,131,0.4350250938705295,106,117,14,2.149527739421706,98.3848139111484,10.453780800961274,587.5792743138811,4,0,0,613.6655746625182,🔴 Reorder Required
2026-04-21,1031,5,109,0.2455300163190882,151,176,5,3.779916318937235,98.65748518369688,9.166229552843491,669.4248493432193,4,1,0,654.114832291429,🔴 Reorder Required
2026-04-22,1009,5,128,0.1290735644010492,218,149,2,2.4222021851735347,37.85839442351503,9.02270221353064,565.8984707913456,4,2,0,559.3487807931534,🟢 Healthy
2026-04-23,1015,5,120,0.327527492706598,119,143,14,0.6117548336600644,25.31566711141025,18.655248239519423,116.76974055647734,4,3,0,144.6050481984299,🔴 Reorder Required
2026-04-24,1070,4,117,0.3234725775748935,387,180,8,0.7969140640229593,41.67372890480423,21.51633833508729,350.0794716816895,4,4,0,335.9991191016092,🟢 Healthy
2026-04-25,1016,5,128,0.4399903068438382,98,86,2,3.418868161122299,51.81855658429498,19.31733216128517,966.3876012128356,4,5,1,979.5042270835148,🟢 Healthy
2026-04-26,1022,1,108,0.4983964203784421,477,197,11,4.841890697323849,55.28044807449309,17.914556316010245,2364.862310697969,4,6,1,2361.1746219721517,🟡 High Cost Overstock
2026-04-27,1025,5,113,0.3032629226240591,468,123,8,2.983386361255245,69.50450458643388,23.32903543635728,1465.7293216538887,4,0,0,1457.469944904561,🟡 High Cost Overstock
2026-04-28,1084,2,105,0.2380816124159137,396,155,13,2.780410181106961,91.96022081052372,6.167847608485937,1193.0026525288802,4,1,0,1183.2647312634554,🟡 High Cost Overstock
2026-04-29,1085,5,113,0.1743606846225068,54,86,11,1.9324634587532028,46.42784095257299,8.349661719524814,643.41090917721,4,2,0,688.869127476863,🔴 Reorder Required
2026-04-30,1006,4,134,0.1019199299269483,251,145,2,1.6551080323972842,87.99876283993667,13.288137113410643,503.430878971655,4,3,0,503.1990724555555,🟢 Healthy
2026-05-01,1013,2,130,0.3036454769955516,251,139,11,0.5944324179032812,27.478313674130156,12.449032870077357,176.68085056785372,5,4,0,181.41463318179228,🟢 Healthy
2026-05-02,1078,1,126,0.3222074666810383,228,80,5,1.72829690438212,23.34997591785718,13.361032059260449,417.4016701169806,5,5,1,415.2364203844446,🟢 Healthy
2026-05-03,1006,1,117,0.429975391926959,106,141,4,2.520996983893636,60.3236146498769,9.12909810085412,427.9693740519977,5,6,1,412.4949711405986,🔴 Reorder Required
2026-05-04,1008,3,121,0.3018307871571202,235,166,1,1.3907740237202757,24.772977866448397,7.990066311604567,351.6048734407132,5,0,0,362.92898953286334,🟢 Healthy
2026-05-05,1047,2,105,0.4665873394664226,141,168,14,0.8930659481664315,51.39918409873842,15.18386494915856,177.32148279020527,5,1,0,166.46599430118653,🔴 Reorder Required
2026-05-06,1071,3,125,0.3512333906285741,341,97,12,3.729775402645712,91.74224934953877,23.561050481375872,1363.5956616517265,5,2,0,1360.7785879897954,🟡 High Cost Overstock
2026-05-07,1058,2,145,0.4361344952884333,443,187,8,4.525791210806302,39.318642896597865,12.83938924699834,2044.2441492837893,5,3,0,2035.4616932934719,🟡 High Cost Overstock
2026-05-08,1086,2,113,0.1593206939230988,483,86,10,4.715474313591885,76.47806200999226,5.867064282390562,2354.052155474873,5,4,0,2343.5126092104415,🟡 High Cost Overstock
2026-05-09,1092,4,114,0.4421344521209259,276,194,12,3.280994278236452,44.18923139120536,19.12334685779049,949.743652184466,5,5,1,936.6780091135242,🟡 High Cost Overstock
2026-05-10,1081,3,121,0.3700575417775393,470,133,3,0.7374856216967681,23.59360441937085,10.822098110543498,370.2118466168519,5,6,1,369.6696576384033,🟢 Healthy
2026-05-11,1094,4,104,0.1680932129753322,161,146,13,3.833881834827981,64.53524651282476,9.90190014609784,681.7902219201296,5,0,0,685.3471361205804,🟢 Healthy
2026-05-12,1093,2,130,0.1759054232584043,197,172,4,0.9954288736784886,86.78827924294013,11.48516001395924,282.8877673576024,5,1,0,285.27877773623356,🟢 Healthy
2026-05-13,1038,1,127,0.4706002476176886,318,89,4,3.513866529595208,52.75747586740955,19.47631047815753,1170.1670322786856,5,2,0,1196.4574046650032,🟡 High Cost Overstock
2026-05-14,1098,2,117,0.1128861441801491,252,140,5,4.007146260865441,69.38350611664697,21.37638773740608,1079.184363854738,5,3,0,1079.4031872002445,🟡 High Cost Overstock
2026-05-15,1017,4,149,0.2850139773182825,427,138,3,3.766391198719128,92.00188781261808,16.761121346779273,1700.2509296656854,5,4,0,1692.1334085181238,🟡 High Cost Overstock
2026-05-16,1058,3,117,0.2253901159736406,414,138,9,4.783477125925088,83.17556101895903,11.449575074391031,2063.5350911519454,5,5,1,2069.9985484257413,🟡 High Cost Overstock
2026-05-17,1016,3,116,0.3660309759993713,452,186,4,3.8216582801032537,35.51011195142554,11.209564662345564,1762.8996545580962,5,6,1,1777.0385958221773,🟡 High Cost Overstock
2026-05-18,1013,4,96,0.4358517550275967,397,148,14,3.619444000918138,78.67071674920047,7.48616699810926,1515.5899851137012,5,0,0,1506.3460770623174,🟡 High Cost Overstock
2026-05-19,1030,3,118,0.2441512486226278,407,142,10,1.6778442748239608,60.15144201281216,23.66602096470389,743.0340618661642,5,1,0,744.417556188512,🟡 High Cost Overstock
2026-05-20,1023,5,131,0.2707608349291349,105,177,11,4.661459088961558,79.67734463088678,17.76278797937639,1030.9630364356365,5,2,0,963.8747598775782,🔴 Reorder Required
2026-05-21,1098,1,120,0.4927671138005657,350,87,11,1.307947418573751,59.56124404177746,5.5394923971172805,517.3428405425902,5,3,0,518.8245432856078,🟡 High Cost Overstock
2026-05-22,1059,1,124,0.4135666038716811,365,157,4,4.572034751629069,30.23665312866423,18.247341903733613,1699.0293374732744,5,4,0,1695.4674129354878,🟡 High Cost Overstock
2026-05-23,1044,1,111,0.4588816523727166,234,183,6,1.9069814450565967,65.59275573513914,13.943068483870158,511.8264138783828,5,5,1,502.72509339716885,🟡 High Cost Overstock
2026-05-24,1097,3,92,0.2755048882606519,103,134,8,1.0857361724495094,59.37071939178719,24.45115926093839,171.20154515408666,5,6,1,207.64929940360557,🔴 Reorder Required
2026-05-25,1002,3,113,0.1936304815936461,86,85,13,4.220073622720268,61.43373869131534,21.38137649612814,1001.6572356407182,5,0,0,1024.7273612926624,🟢 Healthy
2026-05-26,1036,2,121,0.2647453861545806,260,80,7,0.5112295412037311,90.31219629166962,8.426315076655964,223.23187700463973,5,1,0,230.78396821960703,🟢 Healthy
2026-05-27,1042,2,134,0.3864367671326054,342,135,4,4.2443974295637386,91.58696373650012,19.40222237749733,1543.1708846472986,5,2,0,1549.5874010616697,🟡 High Cost Overstock
2026-05-28,1039,1,115,0.1437721619343917,319,176,4,1.6804032892068916,56.28296854125747,14.711320076705269,592.3316177982559,5,3,0,578.3158775229635,🟡 High Cost Overstock
2026-05-29,1089,5,116,0.2081876422466035,400,183,5,4.481245727400296,56.45856330240707,8.740903273398564,1848.9568542625252,5,4,0,1861.985318010418,🟡 High Cost Overstock
2026-05-30,1054,2,126,0.1186543601846361,269,154,10,3.611656320087106,61.21495670980928,18.97479814659898,1032.750506813241,5,5,1,1037.1131899279408,🟡 High Cost Overstock
2026-05-31,1086,2,122,0.2729390953352526,277,193,5,3.497824997827655,61.56714226674056,15.947751573884908,1030.464666665001,5,6,1,1004.2607214471982,🟡 High Cost Overstock
2026-06-01,1038,3,109,0.4309782943918453,477,167,12,2.143938034241795,96.030971534329,5.60747757543141,1118.6894138676653,6,0,0,1132.6712310578198,🟡 High Cost Overstock
2026-06-02,1014,5,141,0.1098654753192043,407,89,1,0.7673133825084695,71.95203739019948,17.931759010576517,384.2485840711465,6,1,0,395.5776030283545,🟢 Healthy
2026-06-03,1003,1,125,0.3701294107228664,260,187,13,4.235328941925098,42.19655959103552,17.699741797248812,1143.382084491561,6,2,0,1156.1864399682192,🟡 High Cost Overstock
2026-06-04,1092,2,105,0.4729983498054958,347,195,8,1.269067078294376,62.5229437563192,7.881703221029253,502.8892199244677,6,3,0,505.67610221245076,🟡 High Cost Overstock
2026-06-05,1085,5,114,0.1947711446044729,50,102,10,2.175163888526385,70.17788663263863,11.979754539933856,945.6403716147248,6,4,0,921.2898067462158,🔴 Reorder Required
2026-06-06,1024,5,108,0.3774539362910593,72,95,13,3.201596084790868,71.18173768111717,16.7179794150208,903.5439147268085,6,5,1,887.6495325302501,🔴 Reorder Required
2026-06-07,1012,1,116,0.4900407604400801,497,180,5,2.6701418235227976,66.82033809905462,7.775660282134598,1393.880824389885,6,6,1,1393.0809457485414,🟡 High Cost Overstock
2026-06-08,1081,5,122,0.4849112240609853,333,95,3,1.3939728582709312,34.21889236972299,22.05446755669513,498.4118541739431,6,0,0,514.3395203610035,🟡 High Cost Overstock
2026-06-09,1032,5,113,0.1939716772116573,437,135,3,1.1327736059702775,22.6874551263606,5.549720925754076,517.7095209353719,6,1,0,509.6993164912655,🟡 High Cost Overstock
2026-06-10,1015,5,134,0.1401324212848275,474,187,4,1.0546082251263078,47.02744418934835,7.056748299387099,546.9117428992182,6,2,0,545.7504114941969,🟡 High Cost Overstock
2026-06-11,1041,2,103,0.1593130151583663,237,174,12,4.383535466746404,54.201772364820286,7.322138397097682,1093.099677983718,6,3,0,1090.8701746007107,🟡 High Cost Overstock
2026-06-12,1065,1,115,0.3808142673928568,67,85,7,0.6420179707760013,24.944339166086927,15.562142519501103,814.942384144132,6,4,0,851.5905837877764,🔴 Reorder Required
2026-06-13,1054,5,115,0.3903035501813102,496,109,5,4.896564168199524,85.19738704158769,17.402280243372505,2513.893214468552,6,5,1,2456.1966858453234,🟡 High Cost Overstock
2026-06-14,1098,5,123,0.3696946246512796,494,142,1,1.3933791067343635,47.5261950008219,13.07481593002973,735.8554737275974,6,6,1,743.9165758511479,🟡 High Cost Overstock
2026-06-15,1041,2,110,0.2344313550968952,98,180,14,0.9964503359558516,93.09061969428038,10.773336553363324,320.02279125831376,6,0,0,370.1888409299483,🔴 Reorder Required
2026-06-16,1033,1,130,0.1679107759032488,96,80,12,3.096372446495578,32.352808627381215,21.186347512511148,1049.9403789163357,6,1,0,1051.2675260154144,🟢 Healthy
2026-06-17,1029,3,103,0.3323044367809012,164,130,13,0.8599368107331349,24.554796554985074,6.365719674528403,165.5844335152192,6,2,0,184.65773860201043,🟢 Healthy
2026-06-18,1012,2,127,0.2934721783031466,88,185,5,3.211039684236177,58.58528835090574,10.605837222655834,754.7844322472669,6,3,0,749.8475140724056,🔴 Reorder Required
2026-06-19,1012,1,124,0.3915336588489214,266,168,14,4.327819901661259,35.130346946056534,5.782311576079415,1186.3304407879516,6,4,0,1191.6926814068138,🟡 High Cost Overstock
2026-06-20,1017,5,127,0.2765440314742485,259,125,5,0.7155410966034117,94.9919420462289,5.27780269932536,280.3170860665125,6,5,1,271.9312150101373,🟢 Healthy
2026-06-21,1031,1,114,0.2354558778745873,311,100,6,4.099408720378449,20.824271876299115,12.067597738644023,1295.7403839139963,6,6,1,1309.0628487631263,🟡 High Cost Overstock
2026-06-22,1095,1,110,0.2173914309436057,260,178,14,2.275148484419534,53.00957400472279,8.89647324889864,644.5481799538017,6,0,0,638.0091358850834,🟡 High Cost Overstock
2026-06-23,1098,1,138,0.1845881280198986,102,117,7,1.217707852240445,94.13982170761346,10.367317096764925,591.5694381196761,6,1,0,619.9188619355795,🔴 Reorder Required
2026-06-24,1038,3,117,0.2062985504746645,330,148,5,1.2924341612035657,50.75345653838147,21.418943149099363,477.2567297355581,6,2,0,481.7494191769042,🟢 Healthy
2026-06-25,1045,1,124,0.1379321755376405,404,142,13,4.634440446624018,27.44874244803686,8.259601924984427,1899.7626828841403,6,3,0,1914.9607916733003,🟡 High Cost Overstock
2026-06-26,1028,3,102,0.2387428043715558,370,192,11,0.99772588373299,44.23159542894297,20.60466734303602,413.3901724101493,6,4,0,410.65536296286564,🟢 Healthy
2026-06-27,1061,5,129,0.1146279249451832,182,129,14,4.400522542020457,59.84083150675468,18.50101246292727,860.7359341544777,6,5,1,858.7369682610357,🟢 Healthy
2026-06-28,1092,3,131,0.1745655388665307,498,91,2,2.9491007944262657,34.81213498746665,11.528910502816654,1503.4643306117468,6,6,1,1486.3709546093432,🟡 High Cost Overstock
2026-06-29,1061,5,125,0.3987081778477717,313,148,14,0.6757528046739758,57.32493641146095,15.931122903525756,268.8355642744154,6,0,0,272.34102079995796,🟢 Healthy
2026-06-30,1056,5,123,0.230187595470649,344,152,2,2.5901426557280223,86.907455662867,13.888712195490776,977.9165292333066,6,1,0,956.2072073251647,🟡 High Cost Overstock
2026-07-01,1015,3,115,0.3672948067909375,160,123,13,4.178522815143353,89.80943761572904,7.567906309953307,758.3730880386655,7,2,0,716.5962746792932,🟢 Healthy
2026-07-02,1055,2,100,0.3867536702389109,92,131,4,3.767912544375952,23.94085877685857,23.143706434683512,555.7384643369143,7,3,0,546.3064327292467,🔴 Reorder Required
2026-07-03,1009,4,121,0.3324741370928454,387,88,1,2.69952087958123,32.87226864420588,16.3923593517152,1077.586849042142,7,4,0,1066.5911272598833,🟡 High Cost Overstock
2026-07-04,1029,1,120,0.4834790965461594,287,178,7,4.370224458632977,42.02321086134433,22.6048009159091,1296.2776304890087,7,5,1,1309.6465167462886,🟡 High Cost Overstock
2026-07-05,1024,4,117,0.1085759466492453,428,144,13,1.0416414280110335,67.58926807100815,21.476530236265805,513.4117992597305,7,6,1,523.0553791453955,🟡 High Cost Overstock
2026-07-06,1083,1,115,0.3954610602352568,438,197,1,4.59473474026566,48.879580703397366,6.595518506188465,2061.3733969397567,7,0,0,2046.1685037572265,🟡 High Cost Overstock
2026-07-07,1004,1,134,0.4835146575761632,296,190,3,4.308985438175069,87.52327307568603,9.145413320369048,1362.9829627755066,7,1,0,1369.9335149230558,🟡 High Cost Overstock
2026-07-08,1064,5,123,0.4449086917411757,53,89,10,3.6872457154575615,77.33374946263501,7.905222287496616,826.1233325066489,7,2,0,808.192149233458,🔴 Reorder Required
2026-07-09,1093,1,118,0.1671570767220053,413,125,7,4.180494839579372,28.03648184908066,21.615590655738373,1754.5808505953612,7,3,0,1774.008865427885,🟡 High Cost Overstock
2026-07-10,1048,1,100,0.2307281225006928,398,182,11,2.947169780791997,69.9646002009673,22.24893252910405,1242.938172956182,7,4,0,1241.2001876296918,🟡 High Cost Overstock
2026-07-11,1002,3,100,0.1689807359505861,434,179,12,3.538230930939501,29.04101002775828,15.55943019616732,1564.6332340555018,7,5,1,1571.6527635981288,🟡 High Cost Overstock
2026-07-12,1044,4,129,0.3405233455258816,399,137,12,3.022691318185005,40.4028535709168,7.083561450160138,1246.4566895267335,7,6,1,1238.5119209858992,🟡 High Cost Overstock
2026-07-13,1013,3,124,0.3848751927917969,361,116,6,2.099428387285772,34.229650682738246,7.712332370860324,792.1232984929019,7,0,0,778.9996432417848,🟡 High Cost Overstock
2026-07-14,1029,1,130,0.2268295077452232,222,131,7,3.059873588125299,33.844955936056394,21.270976248765347,713.1368924998728,7,1,0,735.4412224500103,🟢 Healthy
2026-07-15,1067,5,127,0.3158026295937182,242,191,5,1.6585939963936658,69.31164198214873,23.583802730586605,470.6913891094159,7,2,0,462.80114243977545,🟢 Healthy
2026-07-16,1017,3,92,0.376368228028478,52,178,8,2.481256268783534,65.08839380433292,8.989513702213134,553.6942678696021,7,3,0,613.8258639905886,🔴 Reorder Required
2026-07-17,1061,3,108,0.2685359266444194,327,160,6,1.7634893326710943,34.08225222301815,5.222751529443461,610.743264006466,7,4,0,621.8835753515422,🟡 High Cost Overstock
2026-07-18,1036,2,117,0.4416062121821837,105,92,12,1.0529950525762506,99.21382443347454,11.619058103015558,349.20700219016754,7,5,1,312.42826707784155,🟢 Healthy
2026-07-19,1024,1,119,0.4086199741151268,323,85,4,1.9483783537545776,53.746938589463504,5.609987792957627,683.0731468521922,7,6,1,674.4642816549497,🟡 High Cost Overstock
2026-07-20,1047,5,117,0.1258662175402282,458,137,14,4.333942481831468,27.76554625239493,21.55949832156076,2012.711202931207,7,0,0,2001.477918974345,🟡 High Cost Overstock
2026-07-21,1064,3,134,0.3484501196363316,225,180,11,2.214863467890376,29.64552135640921,14.830245144525032,527.9898016317437,7,1,0,515.2651409562403,🟢 Healthy
2026-07-22,1052,3,133,0.1941302203838998,165,127,1,3.866016420359911,66.71149709812758,17.837215575260394,704.6042064575128,7,2,0,713.0605985206677,🟢 Healthy
2026-07-23,1078,5,106,0.3230073058669101,133,111,2,1.2883903440717257,98.32555227067785,13.229697522730843,269.68146803221737,7,3,0,269.7174366235746,🟢 Healthy
2026-07-24,1072,1,110,0.4827553770531865,208,90,12,2.409886216254387,65.75608812953583,11.910150940249638,567.0124211104483,7,4,0,546.4003009704803,🟢 Healthy
2026-07-25,1014,2,99,0.4516248018209,335,160,6,1.0168523120082944,95.92331812933098,9.444008261521695,436.5688426521096,7,5,1,435.4246500298885,🟢 Healthy
2026-07-26,1048,3,134,0.2618065612460527,129,84,4,1.1237947851537036,55.530628060642144,20.410650940762917,302.5534100492845,7,6,1,289.8009330824329,🟢 Healthy
2026-07-27,1087,2,128,0.2166055433377413,115,85,3,3.2784637095053117,54.86728829216096,18.910951688310583,677.7329868333095,7,0,0,671.1380067053088,🟢 Healthy
2026-07-28,1067,4,131,0.1937622977633036,258,153,7,3.23366817852055,60.000588745270576,12.214579689921724,894.2869788035724,7,1,0,897.074895608334,🟢 Healthy
2026-07-29,1011,1,130,0.313005947902608,59,196,7,1.46017358309688,75.79403665244442,11.42232268598366,972.92918876,7,2,0,912.0380701714469,🔴 Reorder Required
2026-07-30,1058,4,142,0.1456993813032225,248,176,2,2.6349043742995937,49.40927731610661,5.0248575729735805,702.8655621424058,7,3,0,713.0852127370706,🟢 Healthy
2026-07-31,1036,4,119,0.3197100032512994,108,173,8,4.384877751400765,89.11088261431657,6.271042600909449,631.6591483756032,7,4,0,623.0534811334753,🔴 Reorder Required
2026-08-01,1060,4,131,0.1005334557963168,283,100,11,1.2839067890441729,22.3425107814517,17.465110497852695,385.68813208095264,8,5,1,372.0546010208687,🟢 Healthy
2026-08-02,1042,1,108,0.2295398522983379,356,121,1,0.5864473988308168,55.18113560227539,15.292146204709232,263.95640958604616,8,6,1,267.601595907891,🟢 Healthy
2026-08-03,1069,1,131,0.1879737255322325,293,160,11,3.433978132986076,60.87934799839343,13.69606408970045,1067.0349409633136,8,0,0,1063.6602968305715,🟡 High Cost Overstock
2026-08-04,1038,5,119,0.4884875159843128,428,106,10,0.7407419363990825,68.5625790610477,21.550044816033168,385.600127839855,8,1,0,387.26251878566916,🟢 Healthy
2026-08-05,1055,2,132,0.3908969278279915,442,82,7,4.909731073576007,42.08575298926906,15.077964088056932,2212.186887509864,8,2,0,2210.94480941789,🟡 High Cost Overstock
2026-08-06,1062,2,133,0.2398613521848951,103,139,10,3.2432912770949645,54.198397678866826,12.6898716281464,768.9535480640402,8,3,0,810.4107723429208,🔴 Reorder Required
2026-08-07,1045,5,109,0.1371380346122482,495,172,12,2.616783587797875,58.76302001712453,8.2251269504997,1354.0708959770727,8,4,0,1351.5610544903673,🟡 High Cost Overstock
2026-08-08,1087,5,113,0.3067202378762496,386,145,1,2.4349664301093803,74.95279829465706,21.413760164292384,1014.849840316878,8,5,1,1022.4730001257525,🟡 High Cost Overstock
2026-08-09,1010,4,96,0.1853791525304169,442,172,13,3.078817963326191,81.88353477886511,16.524965002423755,1442.7210745690418,8,6,1,1420.8479201843986,🟡 High Cost Overstock
2026-08-10,1061,5,131,0.3145718183593431,58,128,12,0.9078099652409672,79.02618618750297,6.849199318455145,631.6707144187047,8,0,0,629.0277028710776,🔴 Reorder Required
2026-08-11,1076,3,111,0.434144941671557,150,179,14,4.685085764687731,47.32664418316682,17.977967959941516,750.0895088863265,8,1,0,734.0766534702136,🔴 Reorder Required
2026-08-12,1097,2,120,0.3463170208405541,457,113,3,3.31538930848345,99.95604183935708,13.5014149097682,1615.0889558162935,8,2,0,1624.6034224415043,🟡 High Cost Overstock
2026-08-13,1024,5,118,0.3535153678180008,344,116,3,1.3279032392490897,87.89322494297436,21.22772447175992,544.6919392446612,8,3,0,547.6789448594018,🟡 High Cost Overstock
2026-08-14,1070,3,124,0.3164121156251246,252,121,10,3.0316147419409827,40.80186985159752,23.37829193991993,804.7687848207252,8,4,0,816.2974287509671,🟡 High Cost Overstock
2026-08-15,1051,3,107,0.4709062530525637,441,144,14,1.0996542762485524,35.6084644538262,17.009316263524923,520.5560002794379,8,5,1,519.1189845444765,🟡 High Cost Overstock
2026-08-16,1003,3,117,0.4727610737682414,202,139,2,0.5789872290124045,45.12170004667124,19.63225638626733,162.07712030717695,8,6,1,161.86383846391925,🟢 Healthy
2026-08-17,1058,3,122,0.3050892804294208,159,169,14,3.337326433462991,56.18758823997159,6.131816952043314,586.8224911605871,8,0,0,574.0332615869455,🔴 Reorder Required
2026-08-18,1071,4,108,0.2223037948574018,371,80,10,3.418175038415575,88.0639502655691,16.205109100023144,1356.2068895177474,8,1,0,1350.7769938410072,🟡 High Cost Overstock
2026-08-19,1019,3,122,0.2838348023517776,315,138,13,3.12663462261537,82.26898110356275,20.106799567109483,1067.1588872274044,8,2,0,1067.9492826314608,🟡 High Cost Overstock
2026-08-20,1092,4,120,0.1746231648782462,422,83,5,1.3256744196201038,88.09968988047008,14.935242989562074,647.5342949601539,8,3,0,646.2148066106975,🟡 High Cost Overstock
2026-08-21,1062,4,125,0.3545377261272358,201,182,4,3.215434363226452,41.75656919282628,16.871001790086744,688.0588762013431,8,4,0,695.6041155297972,🟢 Healthy
2026-08-22,1053,3,112,0.3000369343128933,132,93,13,0.7542992341603392,67.47689779614689,22.978963711620885,167.04439670531167,8,5,1,180.04778682289498,🟢 Healthy
2026-08-23,1073,2,123,0.1413201911253119,492,189,6,3.2415726000736504,42.65992498218996,8.961991440623988,1637.513644218426,8,6,1,1644.1056090237512,🟡 High Cost Overstock
2026-08-24,1097,3,123,0.1790591124478461,464,97,2,2.9930765859842845,28.72185285755945,6.964930151038238,1417.5093887542675,8,0,0,1410.170366169426,🟡 High Cost Overstock
2026-08-25,1056,3,130,0.2918527824798107,444,113,14,3.448646738775948,74.73581947797445,18.81287226279002,1605.9349714944954,8,1,0,1618.4319819357459,🟡 High Cost Overstock
2026-08-26,1089,3,123,0.4550355962875433,183,80,4,4.529640225885772,31.439804095635104,21.45697811044888,860.3639654327313,8,2,0,856.6080290741555,🟢 Healthy
2026-08-27,1040,2,120,0.326556288252439,375,132,12,4.326611473577914,73.41582093651772,22.00980377165127,1695.8951235282357,8,3,0,1689.8628829754023,🟡 High Cost Overstock
2026-08-28,1002,1,123,0.3726140000833883,209,101,7,4.912943862031424,71.83714439243273,17.832889941824405,1098.6424115570003,8,4,0,1095.5219579202785,🟢 Healthy
2026-08-29,1005,1,118,0.2356114198975639,88,159,1,4.893084648214588,84.81987555392136,21.664268363416067,1165.3393754992871,8,5,1,1137.3901709165157,🔴 Reorder Required
2026-08-30,1004,4,120,0.3285645572176937,225,140,13,3.975438620181887,31.164368365085156,19.013284114465804,925.6380579060096,8,6,1,934.7877180506974,🟢 Healthy
2026-08-31,1004,4,118,0.278951929055227,62,101,11,4.803888299799776,82.67841188070487,6.747538318135815,758.3816322838966,8,0,0,811.0953587417706,🔴 Reorder Required
2026-09-01,1053,2,115,0.3636519650492643,364,129,3,4.402777486501003,99.94212207569896,20.24087015769976,1702.553127162064,9,1,0,1692.9179236195287,🟡 High Cost Overstock
2026-09-02,1046,5,106,0.1202302264316041,116,95,1,3.774121024527378,88.08339588687217,8.587193791006593,525.881434732048,9,2,0,494.23562516385124,🟢 Healthy
2026-09-03,1086,1,129,0.2973200864955836,489,107,2,0.8392291458968983,80.1449661062133,9.732186851819456,490.5280184497966,9,3,0,489.84605703487375,🟢 Healthy
2026-09-04,1048,4,129,0.2183970500575868,297,171,9,0.7207244972144949,72.97322837557661,12.893012539973297,287.0284040482816,9,4,0,290.7559243860729,🟢 Healthy
2026-09-05,1008,1,122,0.2304740245111637,90,198,10,4.269198053775966,53.74251877483435,11.291341326526736,799.293266063527,9,5,1,789.7726051325773,🔴 Reorder Required
2026-09-06,1098,2,111,0.4843669726232246,233,165,5,2.7034513604226422,78.44001343132817,11.433034766058242,708.3441804098038,9,6,1,706.2108752840912,🟡 High Cost Overstock
2026-09-07,1019,2,106,0.1730779250845531,84,199,13,4.165730079687144,77.93424281123626,8.385190484080915,612.3297601547365,9,0,0,599.4469550801224,🔴 Reorder Required
2026-09-08,1060,5,114,0.2244981010314387,471,149,4,1.9081322179484872,70.51986261498305,10.877420942190888,969.2501372687206,9,1,0,970.9699916976027,🟡 High Cost Overstock
2026-09-09,1034,5,109,0.3039570302923487,386,168,12,2.2894243624535577,83.70227026382628,5.3932517995176354,967.4200741708996,9,2,0,960.8230510784011,🟡 High Cost Overstock
2026-09-10,1049,2,99,0.4452107792598495,339,121,4,3.650840244553693,55.901111074146776,14.45821893376652,1293.5359539778487,9,3,0,1297.7551765248015,🟡 High Cost Overstock
2026-09-11,1081,4,149,0.2666680332825482,125,145,8,4.618970316194419,29.70021697059125,20.371819175396134,1095.9951667044008,9,4,0,1011.9522576147466,🔴 Reorder Required
2026-09-12,1061,1,118,0.3975461123552685,119,150,12,0.8949266351549867,64.725418208739,22.244947384496797,171.22168779218242,9,5,1,194.8417179247769,🔴 Reorder Required
2026-09-13,1016,3,124,0.4425496392859209,283,196,3,4.376651650855728,41.20348229690741,21.40857117918877,1279.7958994890785,9,6,1,1269.3838092091128,🟡 High Cost Overstock
2026-09-14,1087,5,112,0.2240065423287396,60,160,12,4.068557261957144,50.754647794332016,13.329154379902263,987.9841112666784,9,0,0,985.1792557502291,🔴 Reorder Required
2026-09-15,1002,3,125,0.257100073415484,417,114,12,1.919926718284346,21.39319231529808,19.608529623277125,822.0026338398703,9,1,0,833.0122426318934,🟡 High Cost Overstock
2026-09-16,1031,4,108,0.2426224894753425,332,99,4,2.098474763592018,50.623247033430665,10.757815481904249,747.3168685459806,9,2,0,712.7627778204038,🟡 High Cost Overstock
2026-09-17,1098,5,122,0.4331423234471684,353,187,2,0.7090766474985933,84.70408849083637,6.111249454352359,335.0081450578398,9,3,0,332.52998508715257,🟢 Healthy
2026-09-18,1012,3,105,0.1177387447814404,73,81,6,0.5708327500252309,63.41778935506039,18.519430507825334,697.7103563573129,9,4,0,741.0917507863203,🔴 Reorder Required
2026-09-19,1088,4,126,0.223368435531472,323,86,12,2.646527568609781,20.78404215471768,17.97592329472812,875.6124468156769,9,5,1,847.6708767619277,🟡 High Cost Overstock
2026-09-20,1072,1,126,0.371763423038052,76,175,9,0.9299284047378974,57.58750561918778,21.03258790925751,1179.8914598421436,9,6,1,1157.9941083425322,🔴 Reorder Required
2026-09-21,1067,4,143,0.3261773998261371,103,128,12,1.373008164868459,43.316131811632594,17.322124134057596,877.6209381553876,9,0,0,848.3757284240005,🔴 Reorder Required
2026-09-22,1013,5,125,0.2745157437174777,104,162,4,4.310452397869986,58.20405243177369,8.137832499478328,677.3855842992971,9,1,0,658.0358571512581,🔴 Reorder Required
2026-09-23,1097,2,147,0.3159792908885537,425,155,11,3.069627760627036,52.37541771583017,22.063247841003964,1356.9672159823203,9,2,0,1367.242537076333,🟡 High Cost Overstock
2026-09-24,1010,1,112,0.1790338343313273,282,88,6,3.3513459676975104,94.55833756459052,17.545055760374016,1039.6379004552884,9,3,0,1036.4927250153994,🟡 High Cost Overstock
2026-09-25,1055,3,118,0.2722866486432042,326,106,4,1.34365698874364,23.294183917041263,21.15219398070008,461.3263622474679,9,4,0,453.526558363404,🟢 Healthy
2026-09-26,1066,5,113,0.3006811936705396,492,157,14,4.228978120044888,74.68704090255457,20.48214240752081,2155.344275964639,9,5,1,2157.6740503548936,🟡 High Cost Overstock
2026-09-27,1091,2,110,0.4604756487818406,420,81,2,4.405908975978864,88.08212770413932,10.957289744501768,1938.5638976152625,9,6,1,1956.8462149343195,🟡 High Cost Overstock
2026-09-28,1028,4,118,0.2043340651215905,467,164,13,2.854974171708695,96.73908677203804,6.491059497041047,1430.0120249599986,9,0,0,1425.0856469111231,🟡 High Cost Overstock
2026-09-29,1008,2,134,0.447131400865973,169,147,14,4.606509973453969,34.21089812354367,8.530088181791697,812.7110836372644,9,1,0,796.5917510205957,🟢 Healthy
2026-09-30,1066,5,102,0.3576965603303927,274,139,6,4.301728812295618,62.50438415729551,6.857246686265015,1241.1780787262949,9,2,0,1241.1547914728756,🟡 High Cost Overstock
2026-10-01,1024,5,127,0.1081363324270404,107,194,12,3.790958795034971,23.487166185376957,9.868248641602728,626.4847300861734,10,3,0,618.472200208956,🔴 Reorder Required
2026-10-02,1097,2,102,0.3898525347597574,304,164,7,3.8033416206213286,59.93468195640708,14.19064546051986,1216.150534625291,10,4,0,1220.4563705802027,🟡 High Cost Overstock
2026-10-03,1075,4,111,0.114220751019622,225,191,4,0.9742706327788848,30.036647163278552,23.136212099625656,249.24753953852763,10,5,1,254.6945817730144,🟢 Healthy
2026-10-04,1041,2,131,0.4989524507255253,103,165,12,1.718762169630496,87.03173397589707,22.440375118412693,892.3947407633934,10,6,1,904.4674616767205,🔴 Reorder Required
2026-10-05,1008,5,119,0.4490546750764791,195,128,11,0.8008124891795423,29.109600208429185,19.37199630191456,185.26803559843992,10,0,0,197.48941458277153,🟢 Healthy
2026-10-06,1078,5,108,0.2189374990160182,308,81,7,0.539065441518389,61.06306883091962,5.482247190956519,227.0952248185834,10,1,0,219.2198741075445,🟢 Healthy
2026-10-07,1039,3,118,0.2029644920786821,201,96,13,1.2123928912275956,61.6876855194203,11.82778402641107,305.37865665616704,10,2,0,292.99192093647804,🟢 Healthy
2026-10-08,1024,3,107,0.2525764328422435,434,162,11,4.46219232191123,97.73203983452844,18.6469685296904,2034.3235075440025,10,3,0,1995.930278637347,🟡 High Cost Overstock
2026-10-09,1004,1,138,0.2424667861257772,311,183,8,1.579433265662232,72.39845552311105,7.580577936781367,563.6022011440651,10,4,0,586.7697578822472,🟡 High Cost Overstock
2026-10-10,1010,5,109,0.2489351273541524,68,167,11,4.865692831662748,43.02722344614416,21.02175700031817,1235.7863730122565,10,5,1,1253.380608596276,🔴 Reorder Required
2026-10-11,1058,3,127,0.2273106184477921,391,99,3,3.187809498025428,39.263944795051074,23.291473599751875,1285.6974585229932,10,6,1,1286.1401849196163,🟡 High Cost Overstock
2026-10-12,1097,2,114,0.3484533627393326,420,181,2,1.5676631943561068,30.25985645160519,12.082088932756507,688.67839808117,10,0,0,698.3609337080948,🟡 High Cost Overstock
2026-10-13,1087,4,119,0.1657054654882496,220,155,5,2.7370886156789576,80.52117792392477,19.116861237276662,682.6806733732953,10,1,0,685.7887654758938,🟢 Healthy
2026-10-14,1078,2,118,0.4383925169784053,428,168,2,1.4859267021505191,75.2605324945871,7.964082653374267,711.2371610150093,10,2,0,695.3490727837253,🟡 High Cost Overstock
2026-10-15,1037,4,107,0.4249609936125261,441,166,10,4.927881011820682,68.79017018464847,18.81632898226054,2241.9856963975694,10,3,0,2235.811220433781,🟡 High Cost Overstock
2026-10-16,1071,3,121,0.2905932831421082,246,193,5,4.312692427572337,23.26723543599907,5.429108245740865,1084.1895726187938,10,4,0,1065.349811941895,🟡 High Cost Overstock
2026-10-17,1004,1,118,0.4410919861114191,485,177,10,0.6180745495204809,81.02630931154356,8.015430136222019,380.7924658289768,10,5,1,379.5979275012013,🟢 Healthy
2026-10-18,1047,2,126,0.1988580280121173,122,111,13,4.76499214160362,71.35100617187834,19.1976289321734,729.4705631762135,10,6,1,732.3963620985795,🟢 Healthy
2026-10-19,1089,2,138,0.1070261822815867,352,130,6,3.744792982862993,97.11110944883907,19.237004457526123,1415.278239416613,10,0,0,1406.6487930095752,🟡 High Cost Overstock
2026-10-20,1017,2,122,0.3476831700119292,134,167,8,0.8707156340957525,66.97617039014497,17.82325411690354,183.6520653589758,10,1,0,195.7041096014881,🔴 Reorder Required
2026-10-21,1069,4,121,0.2831637627858862,333,121,6,3.517869858469005,44.31615253293665,14.547280487684064,1215.7668154031153,10,2,0,1216.5643567715197,🟡 High Cost Overstock
2026-10-22,1036,3,106,0.3268658185183483,351,142,4,3.411170140845585,50.52164417514562,18.4981618234389,1247.842363611946,10,3,0,1259.1277798813592,🟡 High Cost Overstock
2026-10-23,1059,2,119,0.4597357636073612,181,168,3,1.4845493561341256,34.067256430258595,20.476015965775765,302.7706898905353,10,4,0,285.9251672935263,🟢 Healthy
2026-10-24,1047,2,123,0.4879702294263773,169,140,14,3.9130101500340895,77.83313457611081,24.329633180734877,739.131849931872,10,5,1,769.6307600135829,🟢 Healthy
2026-10-25,1076,1,131,0.3537812559022412,265,141,14,0.8917911649083521,76.61773280173803,22.7728206309721,312.94239150245136,10,6,1,312.358707762935,🟢 Healthy
2026-10-26,1027,1,117,0.4056222359409753,185,82,2,2.702503315540615,36.0520012382141,20.89068405132249,536.0151146132279,10,0,0,555.1365631063961,🟢 Healthy
2026-10-27,1068,3,131,0.1335233733948657,165,168,13,0.5446544322338956,32.67914585458229,18.895150334287457,122.54712717317508,10,1,0,178.06080013726543,🔴 Reorder Required
2026-10-28,1076,3,116,0.1642862339566022,110,171,1,4.859318700026359,26.16039465617557,16.483110908647344,659.584117110959,10,2,0,677.4351187936448,🔴 Reorder Required
2026-10-29,1080,5,138,0.3932819219811906,66,155,2,3.882036342996092,92.95805949454068,7.412176467038325,882.8491637590421,10,3,0,881.6562190678475,🔴 Reorder Required
2026-10-30,1039,1,125,0.2725461825552008,83,105,2,1.214834342718452,38.645586695588094,8.311136841967858,488.54458450386966,10,4,0,494.12098136276336,🔴 Reorder Required
2026-10-31,1044,5,117,0.2783861081617623,69,127,5,2.037533179780773,47.53308214014432,21.40559121341799,1215.591249789081,10,5,1,1222.1316275309728,🔴 Reorder Required
2026-11-01,1095,4,99,0.2234430726541746,257,187,9,1.222530700136793,42.44036067019925,21.06625824414441,356.6307506053552,11,6,1,353.59924998153184,🟢 Healthy
2026-11-02,1061,5,129,0.3429425533910975,211,87,1,3.949778588581916,53.08996820886328,17.289178519467256,886.4932503996475,11,0,0,926.539597615853,🟢 Healthy
2026-11-03,1092,2,108,0.174066018166481,348,84,4,0.7650334644247183,77.12390395059867,13.776802654323069,343.3555495704006,11,1,0,336.4389554542636,🟢 Healthy
2026-11-04,1057,5,125,0.3507665117255583,59,90,10,4.281829950036714,89.64765069810275,5.520652996472113,706.6387155174284,11,2,0,733.0342758460895,🔴 Reorder Required
2026-11-05,1066,3,119,0.1695195428540958,143,121,7,4.739883524760784,34.60789996228321,11.543538850570878,712.4112440030754,11,3,0,709.4822769426728,🟢 Healthy
2026-11-06,1055,4,118,0.1255304138838854,463,178,11,3.5448257426283494,74.91298749929321,13.412793151306357,1716.1673063362189,11,4,0,1704.8376085750047,🟡 High Cost Overstock
2026-11-07,1039,2,117,0.2321430754796244,420,170,14,1.4583445250064535,48.20497137939881,14.716325723468412,660.7096718821093,11,5,1,661.27481369969,🟡 High Cost Overstock
2026-11-08,1097,5,113,0.192456136803939,458,198,10,2.120405431160979,98.44217346378342,23.586491971224184,1069.5878609355116,11,6,1,1074.1169664116085,🟡 High Cost Overstock
2026-11-09,1039,4,134,0.4555966554225329,432,120,3,2.6475794366401906,43.91353274272615,7.174187996002857,1187.6678493712884,11,0,0,1180.5177600957898,🟡 High Cost Overstock
2026-11-10,1090,4,126,0.1219813815474506,490,187,8,3.2208114749101417,20.575436480628795,15.377338395595409,1598.7730591865982,11,1,0,1586.0996327918713,🟡 High Cost Overstock
2026-11-11,1076,2,115,0.1706454770296491,415,181,3,3.508983904152593,61.25119792158762,12.358445939165597,1517.479518144914,11,2,0,1481.3837469692712,🟡 High Cost Overstock
2026-11-12,1032,5,112,0.3194878422332198,496,98,8,2.9939662189349727,32.05848674207502,24.801962384321037,1517.0657313338215,11,3,0,1505.6427727246178,🟡 High Cost Overstock
2026-11-13,1005,4,135,0.2924268763389894,156,127,13,2.080912643698351,23.559554145471928,22.237280325658105,348.1819265624147,11,4,0,341.77661278086066,🟢 Healthy
2026-11-14,1087,4,119,0.1183408073498806,154,132,2,4.509127762542064,75.86153855581668,13.775717084778416,770.2672139872944,11,5,1,769.1682137036129,🟢 Healthy
2026-11-15,1018,1,134,0.1029009712060577,120,134,5,0.866264261080812,78.58074260067653,24.99391218709521,532.4472245497069,11,6,1,428.31200468899334,🔴 Reorder Required
2026-11-16,1079,4,120,0.4952271767844599,480,199,4,2.5981522440957274,56.8559210493202,15.281264929429929,1303.9689982152693,11,0,0,1306.0934905641955,🟡 High Cost Overstock
2026-11-17,1039,1,133,0.3635338801435352,133,140,11,3.990041773103663,74.15084134052618,8.342355931828013,604.8263971633133,11,1,0,630.9435415219879,🔴 Reorder Required
2026-11-18,1091,5,117,0.2461624523606227,258,111,9,0.773926993811304,63.05915585977071,16.11749383653429,262.7323202630872,11,2,0,263.23832821809674,🟢 Healthy
2026-11-19,1096,5,128,0.2881728990652965,308,125,3,3.6740084756508553,70.38408861775453,9.524115316072931,1201.978699118218,11,3,0,1254.0649204020576,🟡 High Cost Overstock
2026-11-20,1058,5,121,0.2066200481817147,288,171,12,4.188702302389963,67.7363178550369,17.72625680152504,1274.0825809433463,11,4,0,1262.1137873771863,🟡 High Cost Overstock
2026-11-21,1058,3,121,0.2379495134772839,351,115,11,3.473740843371735,73.2658211244474,23.748803497678512,1292.5488571479264,11,5,1,1324.1368474070184,🟡 High Cost Overstock
2026-11-22,1047,5,117,0.3596177869072856,281,97,5,0.558216015239102,35.9704518938537,20.723971536700567,192.82915217604136,11,6,1,188.63509857312013,🟢 Healthy
2026-11-23,1040,4,134,0.4531247195469483,469,153,10,1.310616622094928,41.496529602936015,10.463273808381103,656.1757253654572,11,0,0,651.4336357580956,🟡 High Cost Overstock
2026-11-24,1012,2,118,0.1736520092324739,331,175,9,2.0395088550137785,55.19705196061536,10.937172499320145,730.274482970176,11,1,0,723.9244403648074,🟡 High Cost Overstock
2026-11-25,1044,1,126,0.4361446021541275,443,97,13,1.5516051603712069,55.69024075353491,6.38576406180624,743.0513267979794,11,2,0,742.5806600296928,🟡 High Cost Overstock
2026-11-26,1088,3,124,0.1486226518073076,467,91,6,4.831934631023423,81.95293692695233,10.717356712925548,2338.466409614891,11,3,0,2346.0415321930464,🟡 High Cost Overstock
2026-11-27,1052,5,117,0.1859968894353565,255,194,2,3.432172613512072,49.391492738362565,6.852495993556344,924.5955091839407,11,4,0,930.2349729357865,🟡 High Cost Overstock
2026-11-28,1041,5,147,0.1148701152198584,313,151,1,1.8363693080820664,33.00041248473459,14.988974386512856,607.7840059144214,11,5,1,639.8624049412107,🟡 High Cost Overstock
2026-11-29,1099,2,120,0.1563247448371998,360,176,12,4.683638743994505,40.11727763928607,19.166941589965152,1726.227225477308,11,6,1,1730.4165489632267,🟡 High Cost Overstock
2026-11-30,1062,2,112,0.4669212581856202,396,125,11,3.8326738976428407,37.17868019073827,20.02362322998317,1554.9175436573032,11,0,0,1555.6402458233035,🟡 High Cost Overstock
2026-12-01,1026,3,113,0.2837754986473514,443,134,1,1.7807324532216888,78.53280154048176,6.1905846449635815,867.3972783176898,12,1,0,864.9919754630113,🟡 High Cost Overstock
2026-12-02,1037,1,126,0.1310663447113414,234,117,7,2.2049670623088,57.62716917007857,11.79911796476404,573.5894617503376,12,2,0,558.4095094747944,🟢 Healthy
2026-12-03,1059,5,113,0.4838907352155845,163,157,14,1.3974298623678054,76.69045583767868,10.763435330948674,304.4715234036309,12,3,0,309.84212973678285,🟢 Healthy
2026-12-04,1006,3,130,0.4515969231034601,128,81,12,4.869832992196199,53.29757446061016,7.086006459746692,690.8082103812169,12,4,0,692.1425341590103,🟢 Healthy
2026-12-05,1004,4,123,0.4018730083472565,406,88,2,2.8278342315053293,91.17884820031242,12.249426218640114,1239.279546191476,12,5,1,1215.6829321510322,🟡 High Cost Overstock
2026-12-06,1044,4,132,0.4733891167790232,391,187,7,4.532255093740931,98.68162461781876,10.986402182784722,1870.7933662705225,12,6,1,1876.9668009347977,🟡 High Cost Overstock
2026-12-07,1057,3,112,0.1880517683343056,350,84,1,2.0592489695758145,73.58740069620893,17.689984586785535,794.324540047744,12,0,0,806.3477824989013,🟡 High Cost Overstock
2026-12-08,1030,5,121,0.4345477172040345,99,177,4,4.373787213938641,89.1050045788975,22.66605327467426,1020.7631108016568,12,1,0,1001.801616795461,🔴 Reorder Required
2026-12-09,1022,3,118,0.3759964785417224,369,98,10,0.7424908179222378,60.63466137376501,14.096834417464317,334.6137731870708,12,2,0,336.07145732945884,🟢 Healthy
2026-12-10,1041,5,127,0.4479036998270753,144,150,13,4.919406428859296,94.76966722831264,19.93330345533637,803.1641929840513,12,3,0,804.04176587001,🔴 Reorder Required
2026-12-11,1009,2,109,0.4187646262970519,307,118,11,4.604154651649862,86.52691885382625,7.920207342213485,1500.0023969103338,12,4,0,1522.4846846838225,🟡 High Cost Overstock
2026-12-12,1031,3,111,0.23859802527073,478,121,4,2.134413251494947,99.34228574128312,22.899327572877294,1119.5918199558678,12,5,1,1132.7440154960955,🟡 High Cost Overstock
2026-12-13,1052,5,116,0.4097594148069022,400,96,5,3.9862497439155984,69.84749882622245,8.051894764301846,1664.3473963924616,12,6,1,1632.1437099220439,🟡 High Cost Overstock
2026-12-14,1029,3,121,0.2049825211939561,111,142,14,3.885160669132217,82.33653922145828,8.842023611987786,602.0096096150122,12,0,0,589.0152345259752,🔴 Reorder Required
2026-12-15,1038,3,107,0.2314368652112219,191,169,14,4.555646586963192,63.42945119825708,7.12927607175353,933.5579493082269,12,1,0,918.3663847769511,🟢 Healthy
2026-12-16,1030,5,118,0.1431622868891904,379,125,10,1.88264741507965,40.72960834171383,11.193590030410729,754.2529786569012,12,2,0,748.7063784666705,🟡 High Cost Overstock
2026-12-17,1081,5,122,0.4740306463921875,271,170,1,2.594840023913673,48.38041369038062,16.048208934310523,751.5820601709859,12,3,0,763.6126398836311,🟡 High Cost Overstock
2026-12-18,1099,1,127,0.2164013453601126,405,186,7,4.392498256727238,91.52043317850529,24.759882228126536,1870.4822271530368,12,4,0,1890.0195006551266,🟡 High Cost Overstock
2026-12-19,1001,3,112,0.3082489860685807,160,171,11,4.003607543608473,24.475835727889645,20.86736069315088,665.0530427052453,12,5,1,668.5350662987996,🔴 Reorder Required
2026-12-20,1077,4,144,0.2565331345864771,153,99,2,2.270600234331256,67.31839088595265,12.60871605783964,414.7202267386349,12,6,1,406.86634943616394,🟢 Healthy
2026-12-21,1076,3,120,0.4839712482334006,64,149,12,4.305763548104549,49.798722600328695,16.51692115807141,1250.3151745310188,12,0,0,1245.7779920169762,🔴 Reorder Required
2026-12-22,1092,3,98,0.2340196683753929,319,87,11,0.7112931765458067,50.935403040444456,17.466160618784155,277.8379263585568,12,1,0,279.8276391041387,🟢 Healthy
2026-12-23,1011,5,106,0.4114183285690757,208,175,13,4.019208363333456,90.7656965131014,21.454544424946945,926.7610360864602,12,2,0,951.7739551316382,🟢 Healthy
2026-12-24,1038,3,121,0.442166461852472,206,98,11,1.4304463674516528,88.30578996369812,19.72903570839601,382.9777416587386,12,3,0,383.0787365388159,🟢 Healthy
2026-12-25,1065,3,108,0.2742425989923863,76,111,13,1.7875440852070423,67.90739004579748,16.385822539422808,728.1070617830626,12,4,0,682.7993924490039,🔴 Reorder Required
2026-12-26,1095,4,115,0.2512687257811725,134,98,2,2.7194667961801717,41.83350779234672,18.383660540793134,406.2420584804897,12,5,1,411.7217117488638,🟢 Healthy
2026-12-27,1012,5,114,0.3990983283730512,58,103,8,2.523805254814883,58.03650769296192,19.918352219257997,1319.8449367506728,12,6,1,1346.6788598793082,🔴 Reorder Required
2026-12-28,1045,3,110,0.4651583921224936,325,103,9,2.8425654809144643,52.66347150313728,7.6628811826680865,976.4972528003382,12,0,0,1021.3020097859792,🟡 High Cost Overstock
2026-12-29,1026,2,118,0.4019726932288953,276,135,6,2.9514901805241074,48.28944233619963,9.0091092261076,862.9007321608533,12,1,0,870.4482967784339,🟡 High Cost Overstock
2026-12-30,1016,1,112,0.1908505462367462,235,160,11,1.991874609641736,28.222846284583717,18.77168577815033,496.3133795503917,12,2,0,488.3359070478424,🟢 Healthy
2026-12-31,1094,4,121,0.4553230989750821,128,199,1,1.288523808576635,63.449110937225626,22.008511239752643,228.3801584350349,12,3,0,260.1062189604732,🔴 Reorder Required
2027-01-01,1097,3,119,0.2550326669747332,265,199,1,3.958165531792877,44.14650382995869,13.185245653995356,1093.060369755071,1,4,0,1101.2128191685101,🟡 High Cost Overstock
2027-01-02,1059,2,140,0.3304917647111737,482,97,14,2.2998926708921394,72.86463543420227,24.59780644942412,1181.4129028042134,1,5,1,1195.0317180342129,🟡 High Cost Overstock
2027-01-03,1063,3,114,0.4325742477170844,106,91,11,2.776283881065765,45.53631486604246,9.321434653467458,414.3938834867532,1,6,1,399.66677448067554,🟢 Healthy
2027-01-04,1087,3,112,0.1753579069601969,193,120,7,3.4011352325800317,54.49307945078414,13.333985640868775,710.9121793387301,1,0,0,710.6755497719511,🟢 Healthy
2027-01-05,1034,5,128,0.4138040542710213,405,166,8,4.593370650379952,24.188829935552604,12.570460869265062,1884.503943339433,1,1,0,1895.3316084408636,🟡 High Cost Overstock
2027-01-06,1069,5,99,0.338465119164271,380,199,3,3.6839877401309895,99.40304559243822,23.605918814528582,1499.3183868422143,1,2,0,1519.193372446895,🟡 High Cost Overstock
2027-01-07,1082,5,131,0.4573366567310433,441,127,9,0.7045665151567303,60.608830662014064,10.70757035145079,371.3226638461321,1,3,0,373.2018076082544,🟢 Healthy
2027-01-08,1029,2,125,0.1687881607374172,116,161,4,4.273521635291079,21.939007533133825,14.415815560844312,647.4098572744979,1,4,0,648.4805982805341,🔴 Reorder Required
2027-01-09,1070,3,136,0.2682728948163714,324,143,4,4.952097568073836,63.29845270089152,8.744676792306588,1667.7780647568145,1,5,1,1669.8435703016185,🟡 High Cost Overstock
2027-01-10,1073,1,121,0.433137237146735,154,95,3,2.62618261417122,89.62831994445197,15.425324771248876,494.06044252681977,1,6,1,498.51892099297487,🟢 Healthy
2027-01-11,1095,4,135,0.107692681382704,469,159,8,4.863156514045703,81.80417074129622,22.14808338927182,2362.624575828731,1,0,0,2360.108230876993,🟡 High Cost Overstock
2027-01-12,1097,5,114,0.1448805467062571,237,179,9,2.962979340544172,76.07253473035632,11.080789237811285,778.2986384393251,1,1,0,792.1032268728585,🟡 High Cost Overstock
2027-01-13,1062,5,110,0.4962260851026939,213,102,1,2.568271981423774,31.15717236792279,21.215841443256565,578.1991044111867,1,2,0,566.3073230847581,🟢 Healthy
2027-01-14,1027,3,134,0.2121576714361402,316,165,2,1.991321441273548,72.61896631899779,23.22623164351252,701.8765417614388,1,3,0,699.1914740632573,🟡 High Cost Overstock
2027-01-15,1059,3,117,0.4902172774895813,100,118,1,3.4589969412500245,81.30387024098083,6.459157794291272,537.0092468689348,1,4,0,489.1203031343067,🔴 Reorder Required
2027-01-16,1078,2,115,0.1730126204034695,175,112,14,1.5341918923627007,65.79352511723972,20.12849072638502,334.2771062807124,1,5,1,323.73931879093374,🟢 Healthy
2027-01-17,1093,2,108,0.2444377772029342,129,103,4,0.9722039833148196,91.41992036162812,10.106868723009816,216.83423420923984,1,6,1,239.89975152591376,🟢 Healthy
2027-01-18,1036,5,112,0.4011477778014283,232,140,10,0.6225669616289633,42.15918254279083,8.506553250732583,186.59471764071031,1,0,0,188.69441957623957,🟢 Healthy
2027-01-19,1092,3,116,0.3631113628952714,359,134,7,1.815710507218687,39.37157597914005,17.02244784050072,691.2116480706487,1,1,0,694.0736960713183,🟡 High Cost Overstock
2027-01-20,1021,1,102,0.3324489599716222,66,140,14,2.280968744751672,89.56557959541169,19.112052324573995,928.143400433686,1,2,0,922.2152071838739,🔴 Reorder Required
2027-01-21,1067,4,123,0.311959670322003,495,163,7,2.984345133265615,70.0318594393162,12.895219714704275,1547.2827004057954,1,3,0,1532.107269452545,🟡 High Cost Overstock
2027-01-22,1019,3,118,0.4373761774658961,219,176,12,1.817374213341529,20.115777641679948,5.783474141643811,418.1207303634748,1,4,0,419.31979722709303,🟢 Healthy
2027-01-23,1095,3,120,0.1939794251333571,329,174,6,4.92826807573435,48.2505126808842,23.174090483935863,1669.6507095974855,1,5,1,1673.523777620485,🟡 High Cost Overstock
2027-01-24,1099,2,107,0.2769883707974073,450,119,13,1.812853257085254,88.62847886517396,19.6149383369499,904.4124445535384,1,6,1,908.0550321307535,🟡 High Cost Overstock
2027-01-25,1067,4,105,0.1621809168625829,353,137,11,2.4843892480088394,22.185560931339463,10.433336133660294,899.1749654784597,1,0,0,934.2253339246795,🟡 High Cost Overstock
2027-01-26,1090,5,123,0.3383766382922817,389,198,5,0.9647427448935516,20.259834260920712,14.937277114894798,395.5447620245122,1,1,0,394.6688563546802,🟢 Healthy
2027-01-27,1063,3,112,0.2002177697085281,263,151,11,1.6728193100168405,42.50074324201038,5.55585579934156,482.4522217764394,1,2,0,472.4417212749538,🟢 Healthy
2027-01-28,1016,5,111,0.2335368257373543,247,153,4,0.7174946290504599,93.12000296074224,11.785655636118836,270.3411763362058,1,3,0,266.7261078101601,🟢 Healthy
2027-01-29,1011,3,110,0.2885002866494113,56,80,12,3.0177888504679764,92.11820651760132,15.450704711702365,1095.4524365757356,1,4,0,1100.6980038757533,🔴 Reorder Required
2027-01-30,1021,5,121,0.1107082342812511,447,164,13,3.879791074095943,61.50095566412063,15.344472302325002,1795.767565785007,1,5,1,1805.1807615426424,🟡 High Cost Overstock
2027-01-31,1016,4,108,0.136775174368335,60,104,14,1.3806941645123056,64.25894969116982,9.163697560170824,586.9580824501077,1,6,1,589.0571640233152,🔴 Reorder Required
2027-02-01,1009,2,130,0.3743716882832878,61,175,8,2.155599220172318,46.56064090537511,20.53494732367781,1594.9635586696554,2,0,0,1569.0761180162283,🔴 Reorder Required
2027-02-02,1064,4,117,0.2715879922870029,159,132,7,0.5747730202722225,39.49893296222479,10.97724317053287,130.8878431855082,2,1,0,135.55794640249994,🟢 Healthy
2027-02-03,1021,1,112,0.4459160887999581,182,140,11,4.277849250749954,85.21774833696946,16.608200463559452,863.7863119734611,2,2,0,865.0917187600779,🟢 Healthy
2027-02-04,1089,2,122,0.3778688014576797,438,125,11,4.009835862192513,28.503588839971314,10.430444510759497,1784.811696480292,2,3,0,1785.21481468607,🟡 High Cost Overstock
2027-02-05,1081,4,144,0.1032403766589289,177,189,10,0.7846431389343157,58.98834967029086,13.503357459735405,197.87018526166477,2,4,0,221.77828960472743,🔴 Reorder Required
2027-02-06,1049,1,129,0.3466849323068539,197,153,1,2.141904241941851,70.75178075976676,9.150292505004604,492.70691642231134,2,5,1,487.9008371440436,🟢 Healthy
2027-02-07,1013,3,114,0.1374899464238865,103,139,6,4.79878976232273,28.294423229682337,17.660155850640766,716.8314831059719,2,6,1,718.609174591826,🔴 Reorder Required
2027-02-08,1063,3,122,0.4123732719161977,360,130,14,2.264121752355397,61.568567637787694,13.511687202827014,876.6523984857306,2,0,0,871.4025540480753,🟡 High Cost Overstock
2027-02-09,1046,5,120,0.4966030753114008,491,191,2,2.867939045258072,66.20170303299545,5.322346089755285,1474.359774254709,2,1,0,1482.761267992644,🟡 High Cost Overstock
2027-02-10,1028,2,102,0.3124795176966046,128,152,4,2.0985928745465983,79.39968484058919,5.563299880335322,348.0195727825538,2,2,0,311.2301262775858,🔴 Reorder Required
2027-02-11,1075,3,136,0.3731118000776522,395,163,5,3.182591246577178,38.78688393180263,14.422686369428444,1295.910426329788,2,3,0,1291.1722449568128,🟡 High Cost Overstock
2027-02-12,1035,2,106,0.1949256643579006,146,127,8,4.9017059403657,43.46620026326066,8.664517338107087,759.1152675566528,2,4,0,739.8940353402803,🟢 Healthy
2027-02-13,1098,3,118,0.2750390975015174,298,163,6,4.988761265665387,65.56169173064268,16.700840962894848,1552.212548898928,2,5,1,1516.8340699664816,🟡 High Cost Overstock
2027-02-14,1051,5,106,0.4424381328945534,176,119,11,3.98621740105036,98.65011279852914,13.163835635440426,800.2243753833925,2,6,1,819.6785473705808,🟢 Healthy
2027-02-15,1075,4,105,0.1669691790985005,79,86,2,2.319399941091977,37.39945462560915,18.088396710794456,690.9303644525312,2,0,0,869.0822654762575,🔴 Reorder Required
2027-02-16,1006,5,129,0.2062142422455048,73,154,5,2.724944903730448,98.87230616987712,24.047903481279032,1644.4758790938256,2,1,0,1647.3399496513548,🔴 Reorder Required
2027-02-17,1028,1,126,0.278173470114412,250,164,5,2.1052909765053744,77.1474026443585,15.574722695905072,603.4701467707022,2,2,0,635.3735999240686,🟢 Healthy
2027-02-18,1010,3,117,0.3848995567376055,180,181,6,4.935085834569557,86.08656557040186,20.74757207180199,974.4020157929222,2,3,0,975.6551978547055,🔴 Reorder Required
2027-02-19,1032,1,92,0.2503535819182695,171,190,1,3.6849213762143167,27.171301458907138,20.060819926318743,657.2928567915553,2,4,0,645.1644402870036,🔴 Reorder Required
2027-02-20,1005,1,110,0.4710929119132016,405,98,8,2.5201915044508008,44.03361499445058,23.435822086477305,1064.7111742970249,2,5,1,1066.9640193673672,🟡 High Cost Overstock
2027-02-21,1078,2,133,0.1377828205074877,481,189,3,0.5545187154932105,24.618902372078484,9.280357344760125,291.3424045243128,2,6,1,305.3543961405383,🟢 Healthy
2027-02-22,1031,3,125,0.248321679017939,376,94,5,2.8421753647574675,49.72375960025402,21.546539415698817,1118.3816967490618,2,0,0,1119.337631510022,🟡 High Cost Overstock
2027-02-23,1050,1,123,0.3835816493713687,199,149,7,4.927676907657281,98.50317279360416,23.11040757009373,1079.1108774174031,2,1,0,1082.1322516381283,🟢 Healthy
2027-02-24,1074,4,122,0.1903947062645969,63,140,3,2.8537740903787334,28.42184497650708,12.855259618951552,966.6699301885088,2,2,0,977.3010540414083,🔴 Reorder Required
2027-02-25,1057,1,105,0.3625652536918692,353,135,14,1.3209200847010116,64.98982258969596,11.276323891979365,531.274612489153,2,3,0,530.5956962460841,🟡 High Cost Overstock
2027-02-26,1086,4,135,0.1656867832909384,78,89,10,0.5994218619714868,20.485649825104986,24.040718193565755,1437.5614920921291,2,4,0,1018.3882858274013,🔴 Reorder Required
2027-02-27,1025,2,125,0.1223921139446745,99,125,13,2.0961669115589405,77.01462528352502,17.55265644277736,740.9042170400714,2,5,1,768.0640398176423,🔴 Reorder Required
2027-02-28,1097,1,116,0.1484062866994595,289,159,6,4.632026250634731,35.77541538976328,12.613529704829368,1374.4310018232006,2,6,1,1397.1828876502655,🟡 High Cost Overstock
2027-03-01,1045,5,115,0.4719939132536539,443,188,5,4.9844934867914645,30.366762969981032,20.836554418632605,2238.4973776186,3,0,0,2214.7095293423126,🟡 High Cost Overstock
2027-03-02,1097,2,127,0.3207003531758206,332,154,7,4.754155886654012,46.96142497286301,11.089478032314302,1625.3411793419948,3,1,0,1600.8260294553015,🟡 High Cost Overstock
2027-03-03,1028,4,143,0.4185383101918596,384,136,10,3.7823899696441554,81.68354383511853,8.528151721397242,1534.1212921784745,3,2,0,1522.0951948009413,🟡 High Cost Overstock
2027-03-04,1003,2,120,0.2330618003620205,401,114,11,3.011642277982949,28.529046904896862,15.879392715954111,1236.1976003760594,3,3,0,1224.6407682718827,🟡 High Cost Overstock
2027-03-05,1080,1,139,0.3370634591541787,205,151,3,3.158087658720134,38.38711966389563,16.324240898212068,685.7950897015231,3,4,0,681.1783870717153,🟢 Healthy
2027-03-06,1098,3,122,0.2979808534819966,186,171,13,2.925464040913824,20.677153729384763,21.51492964534676,564.813465339356,3,5,1,574.8461896695659,🟢 Healthy
2027-03-07,1012,3,111,0.4782951837609176,376,82,14,3.681721872153448,97.47318901564944,14.1405471004086,1481.8006129453458,3,6,1,1481.9348306634506,🟡 High Cost Overstock
2027-03-08,1038,4,141,0.3990298544216442,385,145,2,2.384929520129086,67.37164799910911,21.291730790106836,985.5695132488072,3,0,0,996.2004990720732,🟡 High Cost Overstock
2027-03-09,1014,4,118,0.3922170525986316,203,132,4,3.511418022300945,77.59197091077596,11.22645358696677,790.4098294378678,3,1,0,792.6062941352079,🟢 Healthy
2027-03-10,1028,3,139,0.1185413077737118,130,157,3,1.0472545173074046,72.11065369248116,16.50736404355584,356.82001733444633,3,2,0,317.8204410746396,🔴 Reorder Required
2027-03-11,1028,4,119,0.3198678676014764,136,131,4,1.695628879526677,31.54916470957395,9.169455578014317,262.154692325202,3,3,0,253.45854716027634,🟢 Healthy
2027-03-12,1074,2,110,0.2867965815607259,313,172,7,4.262013674638832,67.59519511951953,12.708919018331928,1401.605475281474,3,4,0,1404.0601797042762,🟡 High Cost Overstock
2027-03-13,1031,5,122,0.4711369066424778,307,132,5,4.56687018834526,30.51324761130097,22.150793956657026,1432.542395433296,3,5,1,1442.8780107107164,🟡 High Cost Overstock
2027-03-14,1001,5,120,0.2029367952758129,234,133,4,2.9255370690213485,52.09891631705023,9.3197638687151,736.6745904680457,3,6,1,773.253288781263,🟢 Healthy
2027-03-15,1046,2,134,0.2079333813164377,229,126,14,0.6423602774581958,65.51705087402344,21.204789257985357,212.61755441195027,3,0,0,219.74036641714844,🟢 Healthy
2027-03-16,1077,5,117,0.2645384995526001,235,82,6,4.671381068562956,64.71048912817247,10.657433156948125,1162.4850402404672,3,1,0,1154.027652905654,🟡 High Cost Overstock
2027-03-17,1083,1,125,0.1973478853625504,172,144,7,3.659289161122789,29.525874078619275,5.689794393589073,658.923609791739,3,2,0,642.3693860091685,🟢 Healthy
2027-03-18,1021,2,138,0.1516735671234998,426,94,12,2.363125656899124,22.75487757172177,7.198691401136925,1029.4464074107484,3,3,0,1049.1745066291144,🟡 High Cost Overstock
2027-03-19,1074,4,126,0.4429659386603203,145,163,14,3.1927052443977337,83.8587451099051,19.91759090641576,546.8010055475766,3,4,0,532.5054083314964,🔴 Reorder Required
2027-03-20,1026,2,139,0.3233106097615663,142,165,11,2.433986754986148,78.07379495968043,10.241418530042964,423.69991416771336,3,5,1,425.6060282588946,🔴 Reorder Required
2027-03-21,1066,3,103,0.4445450875826268,52,113,5,2.5940265202942294,26.545512365179043,18.082911844825446,1083.6633955065768,3,6,1,1107.4907324788785,🔴 Reorder Required
2027-03-22,1080,4,116,0.4324539061614784,441,129,12,4.490644395467307,30.193241504124277,18.98397805514466,2010.5674199052069,3,0,0,2025.7150989544327,🟡 High Cost Overstock
2027-03-23,1055,3,123,0.2128169419158684,492,112,7,1.224879111127002,91.40670211116962,11.902369288693697,694.0472247856545,3,1,0,689.2500108656109,🟡 High Cost Overstock
2027-03-24,1091,4,131,0.3190949777297096,51,152,3,0.9665111096700656,81.5303121297424,14.498379744222804,1290.6927582607402,3,2,0,1303.6039489411746,🔴 Reorder Required
2027-03-25,1092,5,127,0.1332870810960282,495,82,7,0.5122793503085709,99.69282369733394,13.075341809116212,353.2711021000765,3,3,0,374.3092848905949,🟢 Healthy
2027-03-26,1020,2,114,0.4661007536123034,420,81,12,1.91300169025457,40.31899593640173,23.94697992709068,843.7797058433212,3,4,0,844.2249838453065,🟡 High Cost Overstock
2027-03-27,1046,1,112,0.2617050860260612,354,83,3,1.1633619491799232,59.02423910950519,11.398977247031748,470.854369119198,3,5,1,476.4046840995104,🟢 Healthy
2027-03-28,1079,4,114,0.2574704735556086,406,95,14,1.4899347281215003,38.91676608498845,8.666460844499216,643.8302657023175,3,6,1,649.6809310287977,🟡 High Cost Overstock
2027-03-29,1058,4,116,0.2211021482471813,197,133,6,0.5505754219941962,69.82401107818478,12.311856857511565,178.28736921104144,3,0,0,185.57233315630893,🟢 Healthy
2027-03-30,1083,3,130,0.2842654978842815,334,112,8,1.5223793660946645,29.23313912730544,18.390314152040244,537.7078474029234,3,1,0,539.0954513651842,🟡 High Cost Overstock
2027-03-31,1005,5,123,0.2007037546181792,194,88,13,1.9972021186956828,30.17945381944265,18.947253807229306,417.6366648464051,3,2,0,408.7105804246398,🟢 Healthy
2027-04-01,1018,3,124,0.2499409091187218,379,136,6,0.642053733844466,25.75103131240981,23.481146307200135,269.0893964394624,4,3,0,266.05495042115393,🟢 Healthy
2027-04-02,1056,3,128,0.4199788194339527,410,119,10,3.235568559337165,75.48688658113335,22.635089697516182,1402.0699959093708,4,4,0,1401.6915121462548,🟡 High Cost Overstock
2027-04-03,1068,5,134,0.4337022014340688,455,181,11,3.059601569976911,59.52580619465654,10.76641040834551,1451.6445205341508,4,5,1,1419.92485079032,🟡 High Cost Overstock
2027-04-04,1002,1,102,0.2216729910514064,311,131,3,0.9366610032946628,69.4184973083704,14.103264979351929,360.72006933301054,4,6,1,370.56320940428134,🟢 Healthy
2027-04-05,1000,3,120,0.2876057722211151,111,161,12,3.1775439988328045,90.34408372714871,19.94537976366868,622.5598854706082,4,0,0,604.9100493836477,🔴 Reorder Required
2027-04-06,1057,3,118,0.4495279105120209,275,95,5,4.993942633739949,79.22627878042869,23.330745612040506,1452.5605030589147,4,1,0,1448.3915521012432,🟡 High Cost Overstock
2027-04-07,1037,4,121,0.1210693327318788,80,87,9,4.750110287651933,56.93783345333528,11.743300257137836,918.4219670081412,4,2,0,997.5532789188265,🔴 Reorder Required
2027-04-08,1014,5,124,0.4556579847983142,239,166,8,0.5120194701544849,98.74847907153811,13.888828683539918,221.12113243846,4,3,0,220.76568903628865,🟢 Healthy
2027-04-09,1033,2,107,0.1876737382609327,424,139,6,4.079202400986619,56.50048809135786,22.989565409072178,1786.0823061096842,4,4,0,1782.1587080036184,🟡 High Cost Overstock
2027-04-10,1060,1,123,0.3714156976857503,317,115,9,2.091223743064187,28.996053858682657,12.169677463168451,691.9139804100299,4,5,1,678.9863426642821,🟡 High Cost Overstock
2027-04-11,1034,1,117,0.3330206785538401,61,82,2,0.7864311665058235,99.41237978021728,14.610259723834716,965.5592254718166,4,6,1,999.2891046817659,🔴 Reorder Required
2027-04-12,1063,5,108,0.3211762992757008,240,94,13,1.831924461722936,21.825658401187784,23.090082824361577,461.4875292146925,4,0,0,453.84184680044024,🟢 Healthy
2027-04-13,1024,4,123,0.4437440899011285,449,181,11,1.9478143234083305,63.99068475902017,21.044864359796964,938.5593159693605,4,1,0,926.5028777494996,🟡 High Cost Overstock
2027-04-14,1023,4,102,0.1406288574578645,74,176,9,2.854599076890756,44.72763909597674,9.868618500196057,532.2892887913823,4,2,0,554.0773003339151,🔴 Reorder Required
2027-04-15,1011,5,116,0.2388112101302544,455,161,10,3.4748769527098458,60.28417208135878,11.495901308238668,1641.353185564339,4,3,0,1648.6076618864965,🟡 High Cost Overstock
2027-04-16,1017,4,119,0.3153010985379062,140,102,13,3.870750254937836,64.69703620756172,12.059174549186782,606.6020718988588,4,4,0,586.8988524081803,🟢 Healthy
2027-04-17,1014,1,113,0.424515541578416,137,186,10,1.6065636915347,39.20767170227901,23.254769468621195,259.30689744253294,4,5,1,258.3581560709331,🔴 Reorder Required
2027-04-18,1079,1,111,0.1865772333646686,381,82,6,1.9479675661182363,64.54870045898095,24.97867474209078,806.7243431500291,4,6,1,793.5965052198911,🟡 High Cost Overstock
2027-04-19,1026,2,112,0.4211719365497105,323,109,9,1.8877176808688083,80.484888960443,20.4800860431088,690.217699881068,4,0,0,683.3691571452422,🟡 High Cost Overstock
2027-04-20,1071,5,115,0.2598553929975743,350,124,12,2.132315906543944,41.320786979519866,14.686526049870132,787.6313542699003,4,1,0,801.1459411000203,🟡 High Cost Overstock
2027-04-21,1059,3,125,0.1755655425734781,160,96,4,4.998453390303524,50.674090665112566,5.20347636134958,850.4266331136764,4,2,0,772.4203113515695,🟢 Healthy
2027-04-22,1045,3,123,0.403594576177393,129,193,5,4.000744862723416,41.45941545312464,18.94976113195915,557.5555027444453,4,3,0,567.3364862249032,🔴 Reorder Required
2027-04-23,1088,2,112,0.1363595605898191,373,137,2,4.887457093709137,85.6447784790562,12.787223289955694,1908.6662744325645,4,4,0,1889.5140395558196,🟡 High Cost Overstock
2027-04-24,1016,2,118,0.3059069496301771,189,137,3,3.618999767961757,77.99858073676774,17.659729404572108,761.9895368815398,4,5,1,759.0516478124348,🟢 Healthy
2027-04-25,1092,4,122,0.1255503135447553,482,175,1,2.32821815741278,89.69571497747259,17.133879269248574,1211.8968668504322,4,6,1,1205.0779793551762,🟡 High Cost Overstock
2027-04-26,1052,2,123,0.242567142063115,466,189,4,2.253848826321387,33.603991432132744,14.616641131487746,1083.897544497899,4,0,0,1074.6190447182064,🟡 High Cost Overstock
2027-04-27,1007,2,122,0.3404307196025571,263,136,12,2.698615152387703,25.886371052780124,23.88774795452646,735.622156130746,4,1,0,745.1970311860139,🟡 High Cost Overstock
2027-04-28,1078,3,105,0.3224462165948852,496,86,2,2.375914025139968,29.55068030869387,5.462926907106834,1208.0040367781182,4,2,0,1219.6972843194667,🟡 High Cost Overstock
2027-04-29,1026,4,112,0.2618621671618666,67,118,12,4.227468107417356,32.88146662593891,19.242649689451767,1182.0410658482313,4,3,0,1162.5829606997709,🔴 Reorder Required
2027-04-30,1045,2,118,0.2716191975888463,103,157,2,2.592509058620118,62.64661285398419,13.19679736599092,527.6270063817201,4,4,0,500.46061530597194,🔴 Reorder Required
2027-05-01,1049,2,114,0.1907078213403066,417,137,1,1.830264620948807,97.6729656290212,19.275809009832223,860.8933125646737,5,5,1,853.317322853993,🟡 High Cost Overstock
2027-05-02,1070,4,125,0.2823530353696412,146,135,10,3.986871209134933,48.578833329342565,18.50439295079264,630.6620298630429,5,6,1,641.9417153649481,🟢 Healthy
2027-05-03,1002,5,129,0.4813019422883337,332,94,12,4.344891842216276,96.68066154881642,5.204760051519908,1539.18475316462,5,0,0,1532.695043374952,🟡 High Cost Overstock
2027-05-04,1092,4,124,0.4401811671135162,283,123,2,2.3919303026320318,23.056063599134376,10.706769903493424,699.9723392439993,5,1,0,704.0650594843705,🟡 High Cost Overstock
2027-05-05,1063,3,116,0.1580931476305375,289,91,4,3.505138573574894,94.14977622517269,8.781830410075608,1107.1348239883168,5,2,0,1113.6795528125194,🟡 High Cost Overstock
2027-05-06,1043,5,131,0.1119123149283683,383,87,6,0.7646204024973714,34.492208584397694,8.339727058849846,327.34182274089096,5,3,0,314.6672252417718,🟢 Healthy
2027-05-07,1052,1,112,0.4734097250866522,458,159,13,2.8825918338716,92.99799885754793,19.56953368242265,1413.2250587707406,5,4,0,1402.3548095606911,🟡 High Cost Overstock
2027-05-08,1023,4,115,0.3106998999522991,467,120,12,0.7024151198547862,24.49819440923689,9.791026981862492,352.52605538142205,5,5,1,352.8842322919707,🟢 Healthy
2027-05-09,1059,3,113,0.3151351292597231,393,113,7,0.6313587822251063,95.8575557996026,14.494752299746017,343.9815572140694,5,6,1,340.98034383970236,🟢 Healthy
2027-05-10,1002,5,138,0.4122871982826089,493,125,7,3.2581618273523256,36.06386114550887,9.939779905713593,1642.3376420302054,5,0,0,1642.48285351014,🟡 High Cost Overstock
2027-05-11,1019,4,127,0.2258755895485306,103,167,7,1.8650092207774425,44.217124805852855,16.6046764687066,634.8253097948877,5,1,0,681.071785211582,🔴 Reorder Required
2027-05-12,1045,2,124,0.2927630275344008,136,199,4,3.8414172310495935,59.27538752823665,19.41147536119936,581.7081309509815,5,2,0,569.962888377864,🔴 Reorder Required
2027-05-13,1014,4,113,0.4874651652586951,310,108,12,4.532371522846665,50.45767049883801,11.62149477396353,1455.4928425813043,5,3,0,1460.6594846913863,🟡 High Cost Overstock
2027-05-14,1024,1,120,0.3688594747729629,285,95,5,1.1272602817865782,73.40223754105199,17.06041696574244,394.6714178502268,5,4,0,384.5381828440917,🟢 Healthy
2027-05-15,1093,4,113,0.1614980127983143,172,84,14,3.760352773605157,97.9846213800062,21.49709548827478,744.7652984400933,5,5,1,713.958007570387,🟢 Healthy
2027-05-16,1077,5,102,0.1532906991937413,469,84,11,2.815339992297545,68.51411926439525,6.884485703289833,1388.9085756519437,5,6,1,1381.0724959041124,🟡 High Cost Overstock
2027-05-17,1070,5,112,0.1817059033332021,103,195,12,1.0045366257321449,77.71883275492394,19.213411980825423,354.1068130327636,5,0,0,376.96293654637526,🔴 Reorder Required
2027-05-18,1016,4,104,0.406684669768287,265,109,3,3.432166729163261,27.04042002445612,11.462898888707604,936.5646032527204,5,1,0,932.3465310636266,🟡 High Cost Overstock
2027-05-19,1083,5,112,0.2181508015362464,469,196,1,3.242600613979128,70.22499432560042,7.452999130498885,1591.0046822818117,5,2,0,1609.1223826482133,🟡 High Cost Overstock
2027-05-20,1099,2,119,0.1085555386700319,246,129,14,2.8203884033035216,56.30798216371305,15.913084152286975,750.1235293763793,5,3,0,757.510613027319,🟡 High Cost Overstock
2027-05-21,1008,4,120,0.4776697454022648,88,193,8,4.669120420518461,90.86258863357028,9.525246385354636,806.5530699705432,5,4,0,822.9575161523343,🔴 Reorder Required
2027-05-22,1037,2,122,0.1678853665579642,414,84,10,2.8448586324680742,51.05688797144816,21.427235853383152,1228.828361813231,5,5,1,1231.8354572995759,🟡 High Cost Overstock
2027-05-23,1047,2,115,0.1038232744592274,277,186,11,4.957318019525957,74.35633152399353,5.857918190621523,1447.5334229326836,5,6,1,1448.582723771132,🟡 High Cost Overstock
2027-05-24,1059,3,116,0.1948526409533292,286,92,7,2.7915296623165,38.25229826072633,6.973057925417949,836.6297816832451,5,0,0,833.7793692116248,🟡 High Cost Overstock
2027-05-25,1062,4,118,0.1940115148472534,181,178,14,1.0213341723561542,40.74980268193568,15.419922519716335,225.6112878783996,5,1,0,235.4898243405816,🟢 Healthy
2027-05-26,1085,5,104,0.2688021003382892,379,128,9,2.617120629837637,50.089794473781886,16.778835681539135,1041.9785131822464,5,2,0,1040.3422336105873,🟡 High Cost Overstock
2027-05-27,1001,2,128,0.4681559326000147,370,168,14,1.3204794314978203,44.325083000520216,19.597733290454936,532.9024726547138,5,3,0,518.7320938453558,🟡 High Cost Overstock
2027-05-28,1087,3,107,0.4516739671116392,217,129,10,3.187100683478423,40.31030715120599,10.185214565043877,731.9111554660237,5,4,0,735.1205340144634,🟡 High Cost Overstock
2027-05-29,1071,4,119,0.2827578219929711,86,93,4,3.619094788371205,23.973496472064745,21.83520816426584,1055.777517692761,5,5,1,1021.0274253251135,🔴 Reorder Required
2027-05-30,1010,4,117,0.2643599619967226,116,187,12,2.6079587541819214,86.93970654019672,24.062846795475664,413.5257688207752,5,6,1,446.91103779601616,🔴 Reorder Required
2027-05-31,1063,1,146,0.3220036345899405,160,125,12,0.939663354574167,25.144122471302744,14.980786071897272,175.49025920316947,5,0,0,194.79169799566318,🟢 Healthy
2027-06-01,1076,1,131,0.1973816047887063,464,169,5,2.608886293625988,90.9892412482374,20.210627299396023,1301.512481490696,6,1,0,1294.2604915356696,🟡 High Cost Overstock
2027-06-02,1080,2,92,0.1208739967865451,268,161,5,0.8665439663048018,30.03723112544482,15.496967090875856,262.2710140951317,6,2,0,248.79061674598458,🟢 Healthy
2027-06-03,1071,1,122,0.4756896544684826,258,163,13,3.5695667997794027,25.22093896501272,6.389340588244212,946.1691733080986,6,3,0,944.3688569730213,🟡 High Cost Overstock
2027-06-04,1020,2,134,0.1746795939508691,430,113,7,4.056657011892893,65.04038111845577,11.52223025685242,1809.4028962324,6,4,0,1815.3160387976982,🟡 High Cost Overstock
2027-06-05,1017,5,110,0.1793602916982865,136,150,13,4.830711472521676,60.19534340597774,6.7497337925403,717.1721036689256,6,5,1,695.3416287427424,🔴 Reorder Required
2027-06-06,1093,2,139,0.2889841315415791,352,126,9,1.1696094820780538,59.29876550655081,24.77758238510027,471.00130319802577,6,6,1,472.9749182612009,🟢 Healthy
2027-06-07,1063,1,129,0.2966453379361323,460,139,8,2.8958915098998688,65.96034620011181,9.580518241467544,1398.0704407540516,6,0,0,1399.95433720425,🟡 High Cost Overstock
2027-06-08,1081,5,120,0.1073736838802967,228,153,7,3.053918153909384,42.964528489532455,17.718008388314374,739.2578675808719,6,1,0,761.0552414733177,🟢 Healthy
2027-06-09,1094,1,112,0.1591818955095882,453,158,14,4.651144402014409,73.03594187436889,10.686902038898747,2180.004355986896,6,2,0,2188.336209905944,🟡 High Cost Overstock
2027-06-10,1037,2,135,0.2512619274242967,62,160,1,3.3227448826843142,60.19217757657466,18.06492430711852,1584.9418347226538,6,3,0,1602.9260917689592,🔴 Reorder Required
2027-06-11,1031,3,117,0.3734922774042156,496,90,12,1.1547934054039448,46.77947735658602,9.20803381740965,619.5570064369426,6,4,0,611.3168545063963,🟡 High Cost Overstock
2027-06-12,1010,4,116,0.1913673827327743,349,177,10,2.463580957834352,86.12005335845825,20.70540131820149,945.909807642647,6,5,1,937.2262008888289,🟡 High Cost Overstock
2027-06-13,1044,1,130,0.2692057784967051,457,170,13,3.446431378278127,78.21768770613681,7.21623205673271,1653.2368275792408,6,6,1,1658.791672248499,🟡 High Cost Overstock
2027-06-14,1088,2,127,0.3229380258865867,174,164,6,3.651279944311838,51.48882735556976,22.90300800180561,686.8115376658295,6,0,0,674.6322749741066,🟢 Healthy
2027-06-15,1032,5,115,0.4554369978493168,424,174,10,4.383832993657581,87.80942281830983,21.808433850815888,1946.554612129124,6,1,0,1952.1126466860578,🟡 High Cost Overstock
2027-06-16,1040,1,114,0.2304282009308493,282,129,9,1.3122820392997872,93.62066000894194,18.576146872767712,463.6841950914819,6,2,0,443.9272207593954,🟢 Healthy
2027-06-17,1007,1,114,0.1534233063453934,300,83,13,4.781939660399743,62.949301366749,6.3482925428569565,1497.531199486672,6,3,0,1452.1363167568593,🟡 High Cost Overstock
2027-06-18,1010,4,117,0.2957088903590433,436,120,7,0.7661273540701652,37.19619601255366,9.171380566578566,371.2277223871457,6,4,0,381.9874963687701,🟢 Healthy
2027-06-19,1085,2,110,0.3986886406736248,175,138,1,4.926929605560059,93.26337252375896,22.18723191382152,955.4760534967692,6,5,1,950.6514272896934,🟢 Healthy
2027-06-20,1050,3,118,0.1439439028210933,284,139,9,4.359951917898838,35.158369607641376,7.439488686051902,1273.3847142909117,6,6,1,1265.5900048731994,🟡 High Cost Overstock
2027-06-21,1087,5,120,0.2698733966787842,187,192,3,3.471227522429771,23.87385811338153,8.118641926160402,672.9934048077487,6,0,0,665.7707206941038,🔴 Reorder Required
2027-06-22,1040,2,120,0.1071140565049933,498,160,14,3.807479751189897,46.19896070985047,15.880066475110414,1942.3238768024196,6,1,0,1943.2429497271576,🟡 High Cost Overstock
2027-06-23,1016,5,113,0.1134236726589004,98,192,9,0.827114026634584,78.15730755688318,10.483548793486875,316.4677140693756,6,2,0,318.86338286793386,🔴 Reorder Required
2027-06-24,1075,1,141,0.2931813452866663,429,141,4,0.6866593830250357,93.86192690828396,9.441513998878593,388.4388022260243,6,3,0,392.32219637637934,🟢 Healthy
2027-06-25,1045,4,122,0.2192789192603718,235,191,9,0.9579460844811448,70.98285174515519,16.51626863696361,296.10018159822425,6,4,0,308.60936356347315,🟢 Healthy
2027-06-26,1031,4,114,0.4380429196021649,254,163,13,0.89311916598862,96.1470837573328,12.451533529160582,322.99935191844224,6,5,1,310.09300656938484,🟢 Healthy
2027-06-27,1078,3,106,0.3408617224505817,127,104,8,2.9632155506124582,27.38966714207173,7.811197935393375,403.71804206985394,6,6,1,398.75288370037043,🟢 Healthy
2027-06-28,1079,4,107,0.2815731846971961,435,183,7,1.4694979420030512,24.860298367041604,15.697075350909287,664.0919031383689,6,0,0,651.3676226038901,🟡 High Cost Overstock
2027-06-29,1053,1,110,0.2631741484217185,243,166,4,4.370925367430269,68.33535605949312,12.740248065572455,1130.4702203450483,6,1,0,1112.540157250465,🟡 High Cost Overstock
2027-06-30,1085,3,143,0.2988981920758253,152,158,9,2.5058688038063246,97.2893057994204,19.690335485475387,478.1813639779817,6,2,0,495.0778231133845,🔴 Reorder Required
2027-07-01,1091,2,121,0.1161755324850645,154,112,4,3.629797144062237,60.21770471637792,7.055108846411784,619.2064649019625,7,3,0,612.8189331987064,🟢 Healthy
2027-07-02,1019,4,114,0.457117342568264,425,98,1,3.43792891836572,24.12121807514441,17.412264878919476,1485.2410083805753,7,4,0,1493.723452162282,🟡 High Cost Overstock
2027-07-03,1032,3,136,0.4993212622935833,336,136,6,1.9393386751836956,37.697492486196495,13.729866538864954,689.3152873479182,7,5,1,664.5718051165233,🟡 High Cost Overstock
2027-07-04,1073,1,125,0.1725948499434794,373,94,4,1.5942540808657806,39.583432513261656,13.121237501048082,634.2402046761978,7,6,1,624.9459068994644,🟡 High Cost Overstock
2027-07-05,1039,5,117,0.1481531859098479,260,120,10,2.0410532838348585,47.028570330956,9.645753760166825,577.7024241280192,7,0,0,588.5700659719546,🟡 High Cost Overstock
2027-07-06,1031,5,117,0.1574309853794381,299,148,3,4.084962682324269,23.48827068689701,5.608520564054222,1244.8921127018534,7,1,0,1240.062030170099,🟡 High Cost Overstock
2027-07-07,1096,1,111,0.3644108232937468,342,159,12,3.1382458178882837,92.3914160398333,21.95378388729291,1165.6714857576262,7,2,0,1177.022441782692,🟡 High Cost Overstock
2027-07-08,1001,1,121,0.3645763353803098,250,139,5,1.640923981336289,61.245115577719616,11.528201720688518,471.4761109117919,7,3,0,482.93869295028924,🟢 Healthy
2027-07-09,1096,5,129,0.4391696649113644,73,188,3,4.180308993771936,73.67446343632872,18.621820794596943,1421.6589844791088,7,4,0,1338.8228236977861,🔴 Reorder Required
2027-07-10,1032,3,125,0.4007305553705013,349,191,11,0.7464172374963802,25.37382695160072,23.95174799553415,285.87344283783744,7,5,1,286.67790922843835,🟢 Healthy
2027-07-11,1076,5,119,0.2798758693477359,132,175,9,3.646325187456329,24.329237424291957,16.299805961642633,505.6441621685274,7,6,1,511.93521834663073,🔴 Reorder Required
2027-07-12,1029,1,117,0.3451421446261276,346,101,12,2.475953625871899,66.91742176324378,12.942938050397323,923.5973763149208,7,0,0,931.7781606853549,🟡 High Cost Overstock
2027-07-13,1032,4,128,0.3753138681472031,228,122,6,3.790806737296497,90.98368084033665,10.365471326974074,955.287616943938,7,1,0,916.1850758217475,🟢 Healthy
2027-07-14,1076,2,115,0.30509458811409,347,111,3,4.673575761095421,62.27856007676376,23.680875852949868,1684.0093491768748,7,2,0,1707.7184807000851,🟡 High Cost Overstock
2027-07-15,1025,4,117,0.2902603937806547,413,92,5,3.875153440761068,90.22553380560572,18.641536361022855,1690.6639048399263,7,3,0,1687.6136070780813,🟡 High Cost Overstock
2027-07-16,1021,4,121,0.3580389782570613,255,117,8,2.488844098901221,84.87930184441915,18.305627865131196,719.5345470642304,7,4,0,727.6067111090891,🟡 High Cost Overstock
2027-07-17,1065,1,106,0.3229898195902615,89,105,14,1.1793905668124631,26.068302863593654,13.52316650290554,360.92789385929706,7,5,1,363.86522998808215,🔴 Reorder Required
2027-07-18,1037,5,108,0.3575769221343642,353,195,8,4.128579391124452,36.15659795085519,21.90097425734861,1493.5451230177869,7,6,1,1488.064629196686,🟡 High Cost Overstock
2027-07-19,1089,3,141,0.3451419095853455,162,160,6,2.573174871146172,72.6168535324274,19.27344374018974,489.4711826581072,7,0,0,508.3336587330541,🟢 Healthy
2027-07-20,1045,4,125,0.3876786242054618,389,84,5,0.8389054555570841,55.48011060400333,10.663665435620322,381.814332815709,7,1,0,368.3026202241377,🟢 Healthy
2027-07-21,1014,5,138,0.3571214035131504,53,128,5,3.735749289995897,43.25598509175365,16.99157320050096,1685.5344195041175,7,2,0,1715.572015349064,🔴 Reorder Required
2027-07-22,1097,3,129,0.3078969945749069,157,176,1,1.8133338466246536,53.490708483838326,13.603879092025313,338.18412240390893,7,3,0,335.08845484803,🔴 Reorder Required
2027-07-23,1043,4,133,0.3727187245137546,365,170,2,0.7199970327733336,55.61597170165075,5.13180325659426,318.4148886639175,7,4,0,315.1349906135071,🟢 Healthy
2027-07-24,1048,3,112,0.2797927860741712,163,84,12,4.56237956738335,92.84418006572773,21.152468630035948,836.5120495492138,7,5,1,819.9176901144558,🟢 Healthy
2027-07-25,1074,5,112,0.1966684903890404,216,180,11,2.673954914422595,28.276662696396244,7.456606978394015,605.8509242116768,7,6,1,625.8944405193148,🟢 Healthy
2027-07-26,1060,2,87,0.1005672880535661,310,150,4,1.764324739278597,42.3784597446092,15.199090120052285,589.3191289209743,7,0,0,619.6319007644835,🟡 High Cost Overstock
2027-07-27,1066,5,112,0.3239856588583373,155,127,6,3.723739510482102,63.00518532661712,11.724523861696312,640.184809451343,7,1,0,635.3465851881416,🟢 Healthy
2027-07-28,1005,1,111,0.3362620906434564,273,97,11,4.4865606995715375,75.86295413044733,11.84178082401355,1300.6940251134772,7,2,0,1301.4340707155168,🟡 High Cost Overstock
2027-07-29,1008,3,122,0.4888195859102857,311,174,7,0.5013818376518997,70.4509831167395,14.54729766827616,226.38073462648032,7,3,0,233.833866620754,🟢 Healthy
2027-07-30,1005,2,118,0.2445913336377102,300,85,1,3.595334832689692,95.33141901899155,24.9404620803949,1173.931868825899,7,4,0,1170.330400459287,🟡 High Cost Overstock
2027-07-31,1072,3,104,0.2576532971313247,63,145,8,3.951552623082896,83.64871398555786,13.167593612629515,872.4678673575904,7,5,1,855.0017220113635,🔴 Reorder Required
2027-08-01,1094,3,127,0.1807198325368761,247,156,12,1.4446734227577185,64.56614735795442,8.646584596331447,421.4004827791109,8,6,1,420.63451819030297,🟢 Healthy
2027-08-02,1031,4,128,0.1282137180949287,175,121,1,2.703307241345785,37.1746153338806,17.272126760987376,510.2533825693929,8,0,0,524.6446775215098,🟢 Healthy
2027-08-03,1040,1,137,0.4091217971446962,255,196,9,0.9017865451307112,56.06993851217919,9.725754160790425,286.02550752051053,8,1,0,280.5275545938184,🟢 Healthy
2027-08-04,1075,3,141,0.19987242573573,189,131,4,3.860374471319064,75.47057953555819,7.110982734259008,805.0813546148612,8,2,0,816.7820830718791,🟢 Healthy
2027-08-05,1007,5,132,0.3435619444120151,111,90,12,4.313552083535086,87.03697398688679,6.003483441318583,691.9144075269716,8,3,0,689.556252981668,🟢 Healthy
2027-08-06,1071,5,126,0.3751092142181926,332,105,7,0.9868399579609728,96.778897953791,5.457625480393677,424.40976399683393,8,4,0,437.78320470949717,🟢 Healthy
2027-08-07,1049,4,143,0.2884946749166591,103,100,11,4.174071140447756,68.4362212910334,13.623292966221277,1043.2972674060034,8,5,1,1063.7303704519763,🟢 Healthy
2027-08-08,1091,1,123,0.4505408452108767,395,145,14,3.972065767180401,62.1535493843546,13.534515597467871,1631.1195274206132,8,6,1,1602.9290331485377,🟡 High Cost Overstock
2027-08-09,1061,1,141,0.2775179363918915,61,119,6,2.061109941669038,21.415353849691865,8.710908001559059,844.0157004162279,8,0,0,825.7717560207892,🔴 Reorder Required
2027-08-10,1083,5,120,0.213963449216706,185,135,13,3.6063028847011247,25.767925532014395,20.680381075424187,692.9339592017225,8,1,0,671.8564057416303,🟢 Healthy
2027-08-11,1061,2,130,0.4584062091846489,379,197,9,0.5002165575244029,32.48839981099202,7.585412558397575,222.07047511274072,8,2,0,238.45143316363271,🟢 Healthy
2027-08-12,1006,4,99,0.4446257136999826,193,130,14,4.6930894450969936,24.38079449517025,23.30634385278605,930.14705739889,8,3,0,911.3723916288947,🟢 Healthy
2027-08-13,1074,4,121,0.1656159788305652,485,99,2,2.976724558887678,52.069059104394114,16.751519552865446,1495.780470164918,8,4,0,1491.8850451648643,🟡 High Cost Overstock
2027-08-14,1083,5,133,0.1103844073415683,331,160,11,3.2915248882789974,46.950283611109775,5.552327522098592,1136.445021631458,8,5,1,1157.0176562768684,🟡 High Cost Overstock
2027-08-15,1079,5,103,0.1359942225398482,185,159,7,3.490967360925944,70.98833262947143,24.25945251485433,716.8172944007711,8,6,1,702.3275991930749,🟢 Healthy
2027-08-16,1003,2,121,0.2146189594215268,350,136,11,3.02616057748265,62.85320863467221,11.158825190917073,1122.0094107535997,8,0,0,1104.4763341438431,🟡 High Cost Overstock
2027-08-17,1005,2,117,0.4889039206966843,270,185,5,4.355437493927584,67.67766075102878,13.999499191557067,1243.6457841114764,8,1,0,1250.360341951615,🟡 High Cost Overstock
2027-08-18,1057,1,116,0.32340646126433,389,84,13,3.2436582446819475,57.75817623501233,10.685373859891044,1319.54123341629,8,2,0,1331.002441688624,🟡 High Cost Overstock
2027-08-19,1021,4,119,0.2493046928117075,258,93,7,4.584919960582127,42.21897188434057,19.56842596067555,1225.1283217145294,8,3,0,1210.9935071874647,🟡 High Cost Overstock
2027-08-20,1025,4,140,0.4554864378450985,452,103,1,3.12049230005304,96.22602519571817,14.713604414390772,1506.6885448196924,8,4,0,1483.9424885689307,🟡 High Cost Overstock
2027-08-21,1002,5,128,0.2812545325913999,450,194,11,1.2700508989125496,26.91273278081112,7.6474591880500515,598.4356372914584,8,5,1,606.0171511143662,🟡 High Cost Overstock
2027-08-22,1040,1,120,0.2260954513604084,408,147,11,4.611031501276863,95.11127995722458,7.084079047189076,1976.4121324781847,8,6,1,1989.3270558734669,🟡 High Cost Overstock
2027-08-23,1059,4,115,0.476487811498263,429,131,10,3.567323742618996,44.89904374917877,19.50750826649149,1575.280929332728,8,0,0,1565.7482929708467,🟡 High Cost Overstock
2027-08-24,1013,1,126,0.4398070664770712,498,127,9,3.646575474960003,61.01291562938379,9.74162809862543,1877.007502159465,8,1,0,1888.8859266977,🟡 High Cost Overstock
2027-08-25,1074,1,120,0.4374673501677764,172,167,1,4.934667877572208,28.70738582620369,7.75586749276945,877.4702607686235,8,2,0,866.1628747382,🟢 Healthy
2027-08-26,1081,5,120,0.3049138972200852,165,126,14,0.8383844939431062,25.67448546968074,14.988551939956857,164.00792697029328,8,3,0,177.2578332035281,🟢 Healthy
2027-08-27,1011,1,109,0.415775359526182,206,139,5,2.428666731928271,54.36363589748823,21.05530575072608,554.6689826747121,8,4,0,538.22209180497,🟢 Healthy
2027-08-28,1086,2,111,0.1717413437058207,319,152,14,1.5759292684397683,79.33579011037425,10.575654917462607,582.0572267426603,8,5,1,593.5791126657107,🟡 High Cost Overstock
2027-08-29,1011,2,129,0.3292891830224974,66,82,8,3.336919091211457,41.54918220388392,10.528632234016156,925.0896729668578,8,6,1,914.7274104027365,🔴 Reorder Required
2027-08-30,1012,3,111,0.4935383691390183,318,198,1,4.130652576866323,64.98783111482561,21.677625205207537,1378.5353505583164,8,0,0,1389.3788550886209,🟡 High Cost Overstock
2027-08-31,1024,5,129,0.2163833722071846,398,88,7,4.848398190015857,42.292027241825465,7.956675891375653,1971.9545068681368,8,1,0,1983.2870487639775,🟡 High Cost Overstock
2027-09-01,1044,3,118,0.4177409316990701,268,161,2,2.5456824812962404,51.089044871443264,17.334551835730945,733.3319498588357,9,2,0,760.5210567632142,🟡 High Cost Overstock
2027-09-02,1018,2,126,0.2961913628832269,368,179,7,4.03798203789172,92.51570547790598,24.10026965965171,1578.4930954220588,9,3,0,1578.8439324019319,🟡 High Cost Overstock
2027-09-03,1054,3,131,0.1159222732888349,287,162,7,4.626732164181708,88.46717003959357,21.826062991546152,1416.339301159744,9,4,0,1424.198449276309,🟡 High Cost Overstock
2027-09-04,1099,5,113,0.4052077591262669,82,103,9,3.574964446411481,61.28140347341039,6.236304675594584,547.7539330225839,9,5,1,540.9596639240073,🔴 Reorder Required
2027-09-05,1044,5,107,0.1674276577568451,334,83,6,1.5922964860239706,39.0484501977663,11.398217531232508,570.8754765297725,9,6,1,572.4654265958278,🟡 High Cost Overstock
2027-09-06,1007,1,114,0.3525894268531001,86,88,4,3.235343679985061,35.454713018641826,7.847489311852327,533.4239702292223,9,0,0,545.8813744228174,🔴 Reorder Required
2027-09-07,1092,4,125,0.1342656776187891,152,176,7,4.864784215177339,96.32698824285714,23.984812753742798,835.7741889498127,9,1,0,849.1959398519007,🔴 Reorder Required
2027-09-08,1052,1,127,0.4787469589983859,260,80,7,4.943992229877044,36.217327720855,24.718831324441624,1321.6553074888866,9,2,0,1328.5220964280632,🟡 High Cost Overstock
2027-09-09,1054,5,113,0.2166895548721443,479,195,4,3.3906192067255017,84.65346487300313,9.699860410800758,1708.7600648945183,9,3,0,1716.3052803924331,🟡 High Cost Overstock
2027-09-10,1031,2,117,0.1905858766709579,329,194,2,4.491444910423952,49.51761676284298,18.39398089657505,1527.2029922923232,9,4,0,1525.08492391877,🟡 High Cost Overstock
2027-09-11,1050,2,127,0.1516545616265337,191,114,13,1.4015721373187129,98.85278780465909,21.832634640942366,366.55306603253314,9,5,1,385.7039156840147,🟢 Healthy
2027-09-12,1043,1,133,0.4784008773356191,288,153,11,1.6073537222849756,49.45245922902303,9.67360568828953,512.370331247096,9,6,1,497.2104217796722,🟢 Healthy
2027-09-13,1081,5,123,0.384761496976522,278,91,9,4.787994257981868,48.12132999285809,8.75361268641955,1379.1837337118177,9,0,0,1371.6095708757514,🟡 High Cost Overstock
2027-09-14,1069,2,117,0.3966643554872354,182,97,14,1.1085591897266356,70.99709031020984,5.224220464945606,272.7548628404575,9,1,0,280.641901062322,🟢 Healthy
2027-09-15,1017,5,120,0.2997618245520979,174,157,8,1.3599789714206552,96.92134453014556,13.239249138830518,333.55768555733954,9,2,0,324.609861024882,🟢 Healthy
2027-09-16,1082,2,121,0.2898911141081933,102,89,5,2.3924686960402326,98.09676846371462,22.98874924789433,778.9148111698106,9,3,0,777.4731554870148,🟢 Healthy
2027-09-17,1021,5,135,0.1440084971965906,137,153,14,3.1531292948900767,76.57649171735882,23.059592981126976,508.5552051172993,9,4,0,529.4616188128118,🔴 Reorder Required
2027-09-18,1036,3,143,0.3239364382335967,147,97,5,3.2171774853572224,80.36850925090829,7.554862550180326,553.29359959842,9,5,1,555.601677027494,🟢 Healthy
2027-09-19,1095,5,112,0.1987665980435161,419,103,1,1.81389203899504,65.07217407784222,9.0870496105679,825.0929384167638,9,6,1,819.4024234296296,🟡 High Cost Overstock
2027-09-20,1055,5,133,0.4908581331201623,144,80,11,4.642762540776567,80.46205913058655,13.160946618690671,749.0198650024122,9,0,0,756.1193026407591,🟢 Healthy
2027-09-21,1058,1,128,0.4186323760060589,463,173,9,4.617949584235382,88.78237239763973,20.61249090327404,2226.893029898622,9,1,0,2221.6263486721577,🟡 High Cost Overstock
2027-09-22,1002,3,112,0.265196824077155,237,158,11,2.264306238735676,58.88762425560186,17.23702967063457,595.528202835957,9,2,0,562.8885747102478,🟡 High Cost Overstock
2027-09-23,1027,4,108,0.1605365034766132,425,151,14,2.454312962436337,69.58898102640825,15.276994870404328,1112.6719900618514,9,3,0,1110.400925958359,🟡 High Cost Overstock
2027-09-24,1073,1,112,0.4141326764555136,305,178,10,3.661237025707603,62.985335618643816,16.838637684452063,1179.662628459463,9,4,0,1174.1102430960714,🟡 High Cost Overstock
2027-09-25,1034,4,127,0.1488215068325264,122,161,11,3.4834815337950533,64.99764908229417,6.923993876045933,524.6023655855204,9,5,1,531.1708001976499,🔴 Reorder Required
2027-09-26,1060,2,122,0.1757335013988282,461,184,8,2.2203365673243307,91.20383278991528,14.55327284509814,1114.7789903264318,9,6,1,1112.3855310517745,🟡 High Cost Overstock
2027-09-27,1092,4,131,0.184608207097691,411,95,5,2.3640991318445157,48.44934641644562,24.84126579078257,1020.0940896045412,9,0,0,1040.3144934412426,🟡 High Cost Overstock
2027-09-28,1053,5,125,0.3227562553092378,331,164,10,2.0661752453969253,36.65472204804993,6.768922938781756,720.5587282744323,9,1,0,705.5086975120115,🟡 High Cost Overstock
2027-09-29,1062,4,110,0.4148226615961465,67,94,6,1.5592325312898856,56.50240882189033,15.384933552697728,822.5231311843149,9,2,0,970.9296617020105,🔴 Reorder Required
2027-09-30,1078,1,124,0.2257259514898769,213,141,12,2.5616226331586285,36.64681523850121,10.912985233147491,582.272436101289,9,3,0,574.3936725464441,🟢 Healthy
2027-10-01,1096,1,129,0.1338679257101157,441,84,10,3.588953593561432,59.87203405296153,15.79826593723918,1642.600568813553,10,4,0,1628.5505857087044,🟡 High Cost Overstock
2027-10-02,1006,4,115,0.2858153854097677,195,124,11,3.8388501739143184,92.28064842856467,16.476375200674934,840.8564323418568,10,5,1,844.9160616523924,🟢 Healthy
2027-10-03,1075,1,126,0.3992440964639742,363,197,10,4.004931417151832,69.39468163859823,16.549457962389518,1523.1847860647133,10,6,1,1538.067704033522,🟡 High Cost Overstock
2027-10-04,1048,1,118,0.1886655372349553,302,131,8,2.186294060539047,88.43462826424621,22.04417570621773,748.6954345470383,10,0,0,745.6114051479349,🟡 High Cost Overstock
2027-10-05,1093,4,116,0.1879698192157497,209,150,6,3.940861974282381,33.29527356924095,12.79494829347322,856.9354261942586,10,1,0,892.1773919574994,🟢 Healthy
2027-10-06,1084,3,114,0.4788908109386843,398,191,10,0.5293234206134387,92.06988740297416,15.32708325332992,302.7406088071228,10,2,0,307.7754753370271,🟢 Healthy
2027-10-07,1030,3,126,0.4816614908476712,98,86,14,2.64672471972597,68.14297315256925,5.218567979354971,473.64189910765344,10,3,0,479.139545067844,🟢 Healthy
2027-10-08,1057,2,133,0.4961862928246305,225,106,4,4.072569800597108,22.540783099238386,20.791012031595336,938.8689882335876,10,4,0,941.7058344826705,🟢 Healthy
2027-10-09,1060,1,128,0.4230638406299121,376,168,3,3.33520124288609,70.64951642280295,10.18975414751706,1324.6851837479728,10,5,1,1335.9337366075035,🟡 High Cost Overstock
2027-10-10,1023,4,125,0.1752736676671782,114,165,7,2.633284058695285,96.11175650087344,21.331100480810328,630.9482444810495,10,6,1,615.4156912834889,🔴 Reorder Required
2027-10-11,1019,1,104,0.1847926083197045,338,191,13,3.4008890297285714,26.333360038028964,10.312773327606344,1175.8338520862862,10,0,0,1181.3257305749428,🟡 High Cost Overstock
2027-10-12,1036,5,135,0.2360900966089568,99,92,2,4.581257014168988,66.59649043756576,5.215769925249845,707.90865214929,10,1,0,704.7365236087217,🟢 Healthy
2027-10-13,1003,1,101,0.2272530125333963,53,96,7,3.048718102745933,93.23828822957718,8.096626363868936,643.4584131408205,10,2,0,616.187351956129,🔴 Reorder Required
2027-10-14,1091,1,132,0.4826110996312036,168,184,1,4.099037861570478,20.775613466749967,24.71365805144336,709.4139742105903,10,3,0,735.8986565439787,🔴 Reorder Required
2027-10-15,1019,3,133,0.4156295931526774,389,123,13,4.913342263513389,70.47303411726585,11.396024918959773,1981.763174623974,10,4,0,1948.9071555521161,🟡 High Cost Overstock
2027-10-16,1059,4,121,0.3896035168646216,422,92,10,3.67505690934005,57.99218334647701,7.176478040254944,1608.8661990879782,10,5,1,1610.4317510233818,🟡 High Cost Overstock
2027-10-17,1023,1,117,0.1743852896232527,213,169,5,3.079965937500786,47.759145491888845,7.375176072515011,703.7918901795563,10,6,1,703.6782845171705,🟢 Healthy
2027-10-18,1049,3,113,0.4638102237449318,272,152,9,0.6686867620640311,70.20291919563007,11.206854281144476,252.08571847704653,10,0,0,242.6708615781933,🟢 Healthy
2027-10-19,1048,2,121,0.4311481518024695,407,84,13,2.185150542145644,24.21616756699336,5.752900822335261,913.5724382202706,10,1,0,949.2619922070542,🟡 High Cost Overstock
2027-10-20,1050,3,130,0.1654567365311695,205,182,13,3.044492300818032,80.245043702992,15.229771762439077,704.3659653706886,10,2,0,707.5879792393625,🟢 Healthy
2027-10-21,1095,3,130,0.448468132784389,436,112,1,4.087429572677147,20.35835815357661,9.274818309786404,1802.4776518408123,10,3,0,1809.8325056260448,🟡 High Cost Overstock
2027-10-22,1035,3,100,0.2088990145481885,311,83,8,2.4714715534140934,44.55485950338818,15.386212827937443,813.1825126151713,10,4,0,814.9405256296698,🟡 High Cost Overstock
2027-10-23,1097,1,126,0.1323478983328424,222,171,9,4.820262240941481,60.31669101477427,7.815284373984404,1130.414908503783,10,5,1,1123.291507859325,🟢 Healthy
2027-10-24,1099,1,135,0.362728922605684,72,105,9,1.7230718868065371,50.161780045324136,13.597144580349848,1030.843064457435,10,6,1,1060.912127553871,🔴 Reorder Required
2027-10-25,1065,2,122,0.3615218637537323,440,147,8,3.850552378446424,44.5980748164466,16.95833716802489,1738.8411213328732,10,0,0,1747.049766123057,🟡 High Cost Overstock
2027-10-26,1078,5,121,0.1379728038262472,425,95,4,2.385641376878574,86.46681163744769,6.23999876676216,1100.3643968108415,10,1,0,1110.7592527796003,🟡 High Cost Overstock
2027-10-27,1033,5,138,0.2275407235746329,110,180,14,2.686948225546576,94.78660594175273,12.974986185021171,753.6505239324689,10,2,0,746.9055998992009,🔴 Reorder Required
2027-10-28,1035,5,119,0.4971257849022155,405,101,14,4.1112591523944815,89.8970147924711,11.050476419793757,1754.956971512236,10,3,0,1771.0926723273585,🟡 High Cost Overstock
2027-10-29,1005,2,111,0.3713706668034947,370,115,7,1.832968677432675,61.794505043999976,9.80719632977268,739.9929156940897,10,4,0,748.6173012204488,🟡 High Cost Overstock
2027-10-30,1038,5,116,0.3920300666413316,183,181,1,0.935654254678144,90.73313401547864,17.09069252168993,261.957862621579,10,5,1,266.0921288805989,🟢 Healthy
2027-10-31,1041,5,120,0.1851669142417222,73,137,7,2.841150130760422,93.6689252145235,16.770839715308146,1089.3023513795172,10,6,1,1086.6664391676532,🔴 Reorder Required
2027-11-01,1057,3,126,0.1315128284015657,342,134,6,2.8795757531168693,52.73907176379696,17.61399613355387,1037.5539793297662,11,0,0,1050.7539737332083,🟡 High Cost Overstock
2027-11-02,1011,1,122,0.210760675896375,94,114,5,4.087254975014181,42.675668760435634,8.177653408650427,655.8519318539807,11,1,0,645.0947242868501,🔴 Reorder Required
2027-11-03,1002,1,108,0.1995593540772768,228,104,1,4.857436428044458,27.861216465065624,10.714184897246554,1135.3567220592022,11,2,0,1126.3175428272339,🟡 High Cost Overstock
2027-11-04,1017,3,111,0.1938176402992212,405,151,8,0.7488530884775677,58.32735368393833,9.193575559901577,361.6128545173533,11,3,0,353.4334082789302,🟢 Healthy
2027-11-05,1039,3,109,0.1771017287548158,407,160,10,3.16260263184399,95.70375363507532,15.810072099956836,1382.883024795579,11,4,0,1370.1615997613194,🟡 High Cost Overstock
2027-11-06,1020,3,107,0.3299022762621617,478,140,1,3.5657533864166,64.87260224562968,14.221313784192326,1769.3027209527645,11,5,1,1758.4160215130132,🟡 High Cost Overstock
2027-11-07,1014,1,129,0.2312413903367287,112,97,1,4.936106078368348,73.40496814289372,11.605874751855,823.5487197016837,11,6,1,808.8491404791608,🟢 Healthy
2027-11-08,1096,5,119,0.4281380060190122,78,193,14,4.741655964246102,29.03070547934781,20.720296177368663,1248.4120139626589,11,0,0,1276.6466135341018,🔴 Reorder Required
2027-11-09,1098,3,123,0.1735789671389536,406,137,3,3.706028441203899,31.4815731313805,6.879474888167656,1536.1291202601635,11,1,0,1489.4940325853352,🟡 High Cost Overstock
2027-11-10,1025,2,121,0.2858508283474178,414,155,13,2.8480523506000965,57.1578609567738,24.497933775112845,1236.251534105214,11,2,0,1238.366707629741,🟡 High Cost Overstock
2027-11-11,1007,3,139,0.105463134570432,145,136,8,1.2268576503466757,96.10118391869806,7.330881556306375,273.995543218966,11,3,0,320.11076453239866,🟢 Healthy
2027-11-12,1099,4,123,0.2926729289820768,458,176,8,2.2287944984198784,48.86277132732232,20.46141625136739,1069.6506516036266,11,4,0,1069.4152408831708,🟡 High Cost Overstock
2027-11-13,1093,3,144,0.1223352883505897,315,166,14,3.1330504627571947,90.19872330540268,12.364603783216635,1077.109619073919,11,5,1,1068.1984503500144,🟡 High Cost Overstock
2027-11-14,1086,1,113,0.4910894047490575,340,142,7,3.763401784680892,29.623087474056923,22.305244582636117,1309.1796942655603,11,6,1,1293.854462049641,🟡 High Cost Overstock
2027-11-15,1041,3,118,0.4162368514601652,104,91,5,3.359298008656005,69.3613765546968,6.483398975683241,509.4959551144867,11,0,0,507.3476388464118,🟢 Healthy
2027-11-16,1043,4,132,0.2960445906545821,202,90,8,3.713552608224836,68.04903815284146,12.494434203846756,818.1866650142583,11,1,0,806.6048550286918,🟢 Healthy
2027-11-17,1013,2,127,0.1346349432717401,268,92,2,2.43118627048354,88.78998000562147,11.708868130004726,740.3479004952102,11,2,0,741.3336982348675,🟡 High Cost Overstock
2027-11-18,1077,5,113,0.3369781763161657,222,114,8,3.7743228075695407,20.26533635239212,24.863140764510707,858.1649996328301,11,3,0,836.0837191745699,🟢 Healthy
2027-11-19,1001,3,127,0.403505500280751,145,106,12,1.1468356520887364,35.194533375805776,24.710979897792512,201.48570292867257,11,4,0,214.82732101218454,🟢 Healthy
2027-11-20,1036,4,108,0.1762869012018981,172,168,11,1.231638402934011,37.57501003435854,8.79607917332776,249.41681533900845,11,5,1,243.99619628443693,🟢 Healthy
2027-11-21,1068,4,111,0.3272833363149963,61,183,2,1.2327446562325828,95.997287047259,17.59893921396678,1051.1416717757857,11,6,1,1073.2419298162736,🔴 Reorder Required
2027-11-22,1037,2,119,0.4256843593531472,53,146,10,4.508892306660992,32.2954925015916,15.710388398218804,1308.152419037065,11,0,0,1313.7593999162175,🔴 Reorder Required
2027-11-23,1040,1,114,0.4072991110585265,411,192,5,0.8421532848888552,22.956988017644832,8.087469824814775,369.08198810696433,11,1,0,391.4817471951511,🟢 Healthy
2027-11-24,1061,3,118,0.4211968071468611,395,168,11,4.106787677300641,62.75691957934464,8.355594122088462,1684.938052113098,11,2,0,1670.012900056931,🟡 High Cost Overstock
2027-11-25,1059,4,107,0.4517293699478879,116,124,13,1.5510690412103172,62.284676994694536,24.78503456959109,242.2086857750913,11,3,0,240.81075378031727,🔴 Reorder Required
2027-11-26,1013,2,134,0.4750728408637881,194,153,4,2.607934732228628,87.52375722942914,14.054599872418654,593.463095281783,11,4,0,573.1272109604126,🟢 Healthy
2027-11-27,1088,5,116,0.2622084620814143,114,160,13,4.621804679595551,95.90877201422416,7.51602584000147,637.8265571681198,11,5,1,664.1428461339873,🔴 Reorder Required
2027-11-28,1083,4,125,0.3275076410091509,131,146,1,3.13671753359378,63.08363537121048,9.295800774785086,473.9936322719957,11,6,1,476.0974026266836,🔴 Reorder Required
2027-11-29,1001,2,126,0.4162638104182443,154,188,5,1.4455295880456136,94.39953459357244,10.366961344970992,317.0110911525969,11,0,0,324.1358061234191,🔴 Reorder Required
2027-11-30,1069,1,128,0.3788559255783132,230,101,7,1.778405271434632,78.01273210398637,15.218345266372388,487.0459445339517,11,1,0,490.3478557652691,🟢 Healthy
2027-12-01,1016,1,120,0.4982080913057515,389,181,1,4.642009807531036,41.1647302396468,11.710962590126186,1846.90654536922,12,2,0,1835.8957138424112,🟡 High Cost Overstock
2027-12-02,1088,4,119,0.1054710604418576,490,157,2,2.4221476629949024,94.2736568755141,14.10023571779842,1281.126011743016,12,3,0,1258.944226467736,🟡 High Cost Overstock
2027-12-03,1027,4,135,0.2420532861263162,154,170,12,3.1414346735305525,73.39545409454999,8.329991022027254,557.1763938182551,12,4,0,556.301466548938,🔴 Reorder Required
2027-12-04,1065,3,139,0.212411170508081,275,121,14,2.5696948848142496,53.12767461941071,11.534573811750125,759.7937679433294,12,5,1,763.3760647305171,🟢 Healthy
2027-12-05,1034,2,113,0.2049263400662138,420,99,9,2.202971396218023,74.41936676135445,6.406331854355081,999.6673531729242,12,6,1,994.9932738747822,🟡 High Cost Overstock
2027-12-06,1004,4,104,0.1890119129995543,77,127,12,1.5047560711958088,52.10502621950007,22.79420546951697,783.4147913785357,12,0,0,775.2703909540668,🔴 Reorder Required
2027-12-07,1064,3,124,0.3836495363260916,65,97,5,3.587861752180709,29.13470143903674,8.975049543371565,791.8736383897051,12,1,0,791.0472833183876,🔴 Reorder Required
2027-12-08,1039,3,137,0.1339037893101287,326,156,14,3.732089118224542,77.51829977415198,20.13800270857477,1294.1793523153526,12,2,0,1313.8419898997283,🟡 High Cost Overstock
2027-12-09,1075,4,103,0.3966435335773354,382,185,13,1.7369829122332976,85.9270089736595,11.99103576406692,749.4544814467793,12,3,0,707.6785974548367,🟡 High Cost Overstock
2027-12-10,1055,1,120,0.3773703368065094,347,149,7,4.050548793746737,78.30449592155102,14.487946378795868,1483.8449273516687,12,4,0,1499.6510024679499,🟡 High Cost Overstock
2027-12-11,1035,2,115,0.2003216530003585,103,153,2,4.345408401357558,38.329173420534126,10.825220789224536,615.8088882310569,12,5,1,634.3423379387131,🔴 Reorder Required
2027-12-12,1044,2,125,0.2011335132660645,337,180,7,4.643037933078337,96.53080107820904,18.9288254221474,1661.2345845256086,12,6,1,1650.79633822296,🟡 High Cost Overstock
2027-12-13,1022,1,120,0.3515442341378009,163,172,7,1.2254558626326646,22.020364935292477,21.89092838549415,221.7696705444168,12,0,0,243.49878374209086,🔴 Reorder Required
2027-12-14,1046,4,147,0.4048684421934712,87,85,7,1.8676565762596988,46.61482379005125,10.725403694791762,852.6251676121508,12,1,0,839.4400198772103,🟢 Healthy
2027-12-15,1030,2,120,0.4505942452349462,419,118,5,4.371590063766631,40.80739476279164,9.844352873271848,1872.5036314810095,12,2,0,1880.0862027995613,🟡 High Cost Overstock
2027-12-16,1010,4,122,0.4408558255417903,279,90,9,1.3934309127255229,23.85009820918808,18.628805309277936,412.617322859609,12,3,0,408.15720917689566,🟢 Healthy
2027-12-17,1009,4,116,0.4859531976655412,215,191,2,0.5156080665957292,52.45837543909347,8.903061211354418,163.31410975717526,12,4,0,175.33556370241848,🟢 Healthy
2027-12-18,1066,3,102,0.3325539581346045,231,104,4,4.418722896132355,69.84918721302196,17.796795312195446,1090.574176219596,12,5,1,1091.4198446850148,🟡 High Cost Overstock
2027-12-19,1013,1,113,0.4634622245361438,493,187,2,1.9690224878811624,90.6042290788081,6.88856159387271,1061.332315604221,12,6,1,1058.967898725459,🟡 High Cost Overstock
2027-12-20,1079,4,121,0.4234053093041643,254,187,8,2.365238863125275,99.1751772953176,17.402743199213745,699.9458485291375,12,0,0,696.9737350375867,🟡 High Cost Overstock
2027-12-21,1073,5,100,0.4578670497256054,415,173,12,2.508503115742871,84.64716691235185,15.268134680208664,1125.6759599456434,12,1,0,1130.3083460966077,🟡 High Cost Overstock
2027-12-22,1092,1,124,0.1046506405141466,294,134,11,4.317235703002528,57.49444149702598,7.278114311526167,1326.7617381797693,12,2,0,1330.927318498653,🟡 High Cost Overstock
2027-12-23,1009,2,119,0.4863611967463244,408,163,1,2.020514650670572,77.89635407736245,17.982072697291997,902.2663315509558,12,3,0,911.2082410847443,🟡 High Cost Overstock
2027-12-24,1075,3,121,0.2894120651385913,382,137,9,4.515259486354168,87.48990308717126,13.931143140681517,1812.319026874464,12,4,0,1804.1580081798797,🟡 High Cost Overstock
2027-12-25,1093,2,114,0.4192731958299371,480,116,12,3.276226121216216,57.22457571349451,9.342301016341716,1629.813113897278,12,5,1,1629.7281500315216,🟡 High Cost Overstock
2027-12-26,1000,2,142,0.1508816477351123,445,95,13,2.8727902581515794,82.80435472203999,12.067683114043549,1361.1960195994927,12,6,1,1361.1320590194246,🟡 High Cost Overstock
2027-12-27,1004,1,100,0.2583764383255896,358,174,14,1.965265282073581,58.61219346503014,14.842042112778593,762.1771644473721,12,0,0,760.441766381166,🟡 High Cost Overstock
2027-12-28,1019,2,136,0.2085842652083963,466,172,5,1.5967026332653362,50.91967927013782,6.83108454528764,794.9831063717845,12,1,0,784.8766277630673,🟡 High Cost Overstock
2027-12-29,1007,4,101,0.2166635082003748,461,149,11,3.308262992498069,62.0872670227009,24.15218966256709,1587.1965065643108,12,2,0,1605.003919562194,🟡 High Cost Overstock
2027-12-30,1042,2,116,0.1493022479803527,170,172,12,2.5110237202545926,74.06837901017158,18.311243124242424,500.94241145345234,12,3,0,495.7065852423214,🔴 Reorder Required
2027-12-31,1075,3,117,0.4223055330172028,308,175,3,4.597322044694028,78.1505645054878,7.05069962575392,1494.1257542712483,12,4,0,1521.031552245305,🟡 High Cost Overstock
2028-01-01,1000,3,124,0.1036969258324312,259,152,12,2.712374222513224,48.53890151136863,21.45724368656919,751.0438251422936,1,5,1,771.3208441301084,🟡 High Cost Overstock
2028-01-02,1056,5,109,0.225002182794081,459,116,11,2.8030771251553603,65.70562012448278,11.451098618922908,1352.3180205707931,1,6,1,1345.9341141344805,🟡 High Cost Overstock
2028-01-03,1063,3,115,0.169764217286566,359,132,4,2.3752547651120035,92.78966992643576,16.935990734263676,945.506130601645,1,0,0,948.9889083312071,🟡 High Cost Overstock
2028-01-04,1083,2,115,0.3356155762433362,345,166,1,4.051683486460783,98.10503200885118,10.542856831591465,1495.9358348378212,1,1,0,1516.4179192642512,🟡 High Cost Overstock
2028-01-05,1027,3,107,0.2017009610458175,243,95,3,2.411776391491717,38.17984729471636,19.668118898292143,624.2415104272036,1,2,0,588.1632673875533,🟡 High Cost Overstock
2028-01-06,1036,1,119,0.2035993818112398,117,97,11,1.712038998873897,35.42649325706732,19.460179500002045,274.6554151253174,1,3,0,270.7111697536381,🟢 Healthy
2028-01-07,1046,3,105,0.2953352575981275,163,98,8,4.379138934320794,74.13485067429188,16.04086913744836,787.9344969685814,1,4,0,790.7290965989582,🟢 Healthy
2028-01-08,1075,4,128,0.3610756157363702,269,123,12,3.185726996143581,53.17471086587551,9.818511849431562,910.135272828499,1,5,1,892.1089286265167,🟡 High Cost Overstock
2028-01-09,1036,1,125,0.1485218818260654,269,81,2,3.161795988960508,21.937787073450963,10.07407615024291,872.4609081038276,1,6,1,862.62661458276,🟡 High Cost Overstock
2028-01-10,1048,5,104,0.1702045809861984,267,137,2,3.248699932237669,47.74894965178273,12.65725593389886,915.1518315592403,1,0,0,911.2368237647412,🟡 High Cost Overstock
2028-01-11,1043,4,126,0.198869897837807,286,89,9,3.7347788669255007,84.53957947778017,7.900243347925706,1152.6863354184732,1,1,0,1159.2011576008454,🟡 High Cost Overstock
2028-01-12,1055,2,132,0.4894992856471842,480,155,5,1.9088059519065508,83.7941544306546,11.753114263818471,1000.021011345799,1,2,0,993.8565779965509,🟡 High Cost Overstock
2028-01-13,1027,2,126,0.2588609999771681,435,125,5,0.6522996687485128,59.57481190532655,18.687092024966248,343.3251678109296,1,3,0,353.7401824479477,🟢 Healthy
2028-01-14,1078,2,116,0.3395960362524106,347,161,1,4.147669223946544,57.80623479100282,21.616905601188424,1497.0474555004537,1,4,0,1497.096215950357,🟡 High Cost Overstock
2028-01-15,1005,4,124,0.1966171250863911,467,98,13,1.0800727424673684,66.36059539475019,11.651645809867228,570.7545661270112,1,5,1,560.8251137717076,🟡 High Cost Overstock
2028-01-16,1060,4,120,0.2961838100629952,143,117,6,3.7481888174474487,37.55173684508608,9.67180516508728,573.5427377400713,1,6,1,534.5523713098962,🟢 Healthy
2028-01-17,1019,4,117,0.1296476697543832,302,116,8,0.8704188422929794,62.08348999127644,21.652851566702687,324.94998036375625,1,0,0,310.4997647709069,🟢 Healthy
2028-01-18,1077,1,98,0.1138968583689307,454,170,6,2.1888852891282147,20.88370880453187,22.814080547718422,1014.6376300687414,1,1,0,1036.9332577228156,🟡 High Cost Overstock
2028-01-19,1001,1,116,0.2874934107285841,406,191,14,0.783617314241922,58.0447643826507,13.200430466241286,376.193393964871,1,2,0,386.18318708368156,🟢 Healthy
2028-01-20,1072,2,127,0.2594637150073648,477,157,7,2.8499615583247606,46.884083700047405,5.538083076992677,1406.315747020958,1,3,0,1418.6455281308936,🟡 High Cost Overstock
2028-01-21,1036,3,96,0.1547521278767311,264,124,14,3.439110977517088,73.98956847229277,18.89923241788304,981.914866536804,1,4,0,967.9346486200984,🟡 High Cost Overstock
2028-01-22,1019,2,112,0.3750405715682935,429,196,4,1.271449135301847,71.0682867322102,20.680664723662588,616.5199657767027,1,5,1,617.0234038619208,🟡 High Cost Overstock
2028-01-23,1025,5,107,0.4971613963597058,307,113,2,2.1723242829728093,50.46687041462472,5.360485063288804,717.3704252872772,1,6,1,715.3709776965164,🟡 High Cost Overstock
2028-01-24,1028,1,143,0.258258728478685,396,81,1,4.686077709693741,20.581838518287327,16.900617066830264,1876.2686115570089,1,0,0,1875.6993779100226,🟡 High Cost Overstock
2028-01-25,1000,4,108,0.3498234543669578,289,123,12,2.4907510269835558,40.181890351596834,16.7673751648835,760.0089371498443,1,1,0,781.1206304935379,🟡 High Cost Overstock
2028-01-26,1034,1,115,0.4851903769457942,364,176,6,4.111446060394504,70.66782801513298,12.57415817495828,1567.2341939987325,1,2,0,1575.691365930064,🟡 High Cost Overstock
2028-01-27,1069,4,120,0.4326139889787501,263,162,9,4.672331352770941,25.78986744140036,19.99534651701676,1254.613013220158,1,3,0,1267.6767241132713,🟡 High Cost Overstock
2028-01-28,1058,5,128,0.2854208893210743,147,106,10,4.884556212397789,28.61139374667711,13.563580762287213,746.6411569691521,1,4,0,739.2431515725135,🟢 Healthy
2028-01-29,1068,5,112,0.3949957937839677,65,127,5,4.5424490886111615,71.76280196536698,18.53551903582728,1238.1913874089746,1,5,1,1177.2380040734538,🔴 Reorder Required
2028-01-30,1032,1,120,0.1512540161002096,453,173,12,1.9283239812153607,80.46139207594338,15.34234609270304,953.992155566502,1,6,1,957.1724943180641,🟡 High Cost Overstock
2028-01-31,1050,4,111,0.3048415421855197,203,86,2,4.831577987725368,45.72397664101697,9.96929209405688,1026.5343081492667,1,0,0,1028.0529098168793,🟢 Healthy
2028-02-01,1077,5,108,0.2116241108719746,65,106,1,4.155778587857212,59.17384524132495,17.130017260202635,1065.890195640757,2,1,0,1056.6288983794243,🔴 Reorder Required
2028-02-02,1011,2,125,0.1644654751584644,247,164,3,4.267290126377695,95.65690919869267,19.738169896916837,1149.6775704139832,2,2,0,1117.9741559713086,🟢 Healthy
2028-02-03,1019,2,131,0.270512362501814,157,150,4,0.5682784287732565,95.64348497407757,24.478113468740077,184.8631982914788,2,3,0,205.48933800929703,🟢 Healthy
2028-02-04,1052,4,110,0.1524058217734457,72,191,7,4.794074884932321,44.60022195707441,12.602178936048269,868.6564132420358,2,4,0,907.5662589063168,🔴 Reorder Required
2028-02-05,1087,1,127,0.3795940432697943,91,168,9,4.001406007319334,84.79903000136721,6.289450893327022,675.3472088271993,2,5,1,679.4362061440149,🔴 Reorder Required
2028-02-06,1042,5,137,0.2824960176213342,86,181,8,3.95585373428555,67.5155242245487,24.75942442442704,1670.449591018885,2,6,1,1597.5351643413246,🔴 Reorder Required
2028-02-07,1097,1,127,0.3124578530258655,377,97,9,0.8668612891786381,98.0387594680304,17.476133188510726,424.8454654883769,2,0,0,392.3289420888025,🟢 Healthy
2028-02-08,1088,2,118,0.1585503754672628,439,112,7,1.5465584348299906,58.20908557688772,23.929009163215383,737.1482384672536,2,1,0,735.8491967089451,🟡 High Cost Overstock
2028-02-09,1049,5,116,0.1559086644373978,214,112,10,4.830177493120546,81.97654944124493,7.076541720222387,1115.634532969042,2,2,0,1095.1705708986817,🟢 Healthy
2028-02-10,1028,1,116,0.3333661741040497,165,175,8,2.7530468366246432,81.45097036918969,11.840676797409152,535.7036984122558,2,3,0,534.8700779439442,🔴 Reorder Required
2028-02-11,1056,3,123,0.4940038991317785,199,104,8,2.290361082067652,59.794629410646095,7.6787339774544865,515.5764847421088,2,4,0,470.26592395703864,🟢 Healthy
2028-02-12,1038,4,95,0.1385002332950902,55,93,1,4.279733677161111,83.65040914378463,21.71020309164119,1187.4438850532931,2,5,1,1214.5756047678333,🔴 Reorder Required
2028-02-13,1094,4,107,0.2142925714263125,81,117,12,0.8930318635127494,40.88322666455972,22.60685482858632,700.9970331523368,2,6,1,700.5711633895443,🔴 Reorder Required
2028-02-14,1055,3,104,0.447783646615155,194,117,14,2.376239073219767,29.78024290321831,15.026233997500407,490.7706231078532,2,0,0,487.8814705836258,🟢 Healthy
2028-02-15,1042,2,113,0.1289088049020947,343,83,12,2.190653484899376,54.0130995724253,8.732124353240609,805.4072448929112,2,1,0,796.9170636669193,🟡 High Cost Overstock
2028-02-16,1049,5,141,0.4503542885467805,450,187,9,2.0743312416367674,95.49045253068678,7.542379380794171,1028.939511267232,2,2,0,1032.08822981104,🟡 High Cost Overstock
2028-02-17,1022,4,118,0.3097143933499005,342,141,2,1.884615096438829,60.0595686562023,16.763282201604135,704.5979316382818,2,3,0,673.8679391311562,🟡 High Cost Overstock
2028-02-18,1043,3,119,0.2633067095705703,456,161,12,1.4453373055553511,70.82073109175415,15.12752649170601,729.8945424249943,2,4,0,733.218005915906,🟡 High Cost Overstock
2028-02-19,1037,3,114,0.2238722257405823,226,89,11,1.2780986134573498,69.93299647263002,18.89578204735335,358.78328311399105,2,5,1,361.727108897996,🟢 Healthy
2028-02-20,1083,2,116,0.2188468632511367,494,114,14,3.381827526138533,30.60582938156244,11.104145252399825,1701.228627293998,2,6,1,1699.018717986088,🟡 High Cost Overstock
2028-02-21,1022,2,130,0.2223210329797915,226,178,7,4.637276785439053,51.22375059017682,13.047359900487246,1099.248304099403,2,0,0,1110.6367487733683,🟢 Healthy
2028-02-22,1044,1,123,0.4539212323840783,110,183,13,2.789832403624467,76.55511783374999,5.427221477023148,453.99056143374224,2,1,0,471.25033883391654,🔴 Reorder Required
2028-02-23,1051,4,113,0.3895180920699143,126,197,10,1.8408854855598995,97.7592078864581,17.20286090151058,329.71077906700543,2,2,0,341.5644659439684,🔴 Reorder Required
2028-02-24,1079,1,111,0.3678892031324602,465,102,10,1.2162208897500184,33.44141906376209,13.462870426929555,598.9841327975206,2,3,0,606.615436654937,🟡 High Cost Overstock
2028-02-25,1049,3,121,0.4194996595808004,432,168,13,4.235645142736674,52.8353512271293,23.39529267626896,1882.634052889372,2,4,0,1900.0127031425902,🟡 High Cost Overstock
2028-02-26,1007,5,143,0.202845865201658,135,144,5,4.871714254129462,27.607503984218347,17.835725954096098,827.9747359244645,2,5,1,841.3302844265041,🔴 Reorder Required
2028-02-27,1084,5,125,0.3472171248327023,240,161,4,2.071199306605333,39.39011677194048,12.973889828993876,536.4779503572204,2,6,1,527.1224971766491,🟢 Healthy
2028-02-28,1000,2,122,0.2840264955831804,56,158,1,1.80927691498458,50.14074746609202,10.271783617467008,829.3979734580511,2,0,0,827.2864428560646,🔴 Reorder Required
2028-02-29,1007,5,112,0.4129766540800773,455,104,1,3.206718288387236,63.25145983618803,23.105698852152777,1522.3082810523804,2,1,0,1504.5701007891169,🟡 High Cost Overstock
2028-03-01,1028,5,114,0.2237024441893142,134,175,3,3.988980414290416,38.44535057912648,5.325301482348865,572.9687260940423,3,2,0,561.0135698781227,🔴 Reorder Required
2028-03-02,1095,5,95,0.3572714467479583,311,132,14,2.5493126159734896,38.20501289429486,11.538249345047843,831.0412364620502,3,3,0,821.1033100840588,🟡 High Cost Overstock
2028-03-03,1004,3,127,0.4528849647269254,494,163,1,3.3353291743742712,82.2263983312163,23.8701116757607,1729.8790104721063,3,4,0,1734.4898652342256,🟡 High Cost Overstock
2028-03-04,1085,5,119,0.2608601904779715,447,96,8,3.724470806104813,97.0113330357505,18.080660139631483,1761.8497833646022,3,5,1,1746.3015595086729,🟡 High Cost Overstock
2028-03-05,1046,5,116,0.1266488349469846,449,136,3,4.822665295352807,45.889037420116495,15.65438142566598,2211.2657550335266,3,6,1,2214.430779783824,🟡 High Cost Overstock
2028-03-06,1033,5,117,0.3064203289367171,308,154,11,1.2426679873403752,75.03936149085442,9.070694358408549,457.78110159169,3,0,0,461.56169318937503,🟢 Healthy
2028-03-07,1064,1,144,0.2383889951228104,442,156,10,4.988221222214163,40.64643690863366,21.66749548508774,2245.4402171272936,3,1,0,2202.276401290552,🟡 High Cost Overstock
2028-03-08,1054,3,120,0.36889015221887,96,168,2,2.2647049485855293,94.23618039725056,9.083981251855525,529.663405505994,3,2,0,538.4423003641245,🔴 Reorder Required
2028-03-09,1089,2,120,0.4804131698994425,390,99,6,3.754400642269492,73.83218881323187,9.965070630425,1538.0484392983335,3,3,0,1517.5209376952555,🟡 High Cost Overstock
2028-03-10,1042,1,114,0.2942433271987388,143,104,4,3.0758647008784874,84.21414837100559,8.837022857437105,524.0628005966294,3,4,0,497.77055071719826,🟢 Healthy
2028-03-11,1073,4,122,0.2864760920622136,475,121,13,2.6900087765397807,23.948323455933185,8.162989211390439,1301.702492312329,3,5,1,1309.982265523773,🟡 High Cost Overstock
2028-03-12,1029,3,113,0.3618339200765841,475,124,13,3.6413391592921394,67.88047745924997,24.06624991957606,1797.5165781230162,3,6,1,1809.6683682919102,🟡 High Cost Overstock
2028-03-13,1081,3,116,0.1413990014374271,273,192,14,2.280892326006178,62.20898650867058,17.04063192282617,684.8925915083572,3,0,0,688.0836249935514,🟡 High Cost Overstock
2028-03-14,1016,4,117,0.2014024755700058,328,110,11,1.0674949160156288,43.43975255292256,17.756742640201878,393.57808500604887,3,1,0,411.5701664579719,🟢 Healthy
2028-03-15,1025,4,118,0.4675917302001594,52,196,14,2.700020224045579,40.99439880458544,24.08650931357567,1771.10506515095,3,2,0,1775.3266955804734,🔴 Reorder Required
2028-03-16,1007,4,111,0.3679770453455065,178,144,13,2.848621418070434,66.40198418535758,9.611501102511252,573.4565966018948,3,3,0,594.5147063541948,🟢 Healthy
2028-03-17,1046,2,121,0.1053776175933665,372,131,11,1.4085596902997266,76.51885080057801,5.118350771953841,600.5030555920763,3,4,0,600.6992993121771,🟡 High Cost Overstock
2028-03-18,1075,5,130,0.1818501890236079,298,159,13,4.710287103478957,22.65382056281512,16.977672991405825,1426.3193773995442,3,5,1,1415.3536859593673,🟡 High Cost Overstock
2028-03-19,1090,3,127,0.3731349064115596,278,191,4,1.5236404099083107,65.39212655389635,15.156897064483172,488.96416050840674,3,6,1,475.46883474032165,🟢 Healthy
2028-03-20,1071,5,115,0.4057596810250297,376,171,2,2.34152417337844,33.636762315730294,14.553007547965882,914.0498515060236,3,0,0,944.298564221125,🟡 High Cost Overstock
2028-03-21,1088,5,115,0.4359438290696168,180,100,2,1.197183590801255,31.229018510888046,6.237604224923983,246.72206485511396,3,1,0,254.29320549488742,🟢 Healthy
2028-03-22,1045,4,109,0.2168707213528179,277,109,11,2.9110849078412486,69.84955904757476,14.08869733149569,876.2200785196006,3,2,0,884.9495658972716,🟡 High Cost Overstock
2028-03-23,1067,2,112,0.4724114385110251,226,82,6,1.8843692364504037,44.86960937739784,10.75119130181398,470.737056815189,3,3,0,471.7910442533154,🟢 Healthy
2028-03-24,1032,1,119,0.321178757431157,372,177,5,2.701726339892378,55.270418650789125,10.49129354448626,1060.3126170907535,3,4,0,1081.8870632080254,🟡 High Cost Overstock
2028-03-25,1000,2,110,0.3786156089551572,360,149,9,1.5107761240619086,48.79990475518184,9.447631603581856,592.679309417469,3,5,1,590.2370639345738,🟡 High Cost Overstock
2028-03-26,1018,5,108,0.3386955451119632,437,122,4,0.7419880757692209,71.86690561220189,11.650567195091416,396.1156947233514,3,6,1,403.01891731884035,🟢 Healthy
2028-03-27,1030,2,129,0.1490960218698482,80,108,5,4.006519929870149,57.60958128531751,12.062661502868249,969.2015893154736,3,0,0,1000.3282973953735,🔴 Reorder Required
2028-03-28,1079,4,127,0.4852458637539519,115,82,1,3.3848882778184626,97.0766929630358,11.17551552723995,620.4450312390384,3,1,0,631.228928721407,🟢 Healthy
2028-03-29,1013,1,131,0.149150231957661,255,137,12,2.033327100699558,48.19062072851722,24.57505431439018,566.6890314069045,3,2,0,575.8356220945201,🟢 Healthy
2028-03-30,1052,4,109,0.2019527825644734,150,112,12,0.71372401107045,79.22274722102682,23.654621710189744,186.28134888159437,3,3,0,206.96807926515893,🟢 Healthy
2028-03-31,1047,1,106,0.425451152089192,369,154,2,4.395087782137044,40.58340540664357,16.490201990497244,1662.370797015213,3,4,0,1655.5485788206583,🟡 High Cost Overstock
2028-04-01,1068,5,119,0.3474387846004406,80,124,3,1.264077522210557,60.70024741009175,24.6210967682062,1122.049223146978,4,5,1,1106.3101244790219,🔴 Reorder Required
2028-04-02,1089,1,128,0.4352596661505428,422,148,5,4.688339982266426,64.20558015215656,24.8239602063838,2042.685052668588,4,6,1,2043.277744039819,🟡 High Cost Overstock
2028-04-03,1061,1,126,0.3062944753496179,240,193,12,2.653679203681813,46.32874248501857,12.11879420034605,683.2117513686537,4,0,0,646.1120132646603,🟢 Healthy
2028-04-04,1091,1,114,0.2507972941466539,115,111,5,2.031740194588177,57.74244231301033,13.903750914794893,291.39256469065066,4,1,0,348.79655191054366,🟢 Healthy
2028-04-05,1065,2,133,0.468738199819114,464,190,4,3.8379176460093376,42.34229103187937,24.18123553969331,1823.136078780212,4,2,0,1817.8328730371695,🟡 High Cost Overstock
2028-04-06,1063,2,112,0.1145009270059179,352,161,14,4.445777327338336,20.48006253391856,17.172523985973733,1585.3936817570127,4,3,0,1585.6978095771888,🟡 High Cost Overstock
2028-04-07,1069,5,130,0.4424520881412184,284,190,10,2.1682110364056983,37.2518641310303,9.25858165674545,653.0237984702486,4,4,0,655.7715725542796,🟡 High Cost Overstock
2028-04-08,1062,1,115,0.1923271140751126,327,163,3,2.3330468847658428,76.00513379945605,18.787613366730007,838.9114651178867,4,5,1,812.9187317713566,🟡 High Cost Overstock
2028-04-09,1072,3,120,0.4394945311015871,251,131,9,2.4492119870623883,81.67704195883016,9.11492364092175,696.4292507114897,4,6,1,689.2694909834937,🟡 High Cost Overstock
2028-04-10,1032,5,110,0.1556786453667542,399,143,1,4.650453776654011,42.4162293711136,11.787154873436917,1897.947286256064,4,0,0,1900.4430641003062,🟡 High Cost Overstock
2028-04-11,1040,1,109,0.3320875854762162,274,195,6,3.616537961814497,52.64343990544575,9.55120326190703,1043.574841442618,4,1,0,1054.9221178134205,🟡 High Cost Overstock
2028-04-12,1088,1,140,0.4552431676045888,132,182,7,1.6144075267054498,22.98925281108889,9.899604318676843,315.287880885623,4,2,0,308.70062242301134,🔴 Reorder Required
2028-04-13,1047,2,135,0.2894158587595562,95,192,10,1.3324986387589073,38.96503208781445,5.0931116313356455,369.2768680233365,4,3,0,436.1173972605396,🔴 Reorder Required
2028-04-14,1012,5,124,0.3986266695213571,138,119,4,1.5366544854116724,82.33754266978394,22.61417664398904,294.3958616565947,4,4,0,305.5238768610625,🟢 Healthy
2028-04-15,1072,1,129,0.4218686471422234,235,171,10,1.6860375013348283,68.47890162120459,10.919809905515876,464.69771443488935,4,5,1,461.4938051344242,🟢 Healthy
2028-04-16,1076,1,108,0.3945976834867116,424,92,3,1.535825711003007,36.461641756349714,6.7274875904558895,687.6517432216247,4,6,1,682.9182320187939,🟡 High Cost Overstock
2028-04-17,1030,5,130,0.4701318947498393,238,169,8,3.4632790123657826,40.59535960979457,6.73974811362177,864.8557645528508,4,0,0,867.3742572242056,🟢 Healthy
2028-04-18,1074,3,117,0.2787336922079715,295,159,9,1.0217007979587789,85.34416183916481,16.120365529219043,386.74589723700456,4,1,0,377.25578727656165,🟢 Healthy
2028-04-19,1067,5,116,0.1692501756660623,95,168,13,2.243113203685823,36.726736235592064,24.858411010678743,771.8491218099989,4,2,0,777.8591237613657,🔴 Reorder Required
2028-04-20,1097,5,121,0.1191244254809919,306,153,1,3.312741078366649,46.732618067770495,7.900449345403833,1060.4313880479651,4,3,0,1047.057291021768,🟡 High Cost Overstock
2028-04-21,1003,3,102,0.198583947855002,401,108,11,1.8088698827431888,73.14869533237155,6.9924356189931895,798.5055183123902,4,4,0,802.1668066761682,🟡 High Cost Overstock
2028-04-22,1018,5,120,0.1572790015520968,458,189,12,0.7937347311574612,64.88899085664629,13.766077608041812,428.4194977267635,4,5,1,415.1299106562142,🟢 Healthy
2028-04-23,1069,1,112,0.3231794965737922,110,142,10,0.8682076528068573,56.86961641870514,16.266625076815906,184.90570838109124,4,6,1,207.42943741581493,🔴 Reorder Required
2028-04-24,1097,5,120,0.1739781348846928,154,181,9,1.0668504933710885,91.97928727837954,10.88760717755881,256.2742632575272,4,0,0,266.32520077991455,🔴 Reorder Required
2028-04-25,1081,3,140,0.1155734829157484,386,163,7,4.261293611906698,37.57683701720413,11.050441850277329,1682.4361712131897,4,1,0,1670.6735944832687,🟡 High Cost Overstock
2028-04-26,1012,4,117,0.1143959315474671,63,197,1,3.460385775222364,79.31359126903999,13.489530036978987,1025.7525171049142,4,2,0,996.942951872099,🔴 Reorder Required
2028-04-27,1022,5,130,0.4326277993459446,350,105,7,0.7903508499394015,32.725107249454666,11.28291230301212,309.3479047282452,4,3,0,309.0810521921353,🟢 Healthy
2028-04-28,1082,2,106,0.3365799725772099,126,175,5,2.2598099561813894,69.25870667857161,23.306631671370333,353.9947611574267,4,4,0,347.23219775999206,🔴 Reorder Required
2028-04-29,1074,1,122,0.2432341207573513,279,182,10,1.7536332778117951,89.64988507290505,5.83909142581258,578.913569582396,4,5,1,619.3062078669967,🟡 High Cost Overstock
2028-04-30,1000,1,128,0.4576912170960988,216,181,13,3.101180502329601,56.63214283825103,9.691403197405492,726.4871313414449,4,6,1,732.5317469896036,🟢 Healthy
2028-05-01,1087,2,104,0.1280786445630854,115,138,13,2.8526267735254103,77.94356057530632,21.171055924548423,405.9956395307285,5,0,0,432.8240183596419,🔴 Reorder Required
2028-05-02,1053,2,112,0.4921288290911304,81,128,7,2.665058105163717,85.63146823991906,21.67916249329913,973.5552120504532,5,1,0,988.1785123305252,🔴 Reorder Required
2028-05-03,1070,5,123,0.3465167161017844,145,132,12,1.9153056666767592,30.882113990208214,7.231101579284022,308.6014356583383,5,2,0,314.17171879179307,🟢 Healthy
2028-05-04,1088,2,116,0.1733857015875394,107,167,9,1.1200989741979583,76.4661516225688,24.47526900025433,416.5941628640394,5,3,0,392.1268277182602,🔴 Reorder Required
2028-05-05,1084,4,124,0.3716276395907875,153,110,8,3.840693722926871,93.5872819190941,18.867096997982177,681.2134215269052,5,4,0,687.7261160702651,🟢 Healthy
2028-05-06,1014,3,126,0.405352503913425,361,183,6,4.459355459791945,66.10964878844354,10.451861119671912,1675.936969773336,5,5,1,1663.5676586519376,🟡 High Cost Overstock
2028-05-07,1064,2,120,0.2717371133483098,183,91,2,4.748679091547678,34.88977956230048,14.12075729628909,903.8980533155255,5,6,1,892.6865144481395,🟢 Healthy
2028-05-08,1075,2,119,0.444653042498219,266,137,8,0.763785367761112,30.15540252711544,10.942772391359345,233.32231035157125,5,0,0,237.70349592991232,🟢 Healthy
2028-05-09,1070,4,129,0.1602929629185881,116,115,12,3.829589202149973,40.77882643733983,8.000444997088387,589.0169588488857,5,1,0,576.1633678929055,🟢 Healthy
2028-05-10,1014,1,117,0.2115350334310433,227,89,14,3.769265567331331,28.281061521334607,10.823561294978305,883.9043453055467,5,2,0,867.690095073211,🟢 Healthy
2028-05-11,1020,1,105,0.1373969446335959,423,85,4,4.761993263655151,61.0715257268038,16.601838749792368,2075.3946762529326,5,3,0,2072.1689791644444,🟡 High Cost Overstock
2028-05-12,1018,5,136,0.1843511362429408,296,86,8,1.6381156752399444,25.576374616538764,21.51939389670937,510.45861448756233,5,4,0,513.8841770330785,🟡 High Cost Overstock
2028-05-13,1059,4,128,0.195491524764458,343,196,7,3.839805672328204,37.87236997089812,12.270581497791545,1354.925715579472,5,5,1,1384.9152977451038,🟡 High Cost Overstock
2028-05-14,1092,3,113,0.4670532763686841,284,110,4,0.7458182994491805,55.19283551297715,11.958030810956837,267.0052325565444,5,6,1,272.32716430179636,🟢 Healthy
2028-05-15,1088,3,105,0.1312438755004625,180,170,8,3.340605743427286,57.91318003216172,14.360014021626451,659.2222138490731,5,0,0,664.1147195982219,🟢 Healthy
2028-05-16,1032,4,133,0.2709660480750838,161,151,11,2.0788152082348086,65.23187881175716,17.891111999286927,399.92112733756136,5,1,0,405.40577373226085,🟢 Healthy
2028-05-17,1048,3,123,0.3129594748907652,438,82,11,3.960092477963638,76.44919702005812,20.032325248646185,1810.9697023681315,5,2,0,1793.4803697081525,🟡 High Cost Overstock
2028-05-18,1095,1,97,0.4594772215208643,457,183,12,4.384869288959271,23.7782911732374,11.535990095989476,2027.663556227624,5,3,0,2015.8864375868623,🟡 High Cost Overstock
2028-05-19,1034,3,134,0.4990784874644854,103,126,11,2.1416946899788227,26.44967617406266,16.72704935650278,765.5827592934675,5,4,0,760.6594736788968,🔴 Reorder Required
2028-05-20,1043,3,101,0.4013552459679343,339,164,2,2.8651374171468524,24.86873214438246,12.787216825617648,996.1503165571654,5,5,1,1014.979836004441,🟡 High Cost Overstock
2028-05-21,1089,4,114,0.4883163962276118,288,80,9,1.0283182806361997,53.85202523719283,19.32799700726772,350.0076900604183,5,6,1,356.6200642161279,🟢 Healthy
2028-05-22,1010,4,133,0.4148404530143496,289,124,6,2.3760813435056445,23.347835590634745,8.293498410340415,710.035343863766,5,0,0,719.8419644042916,🟡 High Cost Overstock
2028-05-23,1098,3,141,0.4852810563885666,344,133,7,2.1236017696662617,79.6865013465061,10.138497301025922,810.2055101117002,5,1,0,802.4691760212933,🟡 High Cost Overstock
2028-05-24,1071,2,126,0.382908290377782,161,129,10,1.3240555690303295,37.84001448307823,13.521208396854997,251.0129610969613,5,2,0,259.6398738647182,🟢 Healthy
2028-05-25,1077,4,118,0.1319053701804284,137,158,1,4.525153811450491,95.1369994631967,22.788295798427352,715.083071631914,5,3,0,718.3308132336899,🔴 Reorder Required
2028-05-26,1073,5,138,0.2607680747970706,277,86,3,1.166395271180721,58.91230040776891,16.466515787013805,382.0037905248286,5,4,0,371.72621166605677,🟢 Healthy
2028-05-27,1065,5,113,0.3586389135209882,353,142,14,3.360827108885842,55.70606019537613,24.307922379628238,1242.0780296320784,5,5,1,1258.9399055417784,🟡 High Cost Overstock
2028-05-28,1045,1,112,0.2402874037817004,354,94,10,4.505641895659495,82.44309541116002,7.065553705621676,1677.440326474621,5,6,1,1685.3017773649183,🟡 High Cost Overstock
2028-05-29,1008,3,123,0.2093535672455114,339,168,5,4.603858609384515,77.05231871143928,14.203508273018697,1637.7603872927898,5,0,0,1638.0370229197981,🟡 High Cost Overstock
2028-05-30,1002,2,97,0.3309597068532364,257,146,12,4.069578649282558,68.58472327585143,13.381570600907684,1114.4664361414689,5,1,0,1126.399464190158,🟡 High Cost Overstock
2028-05-31,1084,1,127,0.473400750680974,405,109,7,1.2926351024337948,94.8117365000296,17.00412352811937,618.3289529857165,5,2,0,608.1801969626703,🟡 High Cost Overstock
2028-06-01,1025,3,117,0.1139927494064614,440,157,1,4.178441341462413,53.78074087896616,21.239292174151565,1892.294931122428,6,3,0,1892.0828840449826,🟡 High Cost Overstock
2028-06-02,1071,4,116,0.4076924814165751,323,195,9,1.7445416558703106,84.68253406178292,21.828960511661204,648.1694889078932,6,4,0,668.4715223990631,🟡 High Cost Overstock
2028-06-03,1047,5,97,0.3890909112178509,119,147,5,4.65079112344629,50.40743565966548,18.403892174110165,603.851579349774,6,5,1,615.1676671023265,🔴 Reorder Required
2028-06-04,1065,2,136,0.4855813701553149,419,115,13,3.690890066407323,87.06765394368838,17.83072728491107,1633.5505917683568,6,6,1,1568.4512182684907,🟡 High Cost Overstock
2028-06-05,1069,5,109,0.4722844889330174,269,146,12,4.03370402453999,40.75797031727749,23.98059084089615,1125.8243529185347,6,0,0,1176.966840355914,🟡 High Cost Overstock
2028-06-06,1027,4,127,0.4048930248176772,280,84,3,0.8826460407587176,43.1413658268826,12.673748032768492,290.2822572393235,6,1,0,278.33938039924834,🟢 Healthy
2028-06-07,1092,3,131,0.3081635058730395,339,104,7,3.12244301049595,74.22956272139632,21.655666283769765,1132.7377432795236,6,2,0,1157.7117389512575,🟡 High Cost Overstock
2028-06-08,1025,4,128,0.1817070212934079,356,174,10,4.195139571044058,37.01706359614371,23.430074541845883,1530.4867508878283,6,3,0,1516.0929320609762,🟡 High Cost Overstock
2028-06-09,1024,4,127,0.3180942873302297,410,90,8,4.377156587476247,38.3323349620343,14.830784885303938,1832.9665358272955,6,4,0,1869.6565627399198,🟡 High Cost Overstock
2028-06-10,1011,5,132,0.4061407975678616,398,151,10,0.6288426713013868,44.42099432139318,19.582051572066007,294.7003774993451,6,5,1,293.686376296078,🟢 Healthy
2028-06-11,1004,2,107,0.4582676850551572,304,169,10,4.726216546498037,74.31430157283006,12.54039713341812,1511.0841317082334,6,6,1,1488.6207821385278,🟡 High Cost Overstock
2028-06-12,1097,4,138,0.4158848036842196,191,145,3,0.6950242998611588,91.15104739385856,8.177580283908082,223.90068866733984,6,0,0,243.73795483133898,🟢 Healthy
2028-06-13,1047,5,133,0.1781067740764216,118,107,7,3.2653340585368245,73.96541209015894,16.730077629448505,710.2259954392317,6,1,0,678.5300289193962,🟢 Healthy
2028-06-14,1036,2,108,0.3398745256912238,138,191,7,3.620243874268904,86.22513954753002,8.929433016990638,585.8187941966388,6,2,0,562.2308516227017,🔴 Reorder Required
2028-06-15,1078,3,114,0.2328693838125428,408,139,4,0.983053810255594,63.484847175557576,14.15198261607738,464.5708017598399,6,3,0,475.4417332183074,🟢 Healthy
2028-06-16,1043,3,103,0.1036822669562572,185,89,10,0.716053395241367,25.51385770761162,22.457586266566665,157.98373582726452,6,4,0,167.6691346154929,🟢 Healthy
2028-06-17,1099,1,118,0.1800883743154664,192,129,9,4.032104695028281,28.037296920680053,6.72036375127361,802.20139836611,6,5,1,810.6912475422652,🟢 Healthy
2028-06-18,1014,5,105,0.1452882599733797,388,118,1,2.231017811588453,64.35135826935323,5.608570713292993,929.986269165673,6,6,1,945.5817970861923,🟡 High Cost Overstock
2028-06-19,1042,2,113,0.4370876494157875,236,116,1,0.9820063189180566,46.22407749136877,17.129556947637752,277.9775687560301,6,0,0,283.9307193002265,🟢 Healthy
2028-06-20,1047,4,123,0.2034025008591248,60,142,5,3.932005173744389,37.645445890955415,11.621226531897902,1005.7030278251866,6,1,0,1000.8581074181831,🔴 Reorder Required
2028-06-21,1086,3,121,0.2138791875550222,197,140,13,4.321233815646293,57.30055418420967,13.358754138518306,908.5836158665294,6,2,0,952.5738618656354,🟢 Healthy
2028-06-22,1069,2,132,0.4839746287195537,488,182,3,3.143237858414633,73.31973927234412,13.11421177316663,1607.219814178685,6,3,0,1589.7056609546942,🟡 High Cost Overstock
2028-06-23,1045,5,111,0.2516346892195409,341,164,10,1.2255656379559052,50.79935581886868,6.732404580191272,468.7172383618324,6,4,0,489.91550514527876,🟢 Healthy
2028-06-24,1042,1,113,0.1038342560577578,387,171,13,0.5685011217117086,84.20338057258733,5.071328653591891,304.2133146750186,6,5,1,302.3955881024393,🟢 Healthy
2028-06-25,1020,3,119,0.2135384593384546,447,117,9,3.6536111658587473,79.0818597257115,22.968464857285287,1712.2460508645715,6,6,1,1731.2106681285059,🟡 High Cost Overstock
2028-06-26,1022,2,135,0.147719832240725,491,199,5,2.9756285367139257,78.79319057276534,9.355971218074927,1539.8268020993028,6,0,0,1532.5002078159,🟡 High Cost Overstock
2028-06-27,1079,2,142,0.1411234246943415,87,112,7,3.428587137740358,98.81517517419108,13.521579837285769,1140.7891472083195,6,1,0,1103.7127056937957,🔴 Reorder Required
2028-06-28,1046,2,113,0.1309949160542998,394,154,1,4.15933101589818,43.61839818973078,24.43851593342157,1682.394818453614,6,2,0,1636.3467574508122,🟡 High Cost Overstock
2028-06-29,1014,5,114,0.3373037880701509,257,124,2,2.4540249964683745,71.57804690727161,21.53525163967305,702.2624709996438,6,3,0,690.8868569551679,🟡 High Cost Overstock
2028-06-30,1024,5,120,0.1757390894519434,259,123,11,1.060319609751292,88.43826721282508,7.158617105254043,363.06104613840967,6,4,0,358.5057273564691,🟢 Healthy
2028-07-01,1035,5,120,0.2444971176164042,50,80,12,4.729924784258719,66.36195471311288,15.170380632251714,1364.7848381836689,7,5,1,1353.8823273123257,🔴 Reorder Required
2028-07-02,1074,4,116,0.4448070864520067,409,132,4,2.953679572610858,83.16017408923142,19.60158052990032,1291.2151192870724,7,6,1,1268.207999576593,🟡 High Cost Overstock
2028-07-03,1050,2,108,0.2697352559185103,114,126,9,3.268823535898431,53.15617486719298,18.96785569998425,425.80205795961416,7,0,0,442.61621459175126,🔴 Reorder Required
2028-07-04,1014,3,128,0.4662765400206551,50,112,5,4.70035143298288,67.23930765238437,20.216837048089403,1879.170169052502,7,1,0,1856.8368021746155,🔴 Reorder Required
2028-07-05,1067,5,125,0.2991752213582425,292,146,5,4.692126453396184,24.45331142434626,14.149093097760703,1394.554235816032,7,2,0,1398.2812054393585,🟡 High Cost Overstock
2028-07-06,1020,5,123,0.2595346459359023,430,169,9,3.074425730276781,98.86140846598506,8.518458586605641,1420.864472485001,7,3,0,1411.455067260984,🟡 High Cost Overstock
2028-07-07,1012,2,119,0.4001555708362806,365,94,8,1.8392514112464171,84.00147851587337,14.297448878387453,755.3282436208157,7,4,0,748.7853336455609,🟡 High Cost Overstock
2028-07-08,1085,5,120,0.1292700395072008,74,184,2,4.987011353057326,89.50472573051596,17.95774498346584,1284.5998350961868,7,5,1,1276.0002475082565,🔴 Reorder Required
2028-07-09,1018,4,127,0.1357913531929669,396,93,7,3.563676904790912,75.5435422514357,17.17184173210336,1486.7595965486366,7,6,1,1469.9043273140046,🟡 High Cost Overstock
2028-07-10,1033,4,128,0.3607894855691843,443,102,1,2.3379650460142543,34.88400262469596,6.410441075772148,1070.6025180090107,7,0,0,1075.9707621287928,🟡 High Cost Overstock
2028-07-11,1077,5,147,0.2947762852956993,99,133,10,3.0192656128411537,22.48227539344258,6.299048681643836,623.7439077836209,7,1,0,638.3663817031618,🔴 Reorder Required
2028-07-12,1067,2,118,0.416166100127684,445,199,11,2.371253226206133,89.17252861888109,24.30515662310424,1144.3802142806103,7,2,0,1145.6991107437989,🟡 High Cost Overstock
2028-07-13,1051,2,119,0.4665083349374126,397,87,11,4.497373185334913,51.70645229888984,8.036109100795422,1837.1636068768505,7,3,0,1847.5261754769697,🟡 High Cost Overstock
2028-07-14,1026,2,145,0.255346751068619,290,133,9,2.6712471868958576,41.1091900831936,10.889249280234438,815.7708742829923,7,4,0,816.0423345418512,🟢 Healthy
2028-07-15,1028,1,115,0.3385640106338585,81,115,3,4.205877691915612,64.93383670711555,20.35268964312331,1097.6013776184727,7,5,1,1013.3081573258216,🔴 Reorder Required
2028-07-16,1027,5,114,0.3002786511181239,82,163,13,4.280793340203518,53.67188179805755,13.193541516463496,826.8902642215779,7,6,1,817.5972395348389,🔴 Reorder Required
2028-07-17,1034,2,134,0.4926442622569732,249,131,2,4.209495519808618,72.13327965500456,8.629297065200653,1120.2976640873503,7,0,0,1096.7097809995923,🟢 Healthy
2028-07-18,1007,4,114,0.4324337629426381,283,85,4,3.749848756140535,58.70345864436109,14.344647646195629,1119.9106566321325,7,1,0,1136.6474753309758,🟡 High Cost Overstock
2028-07-19,1015,3,118,0.4646950833109414,75,176,4,4.346949725634119,75.77865123522164,16.378999415267316,1106.0968555142751,7,2,0,1095.3770516903758,🔴 Reorder Required
2028-07-20,1035,3,119,0.2017360350310416,91,107,3,2.2425331083033617,88.27386156073143,14.055332185561513,685.8936756120597,7,3,0,694.1352066504826,🔴 Reorder Required
2028-07-21,1029,2,105,0.4090105692650377,483,129,2,1.0159844276388217,35.644560876463125,23.37892150944218,526.365039426014,7,4,0,522.8234293358598,🟡 High Cost Overstock
2028-07-22,1017,3,136,0.2061892899990595,110,117,5,4.291043919676316,46.35463044523895,10.693985901990086,796.4130950613758,7,5,1,785.9383709399543,🔴 Reorder Required
2028-07-23,1001,3,117,0.1834970133713559,90,109,4,2.741757870593054,54.94524692565111,18.22664321399342,793.8228220568483,7,6,1,791.2110736342106,🔴 Reorder Required
2028-07-24,1048,1,116,0.4777064638622204,490,189,5,1.0731921463753296,96.96467584221104,7.245894428197954,622.8288275661225,7,0,0,611.8817687380453,🟡 High Cost Overstock
2028-07-25,1076,4,108,0.1077217666871466,179,186,13,1.0189063498190358,49.22668908379882,12.84570915328053,231.61092570140625,7,1,0,235.9736397212653,🔴 Reorder Required
2028-07-26,1003,4,119,0.4861554814653719,404,160,12,1.2165907730445171,50.48798796741036,19.81986503169947,541.9906602773952,7,2,0,535.6096116410309,🟡 High Cost Overstock
2028-07-27,1089,1,129,0.1597047587955224,403,152,12,3.879379668501976,72.2778018367649,9.49633881178931,1635.6678082430612,7,3,0,1651.2860118455117,🟡 High Cost Overstock
2028-07-28,1088,1,135,0.4277752327173073,247,171,8,3.698855030598265,53.53597679119594,16.79542091308825,967.1531693489676,7,4,0,934.5655475081242,🟢 Healthy
2028-07-29,1093,3,140,0.2103690212272412,336,133,11,1.4171840608319746,96.09789965116842,8.068740584181207,572.2717440907119,7,5,1,582.6011223926239,🟡 High Cost Overstock
2028-07-30,1074,5,120,0.2402809309722909,200,150,2,4.311155381494078,91.55750083803552,7.054033827227421,953.7885771368512,7,6,1,978.0584009923455,🟢 Healthy
2028-07-31,1006,3,103,0.186703084528794,253,125,9,1.765826579877102,61.07270222205384,15.464654978500851,507.8268269309607,7,0,0,544.8971402180613,🟡 High Cost Overstock
2028-08-01,1094,1,108,0.3342056169924319,231,107,10,4.068435124917263,71.58201871582799,18.50021992172057,1011.3905325717158,8,1,0,1024.5121138709087,🟡 High Cost Overstock
2028-08-02,1073,4,138,0.2392382190031496,420,96,1,2.6996265848072385,24.642444950689644,7.267341324689669,1158.4856105697295,8,2,0,1145.839581351475,🟡 High Cost Overstock
2028-08-03,1038,3,128,0.3629572157978653,461,183,8,3.791969071423547,75.65844224259185,23.3555250474583,1823.7561841688475,8,3,0,1790.1091823112906,🟡 High Cost Overstock
2028-08-04,1012,5,138,0.1062589271768263,256,127,12,2.2162444838310464,76.57606983592258,9.515445253949338,643.9346576966705,8,4,0,629.6688473306241,🟢 Healthy
2028-08-05,1030,3,125,0.1257499534060158,196,123,5,2.062132686926492,48.73594365145664,7.399506163186,452.913950289049,8,5,1,446.305438378786,🟢 Healthy
2028-08-06,1070,2,125,0.1398644610924994,253,187,2,4.286118195316996,37.57463069002181,9.05397816700421,1121.9625341052215,8,6,1,1130.266011831356,🟡 High Cost Overstock
2028-08-07,1062,3,136,0.2675974741240924,97,139,8,0.6588601453133134,93.20627214536134,8.39144913063684,484.3822223355895,8,0,0,454.6104959726667,🔴 Reorder Required
2028-08-08,1055,1,122,0.4259184690639904,307,139,5,4.886316262658784,54.13639206441022,6.81349301225898,1554.2354847006568,8,1,0,1565.5361295682915,🟡 High Cost Overstock
2028-08-09,1041,4,139,0.455271164151353,188,84,10,3.4168080121941804,72.29648838413685,20.95678469557415,714.6563946766428,8,2,0,707.3124282804421,🟢 Healthy
2028-08-10,1060,4,110,0.1979242960243603,221,148,14,2.4461752468974893,22.66630359810048,14.91075549488222,563.2710331624456,8,3,0,550.2583546303147,🟡 High Cost Overstock
2028-08-11,1041,1,129,0.3297478896956056,150,157,10,3.3262453901769136,53.1253733261469,12.770388807573656,552.0621818526839,8,4,0,554.8097753651181,🔴 Reorder Required
2028-08-12,1055,2,111,0.4073459970770402,236,149,13,1.0523342590654226,85.3807048811104,24.01255853968266,333.73159002055013,8,5,1,326.33969141453616,🟢 Healthy
2028-08-13,1035,1,131,0.2155317719678434,433,86,14,2.813236048820964,51.006080032057206,12.420167741295815,1269.1372891715348,8,6,1,1267.8287142742777,🟡 High Cost Overstock
2028-08-14,1083,3,137,0.2636030946945092,364,198,3,4.93292985502909,68.25289281095014,8.339454520943788,1863.839360041539,8,0,0,1849.8743008484948,🟡 High Cost Overstock
2028-08-15,1067,1,121,0.3095896810742856,425,132,7,1.558712470310181,36.78846403876315,10.480857838531923,699.24126392059,8,1,0,715.773061360187,🟡 High Cost Overstock
2028-08-16,1006,1,118,0.1539499385632191,343,96,4,3.750251445663572,53.32205190716476,9.779330671771929,1339.65829776977,8,2,0,1340.064799451723,🟡 High Cost Overstock
2028-08-17,1053,2,121,0.1103929174903121,458,138,11,2.457371191242653,94.21101744425494,14.974825591266097,1219.6870230333902,8,3,0,1205.3564511586235,🟡 High Cost Overstock
2028-08-18,1000,3,112,0.1611223237273133,412,88,11,3.436061668195791,65.31613997608298,10.83010247909148,1480.9735472727489,8,4,0,1470.652873041561,🟡 High Cost Overstock
2028-08-19,1043,5,123,0.3507414485014134,70,174,10,1.4219925291129896,92.15451672743453,15.321223443727236,1003.7188362828874,8,5,1,1023.2906922584017,🔴 Reorder Required
2028-08-20,1044,5,107,0.1294473046134726,347,101,12,2.61709242177921,92.16154395916348,18.38586849893578,1000.2926143165496,8,6,1,991.8482200935501,🟡 High Cost Overstock
2028-08-21,1046,4,126,0.1758785459400513,469,124,6,4.910417212366738,95.53182403395836,20.54597571426516,2398.5174966339587,8,0,0,2381.3155767792255,🟡 High Cost Overstock
2028-08-22,1012,1,120,0.2351415542781215,442,152,10,1.378792179572043,91.63133280640842,19.203155625344618,701.0574761772514,8,1,0,715.971026869103,🟡 High Cost Overstock
2028-08-23,1021,4,141,0.1311480257225465,445,138,8,3.364002625319407,20.26249032082405,9.11181432912722,1517.2436585879602,8,2,0,1519.6786352991483,🟡 High Cost Overstock
2028-08-24,1020,2,124,0.1766797084646537,59,159,1,3.090189869450579,94.72119132652776,7.3179943848550755,752.7120286396919,8,3,0,735.9614976438827,🔴 Reorder Required
2028-08-25,1085,5,109,0.4645079155934044,236,179,2,3.042732138306815,30.99675512683011,15.84900318202502,749.0815397672384,8,4,0,760.4075986174694,🟡 High Cost Overstock
2028-08-26,1091,1,123,0.1077196528907939,182,177,14,3.268054803432277,23.194100088892043,8.978235824162903,617.9800743135664,8,5,1,605.100373322739,🟢 Healthy
2028-08-27,1008,2,125,0.3613727696697448,82,188,13,2.7600708815970263,24.431082766244224,6.698674435430265,538.7998957807017,8,6,1,532.6278082222512,🔴 Reorder Required
2028-08-28,1025,2,127,0.2537635723660739,118,92,8,0.5761883761594611,47.91329561411469,15.541886859588343,255.78050573722615,8,0,0,248.16163287878948,🟢 Healthy
2028-08-29,1008,1,129,0.3690594957729485,129,162,7,4.550435651584031,69.6643268215035,11.535883702155909,656.6705258758434,8,1,0,681.3855748440477,🔴 Reorder Required
2028-08-30,1014,2,110,0.3354766881453618,240,91,10,4.221404723678139,52.1848957215198,20.12298023877008,1065.3220294042733,8,2,0,1069.5611694372838,🟡 High Cost Overstock
2028-08-31,1009,1,116,0.1893995017418577,150,115,9,1.283754564145046,22.04434277195036,11.28383261096836,214.60752739370727,8,3,0,227.61900306321252,🟢 Healthy
2028-09-01,1087,1,132,0.4388837950293555,334,89,2,2.3597292982049107,58.11861073397718,24.57434274111628,846.2681963344174,9,4,0,827.2722791428206,🟡 High Cost Overstock
2028-09-02,1041,3,123,0.2967761530437427,451,95,8,3.967470413121056,55.3704593816304,20.170463825214163,1844.6996156992263,9,5,1,1823.5523013719187,🟡 High Cost Overstock
2028-09-03,1071,4,111,0.4290144075653886,270,171,6,4.910280419242779,80.54794124013175,6.153864429777243,1406.323654435682,9,6,1,1403.593040926894,🟡 High Cost Overstock
2028-09-04,1023,2,127,0.2624050144752877,439,199,1,4.780116708988039,42.369031874035066,15.177454807125525,2140.840267119784,9,0,0,2134.8179182668155,🟡 High Cost Overstock
2028-09-05,1079,2,112,0.4938742215660956,102,98,4,4.547116398542784,37.40249390354937,16.252410024282206,663.7324667977354,9,1,0,663.3008126991832,🟢 Healthy
2028-09-06,1048,3,114,0.4081957434005185,209,183,14,1.2126825378461283,40.4751166141301,18.906054213631958,293.92576702397093,9,2,0,294.0533473369914,🟢 Healthy
2028-09-07,1025,3,112,0.4863800820450293,429,85,2,4.615137977040522,44.29918581038784,14.955935940675165,2024.193377960772,9,3,0,2001.1119235640917,🟡 High Cost Overstock
2028-09-08,1090,3,127,0.3057305915639435,91,83,7,4.453002108279858,67.93318986937332,14.668871968291464,1001.2357725813332,9,4,0,996.6276213997036,🟢 Healthy
2028-09-09,1036,5,103,0.2894764529162802,96,109,9,2.1962746002487528,57.72203883616639,12.358772233552257,355.0758060949124,9,5,1,396.6496886993817,🔴 Reorder Required
2028-09-10,1067,5,103,0.4021815237301032,208,182,6,2.2753516754131797,46.95156521432463,10.429227677983476,520.224713700266,9,6,1,500.89334381691657,🟡 High Cost Overstock
2028-09-11,1049,5,103,0.452116505205372,495,174,4,2.569590148798224,49.94513266269428,23.92400423953469,1321.8922563178148,9,0,0,1349.327096925348,🟡 High Cost Overstock
2028-09-12,1023,1,136,0.4856583183462232,233,125,5,3.4527903393488764,49.673892812718094,11.35193339268744,854.1740418810064,9,1,0,854.0659921244949,🟢 Healthy
2028-09-13,1018,2,100,0.2298207624129999,295,106,11,1.673760271923571,97.7925355768254,6.268426491606613,591.5518157942788,9,2,0,592.7094809253026,🟡 High Cost Overstock
2028-09-14,1099,4,120,0.4194818295370556,60,124,1,0.6032679324797511,38.6397590442362,8.345694785868245,575.577522145116,9,3,0,542.8898681800979,🔴 Reorder Required
2028-09-15,1059,1,123,0.1842582390542146,203,164,13,1.13553286068759,85.44492482178069,22.145532720825795,315.95809554136144,9,4,0,311.0267963736878,🟢 Healthy
2028-09-16,1038,2,124,0.3182297386981781,269,116,4,2.4805215840954817,76.65686700705496,16.732669182467678,743.9171731287396,9,5,1,768.2428755966098,🟡 High Cost Overstock
2028-09-17,1073,2,92,0.1719392593636796,204,88,13,1.769011562417908,20.445600448284047,20.575610987541317,381.3239591815373,9,6,1,392.11495012946654,🟢 Healthy
2028-09-18,1088,3,105,0.2389589447001355,388,140,10,3.940324524662593,99.45409745003904,21.17563092279389,1628.3000130191251,9,0,0,1617.9021628054095,🟡 High Cost Overstock
2028-09-19,1017,3,122,0.4725433468825837,490,114,3,0.9801053174717212,80.51514965068588,21.464728784221464,560.7667552118293,9,1,0,557.2187094494249,🟡 High Cost Overstock
2028-09-20,1018,1,139,0.1584362799092344,414,185,9,4.628593514996617,74.5959669080633,16.012274154892175,1990.8336821166629,9,2,0,1983.0268594513836,🟡 High Cost Overstock
2028-09-21,1035,3,124,0.3529603580540786,332,126,6,4.5289723097476,52.42597661413099,8.542411913982097,1556.044783450334,9,3,0,1538.4173349086336,🟡 High Cost Overstock
2028-09-22,1073,2,130,0.3371817091709613,236,195,4,4.589405676199797,64.41624711314317,7.964655044722835,1147.5159866962952,9,4,0,1123.4456059213626,🟢 Healthy
2028-09-23,1096,3,133,0.1482953410835946,111,100,3,3.82824499371497,40.26167165339761,16.47968840750225,827.7500109208088,9,5,1,824.8210720343309,🟢 Healthy
2028-09-24,1054,5,136,0.2303916175075248,197,96,12,0.9814998716761968,22.8386724116558,12.330287073713528,216.1941471318666,9,6,1,228.45437108197996,🟢 Healthy
2028-09-25,1068,3,113,0.3251926018061063,436,134,13,2.4716190711630506,86.88173267567782,16.160964824915347,1164.5076477027678,9,0,0,1182.1101818393847,🟡 High Cost Overstock
2028-09-26,1046,2,130,0.1748714435953961,193,167,4,1.0913241731245868,91.71875949449374,14.969556884757296,302.344324907539,9,1,0,315.99885333676644,🟢 Healthy
2028-09-27,1048,1,111,0.4202494625651262,152,174,8,4.944646367424872,32.99765092913919,17.043961593950968,784.5838987777197,9,2,0,743.1502122671225,🔴 Reorder Required
2028-09-28,1098,4,137,0.4888626038139,349,85,12,1.9986729052940295,82.96448766765863,5.642235814731307,780.501331615275,9,3,0,769.7353304224529,🟡 High Cost Overstock
2028-09-29,1097,3,122,0.1859037599849888,142,114,5,3.1339874385052795,79.29221386285269,5.656733612602467,524.3184301306023,9,4,0,500.0352200658272,🟢 Healthy
2028-09-30,1032,2,119,0.1747647859162303,335,129,13,4.007268744098998,34.270000154887235,19.431903416970176,1376.7050294280516,9,5,1,1365.2934774256937,🟡 High Cost Overstock
2028-10-01,1020,4,138,0.2819740287189778,473,116,11,4.642772379015405,53.74630420598351,8.862544876454397,2249.77763948027,10,6,1,2250.3751023323603,🟡 High Cost Overstock
2028-10-02,1080,4,117,0.3991061108560129,168,92,1,3.89996476628612,53.82063366672827,18.04396924384113,709.0147144027965,10,0,0,731.4397939874833,🟢 Healthy
2028-10-03,1021,5,120,0.2126402440941005,498,104,5,3.535267004448069,80.79714066441989,15.93151821582909,1841.3601088795583,10,1,0,1824.631741919196,🟡 High Cost Overstock
2028-10-04,1047,4,121,0.1079519634789121,78,175,8,2.5969180191716807,87.01287246208443,24.63588942809247,1348.9157233654516,10,2,0,1379.086217574583,🔴 Reorder Required
2028-10-05,1036,2,120,0.3164882512131576,79,80,11,3.224300601877358,27.58200971130968,21.708117577661245,1172.334577943732,10,3,0,1274.474857186524,🔴 Reorder Required
2028-10-06,1014,2,109,0.4826402271069231,409,128,12,0.9237371398377342,65.03753879233624,13.262690426626987,442.8460289859696,10,4,0,444.975373948895,🟢 Healthy
2028-10-07,1034,3,129,0.2565107421627782,415,114,4,4.477651438825681,80.93987975431082,17.3282564018633,1939.1652268669689,10,5,1,1944.788159319194,🟡 High Cost Overstock
2028-10-08,1091,3,124,0.2680538216732402,337,162,14,2.9469978897794844,82.89524752521268,7.345789144509441,1076.033536380899,10,6,1,1093.4893115672946,🟡 High Cost Overstock
2028-10-09,1070,3,126,0.4875606868456151,187,132,2,0.6806077269572421,31.839481954432717,12.72772085924762,159.113126895437,10,0,0,199.79110561542788,🟢 Healthy
2028-10-10,1031,4,116,0.3778430446506914,100,131,13,4.639559565469539,62.04041145206353,19.677754821797485,840.8404451477771,10,1,0,813.7515937200114,🔴 Reorder Required
2028-10-11,1010,4,124,0.3876687691368501,441,133,3,2.701858882265909,88.60469650901624,17.453431682573072,1280.1244635882822,10,2,0,1286.768167324208,🟡 High Cost Overstock
2028-10-12,1009,5,108,0.325080802148427,484,155,14,4.408651137024508,45.48148612682273,14.689426487547156,2179.268636446685,10,3,0,2202.8463476996803,🟡 High Cost Overstock
2028-10-13,1072,3,124,0.4898436843452967,341,183,11,4.355995793924106,54.00935191294377,8.530582081053382,1539.4039176410638,10,4,0,1570.3461979631695,🟡 High Cost Overstock
2028-10-14,1077,1,111,0.3755465937702225,283,183,9,4.170882143557017,84.3486809069066,21.06291852315089,1264.7083275335424,10,5,1,1238.037562087858,🟡 High Cost Overstock
2028-10-15,1076,5,127,0.4580131006420678,104,126,14,0.7763135868291023,27.145561694700984,10.46333208823154,348.53881275425306,10,6,1,346.6389494719762,🔴 Reorder Required
2028-10-16,1056,1,109,0.3797515462932884,468,122,7,1.61179990440894,88.75946319111826,21.40958163323819,843.0818184545021,10,0,0,837.0343649509803,🟡 High Cost Overstock
2028-10-17,1024,4,121,0.3940463299361584,341,99,3,4.439965426094439,44.89253733846472,17.23218125589987,1558.9207476366685,10,1,0,1569.6842079407338,🟡 High Cost Overstock
2028-10-18,1001,5,114,0.2161643688568986,289,112,5,4.5454597522344224,20.11602532729017,12.454628558975749,1333.753893723038,10,2,0,1348.2597126151238,🟡 High Cost Overstock
2028-10-19,1063,5,107,0.2213914792055276,361,172,3,2.5613098806596275,38.73273160450866,5.81210443919983,963.3655985226342,10,3,0,958.6848596026242,🟡 High Cost Overstock
2028-10-20,1034,2,130,0.4131938598304117,85,95,10,2.4801866044439103,27.16005127164052,9.648376886887537,672.1528725593121,10,4,0,675.8190779241435,🔴 Reorder Required
2028-10-21,1006,4,105,0.2186825156679598,138,157,4,1.2881328524876738,27.39079255969953,22.78141850976328,205.1531262029985,10,5,1,206.67179200492492,🔴 Reorder Required
2028-10-22,1084,4,137,0.3251080283206127,261,86,12,4.857848549110181,75.42685873140732,21.35948687791435,1343.3253300491644,10,6,1,1360.3602346994348,🟢 Healthy
2028-10-23,1017,5,124,0.1997409243626808,494,149,8,1.4591231391156942,37.118106851125184,16.497066258681958,757.9249375742781,10,0,0,745.3338747331949,🟡 High Cost Overstock
2028-10-24,1066,4,121,0.4267933523236278,367,100,14,1.359215529578445,94.7793890381586,14.32644927924254,593.6114883934479,10,1,0,610.6332993901785,🟡 High Cost Overstock
2028-10-25,1041,5,126,0.144200540491076,414,115,3,3.4732803656712843,61.31556372730432,17.942853586602183,1499.2536351152162,10,2,0,1477.2028261215082,🟡 High Cost Overstock
2028-10-26,1038,2,151,0.4317786559046658,294,165,3,1.5927993635020146,56.807860636393485,14.32496255686603,525.0908735059858,10,3,0,555.7133660761306,🟢 Healthy
2028-10-27,1040,5,127,0.3410919202030407,136,183,11,4.724472249564754,54.742681457612136,17.886096814382807,697.2709073984187,10,4,0,706.9097656926333,🔴 Reorder Required
2028-10-28,1074,4,109,0.1747638139308309,458,133,11,0.5490814789300766,75.40701117373055,11.148081993203158,326.88632852370563,10,5,1,343.79292951820736,🟢 Healthy
2028-10-29,1023,4,120,0.3168141542024473,289,98,8,0.5258896804548558,56.18102100188867,21.769944358229505,208.163138653342,10,6,1,215.22916029717828,🟢 Healthy
2028-10-30,1059,5,134,0.2129995347389361,369,104,10,2.771945606460198,30.288028498015347,19.038357869305333,1053.1359572818285,10,0,0,1072.3656491679494,🟡 High Cost Overstock
2028-10-31,1045,5,130,0.2293869338921986,237,146,13,2.696281069610624,90.41377445126052,11.599512568553836,729.4323879489784,10,1,0,714.1195405868489,🟢 Healthy
2028-11-01,1018,5,129,0.2406112166387521,106,179,10,1.2351380985540972,54.27162791405269,21.613322296468823,682.3026791795699,11,2,0,665.1916626904938,🔴 Reorder Required
2028-11-02,1067,3,132,0.1253276987889283,162,188,7,2.72533803336628,25.9203660559602,14.74685061706358,467.4251274612975,11,3,0,485.94838000454354,🔴 Reorder Required
2028-11-03,1089,4,121,0.4943846737605669,272,132,7,2.352474973264939,62.34927899982089,8.49277729474923,702.2224717278842,11,4,0,727.6459266446806,🟡 High Cost Overstock
2028-11-04,1041,4,119,0.1126138512524896,119,177,10,4.50648286404066,71.78774867645627,6.554249240070533,608.0592094972948,11,5,1,634.6962636423447,🔴 Reorder Required
2028-11-05,1031,3,107,0.3649987492737113,276,154,2,0.5416426409763356,42.04659713262068,18.99211495274441,191.53996604208933,11,6,1,184.99713430705447,🟢 Healthy
2028-11-06,1038,5,126,0.2484910591029722,305,127,12,4.893214122648285,84.02723261390739,22.30241608416021,1576.4575400216345,11,0,0,1548.0972214446097,🟡 High Cost Overstock
2028-11-07,1035,2,92,0.3584041163786796,229,121,7,3.3097674393312912,73.5820676829891,21.148839771890877,831.5188112898547,11,1,0,842.6416531497883,🟡 High Cost Overstock
2028-11-08,1096,5,141,0.2424993012350335,233,126,10,1.1832955054037404,72.02729354115468,18.11302060444304,347.7351463002262,11,2,0,358.66680574383514,🟢 Healthy
2028-11-09,1035,5,123,0.3695002585035435,240,170,11,0.7104200621502481,53.665996229423534,7.82750111209536,224.16681114548308,11,3,0,238.49481003526347,🟢 Healthy
2028-11-10,1002,3,134,0.3916942037873443,281,121,10,2.9214754635165434,96.95322411290304,6.880881519533071,917.8878293610518,11,4,0,913.5746342867287,🟡 High Cost Overstock
2028-11-11,1072,4,126,0.3762210561598579,325,81,3,1.5570057468731906,41.93513343593981,11.900592460234506,547.9620011697268,11,5,1,560.1648014202431,🟡 High Cost Overstock
2028-11-12,1007,5,125,0.1455847925432609,282,85,14,1.8552449165056664,66.21644008123621,22.098217807975374,589.3955065358342,11,6,1,599.2549336801109,🟡 High Cost Overstock
2028-11-13,1096,4,132,0.3627572938618738,103,125,7,1.6030947417553112,44.724412597809405,24.234725406133283,912.6502077764716,11,0,0,892.858335156016,🔴 Reorder Required
2028-11-14,1069,1,119,0.2119950197816389,306,145,13,3.4257754110762986,79.58438023772432,9.827217096941425,1127.8716560270718,11,1,0,1118.72361838033,🟡 High Cost Overstock
2028-11-15,1040,4,114,0.1115205482277334,139,185,4,2.990880329522601,23.823318709609715,20.2419134116344,439.55568451325126,11,2,0,432.5761166222519,🔴 Reorder Required
2028-11-16,1067,2,116,0.2659322687555816,275,160,13,0.8508849058481518,23.671509430003937,16.477384338144113,257.66485853824565,11,3,0,255.24822816147548,🟢 Healthy
2028-11-17,1012,2,139,0.2734172411215204,296,119,8,2.8693693992882894,84.86887756150331,5.636147341558855,934.2022197508368,11,4,0,940.918512305052,🟡 High Cost Overstock
2028-11-18,1048,5,124,0.2868696533409786,443,137,8,4.06035394503485,54.741452885093686,15.858326998658796,1853.478250535532,11,5,1,1856.6315927372445,🟡 High Cost Overstock
2028-11-19,1059,4,115,0.3819296661562865,200,191,6,0.8653756586914594,47.29440436802846,21.118808059787103,220.36953610632037,11,6,1,215.1257011420397,🟢 Healthy
2028-11-20,1001,5,117,0.2235375236569836,484,157,13,4.50382539303689,68.60214897402707,10.52245566688053,2248.4536392038817,11,0,0,2252.9205836956858,🟡 High Cost Overstock
2028-11-21,1059,3,140,0.226112205241569,162,153,12,3.102379922514781,76.15194750951788,22.94723247940922,578.7374949569124,11,1,0,563.6136793952377,🟢 Healthy
2028-11-22,1004,2,104,0.1242209024965042,457,188,3,4.777810111716425,36.09610774755253,9.725208137492736,2219.555328801959,11,2,0,2200.8285957220373,🟡 High Cost Overstock
2028-11-23,1043,5,118,0.3747284863969183,318,112,6,1.1666354797506904,34.834499312378526,6.529462652881087,405.82458187309805,11,3,0,423.6050998914084,🟢 Healthy
2028-11-24,1026,3,124,0.3271304365598336,206,185,6,4.971042497089918,96.65205982079053,8.198786188791281,1120.6868142213136,11,4,0,1123.2458749042721,🟢 Healthy
2028-11-25,1031,5,121,0.2397700450775152,491,141,3,3.399227896863546,67.17314451076555,21.740057374418367,1736.1940418707666,11,5,1,1743.2099516727703,🟡 High Cost Overstock
2028-11-26,1020,4,114,0.3820755915669419,415,197,11,3.0537238976647827,51.20931818354145,13.346118380790566,1318.5047357144265,11,6,1,1297.4637268057427,🟡 High Cost Overstock
2028-11-27,1007,4,119,0.3149430996907508,396,91,4,2.818758308504384,84.11533557356051,20.938911272433156,1200.3436257412966,11,0,0,1192.6891039008478,🟡 High Cost Overstock
2028-11-28,1071,4,135,0.2876979783482158,400,175,2,0.6064446789424074,62.01271670223338,15.624661219791902,304.5905882791964,11,1,0,282.21957909342757,🟢 Healthy
2028-11-29,1049,4,138,0.3045298174644506,348,128,1,4.728376361973101,39.33302482996651,14.611182495888627,1684.8079987966055,11,2,0,1707.1441472705615,🟡 High Cost Overstock
2028-11-30,1066,1,112,0.3545392501068226,443,167,2,3.397975127843893,36.53882445132591,21.138263029849305,1541.8418060861702,11,3,0,1550.7601858575701,🟡 High Cost Overstock
2028-12-01,1043,3,137,0.3640010418298398,208,157,7,0.9123191802468104,51.74874129358574,13.46975223424752,241.51113078492236,12,4,0,257.77597842854186,🟢 Healthy
2028-12-02,1057,3,137,0.2155831276562868,379,84,10,0.5942847663253621,88.79166882079036,21.040654621327366,314.0255952581026,12,5,1,306.70324766555433,🟢 Healthy
2028-12-03,1002,4,146,0.1562973453564613,274,130,5,0.728526376565381,24.915833283540717,7.013243299268912,224.5320604624551,12,6,1,222.70204623185128,🟢 Healthy
2028-12-04,1085,1,127,0.1626536724762075,63,148,9,3.2422809354450832,37.48208006038105,17.72621631078513,1376.2236228836696,12,0,0,1384.3880064399618,🔴 Reorder Required
2028-12-05,1069,4,119,0.3557563543612007,404,190,3,3.2630693670256337,91.45214550820732,19.05174113103969,1409.7321697865632,12,1,0,1396.0190902765682,🟡 High Cost Overstock
2028-12-06,1001,1,127,0.4491493143068504,158,111,2,2.748502813016485,29.73876551754004,22.98194792283485,464.0022099741447,12,2,0,456.71475421945803,🟢 Healthy
2028-12-07,1086,4,122,0.2637985113382207,467,188,4,1.8804461929382816,70.37005746113347,9.486478374323898,948.5384295633112,12,3,0,944.3593055936853,🟡 High Cost Overstock
2028-12-08,1043,2,146,0.1678080641317849,450,128,2,2.892842292265886,37.08090944968201,17.08439760185703,1338.8599409693306,12,4,0,1333.030655707567,🟡 High Cost Overstock
2028-12-09,1001,2,109,0.4026409993175418,454,176,11,2.8233581939431605,68.46934780095107,13.66513127378446,1350.273967851146,12,5,1,1336.6150363720387,🟡 High Cost Overstock
2028-12-10,1080,5,117,0.4329957897677794,145,139,7,0.5873700194445453,50.64833334753857,12.65543311088058,135.81698616699762,12,6,1,168.012543356874,🟢 Healthy
2028-12-11,1034,4,120,0.4522329772483866,244,125,10,1.7711115364737413,28.13415171447935,7.134271104239149,460.28536661407225,12,0,0,461.60064737345505,🟢 Healthy
2028-12-12,1097,3,127,0.3427325715654933,107,147,6,0.7393340366021727,66.59800540432852,7.6846666118988445,299.4000795587379,12,1,0,282.46589550144074,🔴 Reorder Required
2028-12-13,1086,5,102,0.4442914237552339,441,173,8,4.55069638151445,74.64341976676688,21.739769228952927,2081.5005240146397,12,2,0,2074.1443996383355,🟡 High Cost Overstock
2028-12-14,1029,2,108,0.106165983379363,401,120,13,3.763504232533109,74.42180951726422,19.995068646511243,1583.587006763041,12,3,0,1527.1839259946757,🟡 High Cost Overstock
2028-12-15,1007,4,111,0.1428943207078094,343,160,5,4.982518265868105,70.96275272581677,12.64682260582201,1779.9665179185768,12,4,0,1789.915004887853,🟡 High Cost Overstock
2028-12-16,1021,5,115,0.1370304268208395,203,146,2,1.8597706848737956,60.01798247484366,21.569731627792617,437.5514315042241,12,5,1,432.17616581011464,🟢 Healthy
2028-12-17,1043,4,105,0.3850418737018932,113,92,13,4.453186314906096,61.557809348746055,6.6153236964715685,564.767862933135,12,6,1,563.1878066900193,🟢 Healthy
2028-12-18,1057,2,106,0.1278327134174316,207,187,4,3.213744205696168,70.85120878463677,17.495478340663375,736.0962593637436,12,0,0,733.2711162349499,🟢 Healthy
2028-12-19,1035,5,137,0.2985457489865228,314,191,1,2.539064331066222,75.22074893973128,22.36352105428577,872.4869488945251,12,1,0,856.7464108635852,🟡 High Cost Overstock
2028-12-20,1068,2,120,0.2890827594545156,170,179,2,1.501579000798858,72.39013910651082,21.77728462062499,327.6585692423166,12,2,0,328.712074255842,🔴 Reorder Required
2028-12-21,1076,1,121,0.2242814094232963,337,97,4,3.822764743787643,66.95564519307614,12.455655198837196,1355.227363849512,12,3,0,1373.9325846343643,🟡 High Cost Overstock
2028-12-22,1092,2,122,0.44816206797684,60,166,6,4.5686333700693496,32.46711878432947,19.904677061139783,1540.675098779157,12,4,0,1544.2610094716351,🔴 Reorder Required
2028-12-23,1030,4,104,0.1681732807519984,263,178,4,1.5588877913391683,36.84932307942894,13.549362910397551,446.8368122016302,12,5,1,468.10272735933694,🟢 Healthy
2028-12-24,1046,3,118,0.2409851137596959,211,192,4,1.2892565073812563,40.81792168282787,21.80276328779899,312.85104474027304,12,6,1,322.84575820741156,🟢 Healthy
2028-12-25,1054,2,130,0.4096686000091717,154,176,14,3.632998617521901,93.57293256700018,15.61523900310046,653.054719665373,12,0,0,664.0728296855021,🔴 Reorder Required
2028-12-26,1079,3,103,0.1121689257573137,451,130,11,4.896379232264836,80.75160734375731,20.29714098210082,2289.0186410951983,12,1,0,2258.7628721880683,🟡 High Cost Overstock
2028-12-27,1061,1,131,0.3691801600985475,196,197,10,3.874797954968351,64.22934556295026,6.571431645833434,823.6897447367471,12,2,0,824.6396244729099,🔴 Reorder Required
2028-12-28,1029,5,123,0.4265590905446282,231,115,10,1.78061332571442,40.16455428352374,16.800519432177257,451.4862325235548,12,3,0,465.15491959816325,🟢 Healthy
2028-12-29,1054,5,116,0.4729071355352668,387,160,2,2.389799408665035,28.87132185953369,16.005683549386774,953.7236930129023,12,4,0,979.1350089932927,🟡 High Cost Overstock
2028-12-30,1015,3,120,0.450518656196594,86,182,9,2.2294293595626726,91.90073807839798,17.199534434703203,868.4158337806967,12,5,1,796.1583152816615,🔴 Reorder Required
2028-12-31,1011,5,108,0.2277536467334741,131,113,12,4.334427581211704,91.41328126583336,18.9128321583118,659.2232944045667,12,6,1,662.1468586102393,🟢 Healthy
2029-01-01,1016,2,131,0.334545656529181,61,91,10,3.971168504925007,28.855647655655325,23.36217940068284,1906.4494845038796,1,0,0,1858.4542543419745,🔴 Reorder Required
2029-01-02,1015,3,130,0.1309173972601863,53,84,8,3.150389456426841,83.77733328771969,20.71364163552062,1845.69838041343,1,1,0,1858.4118783250647,🔴 Reorder Required
2029-01-03,1011,4,112,0.2031480014192034,92,127,8,1.7373159967860643,55.73160554479301,9.392759828698091,403.4198738230728,1,2,0,407.6960526023809,🔴 Reorder Required
2029-01-04,1007,2,136,0.1376889514990029,460,183,5,4.720948374749253,45.91735462644321,21.51792538584192,2217.5536070111,1,3,0,2183.207453387166,🟡 High Cost Overstock
2029-01-05,1083,2,135,0.2260749160615855,100,198,3,3.43991851146116,79.12836289669657,7.441593552301913,683.5759883733795,1,4,0,682.6549947034025,🔴 Reorder Required
2029-01-06,1002,2,125,0.4500748853834916,310,170,6,4.8671449089880205,69.14636328485844,17.44397171350139,1577.9612850711446,1,5,1,1582.8751314599435,🟡 High Cost Overstock
2029-01-07,1015,4,120,0.238866735869717,183,119,14,3.1105266486891385,82.40240860746698,22.655076164918864,651.6287853175794,1,6,1,652.2763588833657,🟢 Healthy
2029-01-08,1029,1,120,0.3247592412005705,136,92,9,4.195367412636263,25.946308850634967,7.022441084298079,596.5162769691667,1,0,0,612.0220649911215,🟢 Healthy
2029-01-09,1022,5,108,0.2733523392459763,411,105,8,4.158974207275371,45.48696159659652,21.99385306620521,1754.825360786774,1,1,0,1750.756676530674,🟡 High Cost Overstock
2029-01-10,1091,3,107,0.2835666097194941,105,93,7,2.017979495751164,45.54534803333886,20.972414684604917,299.3780244564209,1,2,0,311.7152909752119,🟢 Healthy
2029-01-11,1004,1,156,0.4878288207346233,266,175,14,4.838093253307527,46.38024738302124,15.075508676781414,1333.3130527628234,1,3,0,1382.5142801962313,🟢 Healthy
2029-01-12,1083,3,112,0.2184617873055432,415,90,11,0.598736604189038,60.198389811504434,11.177952045908082,308.6740805499552,1,4,0,318.05852189624085,🟢 Healthy
2029-01-13,1064,5,123,0.3509297878092685,117,117,8,3.959199089453364,42.64110424647579,13.108764561430878,584.5199850811046,1,5,1,579.1693576381826,🔴 Reorder Required
2029-01-14,1029,4,130,0.2680250678317788,401,159,4,4.845006885938197,55.55068880700158,24.373162714004238,1998.3984500682184,1,6,1,1996.4350336596933,🟡 High Cost Overstock
2029-01-15,1020,2,111,0.1244584724190744,93,198,6,2.025086914776753,49.42220744923326,9.033951123036928,400.366410738136,1,0,0,408.6191647759588,🔴 Reorder Required
2029-01-16,1083,2,142,0.2957323326496944,192,136,14,3.416497645059374,78.8236838416409,16.592085756597903,734.7912316930407,1,1,0,731.2842483164694,🟢 Healthy
2029-01-17,1069,4,126,0.4253373316180433,395,101,5,3.030004624298948,68.28006365400401,6.664814957573677,1265.1318902520882,1,2,0,1263.0927054775557,🟡 High Cost Overstock
2029-01-18,1021,1,117,0.1395011874726753,91,190,12,3.926782893544357,72.29035458538523,9.357861283783445,672.9319912762912,1,3,0,691.1622217095735,🔴 Reorder Required
2029-01-19,1081,1,109,0.1278367389585236,188,95,2,4.397800647402736,36.84671152661156,20.26632776149041,863.6332332383259,1,4,0,864.2596753997899,🟢 Healthy
2029-01-20,1071,3,123,0.1614526081573066,122,156,8,3.2137005618479657,46.04017322615115,11.051980807210544,449.1636225788135,1,5,1,456.1557484892409,🔴 Reorder Required
2029-01-21,1031,4,130,0.4057600445557224,316,155,3,4.171570638716556,21.693235808965944,24.71532141125469,1339.9095576433976,1,6,1,1307.5365898666885,🟡 High Cost Overstock
2029-01-22,1032,1,114,0.3895981536578952,243,161,14,1.9052850915016484,28.66997658345359,15.0163408618768,491.65425381835416,1,0,0,479.0745056269188,🟢 Healthy
2029-01-23,1015,4,104,0.3260071075624442,204,108,5,1.528641764171676,41.20433855911099,15.330786506154856,353.04725845013286,1,1,0,339.20718355187716,🟢 Healthy
2029-01-24,1075,5,107,0.2872905616370529,295,161,8,2.438004602897781,25.237097704161684,5.726294786714705,744.448455559007,1,2,0,735.4379563006479,🟡 High Cost Overstock
2029-01-25,1037,2,125,0.4553303258810488,363,189,11,3.549814698113525,68.2105920283762,24.13053499154532,1356.7933274435857,1,3,0,1372.4657531144965,🟡 High Cost Overstock
2029-01-26,1097,2,137,0.406679129533393,267,81,9,1.3426112702242563,99.85040927390602,8.484668817688359,458.3276184237825,1,4,0,431.24031623535444,🟢 Healthy
2029-01-27,1013,2,113,0.4247769005207221,433,133,13,3.561584864683512,28.06521712523108,15.766811976208851,1570.2314635331918,1,5,1,1568.57028970991,🟡 High Cost Overstock
2029-01-28,1035,4,119,0.4253049205402617,302,81,9,2.273421418574303,85.6984170135412,12.913492199174632,772.2716854229807,1,6,1,762.5467244842228,🟡 High Cost Overstock
2029-01-29,1096,4,126,0.3570868618982232,326,82,14,4.080088732516844,29.50529978121177,13.311694014892115,1359.6142265817027,1,0,0,1363.0059581724709,🟡 High Cost Overstock
2029-01-30,1022,3,112,0.2832058497263783,326,172,5,0.6657611769648648,73.59312150371488,17.866003320722168,290.6312651942608,1,1,0,290.4478336041234,🟢 Healthy
2029-01-31,1065,2,117,0.4458711010342602,121,135,2,3.5059218702322754,71.45260824472138,18.241773541849547,495.6691545428267,1,2,0,499.2143980241345,🔴 Reorder Required
2029-02-01,1084,3,131,0.4704029670413002,178,151,7,3.4242005149248547,92.21735478489596,8.085772297161938,701.7250464415201,2,3,0,703.6437814804913,🟢 Healthy
2029-02-02,1001,2,112,0.1095224173033372,407,90,11,4.734209642563915,29.11564909444099,14.991733062437843,1955.9389736179544,2,4,0,1974.621058401002,🟡 High Cost Overstock
2029-02-03,1090,3,120,0.1206219493065005,235,155,11,3.710153991038317,45.235557286551824,20.80954898283714,917.1217451805564,2,5,1,902.011449345229,🟢 Healthy
2029-02-04,1072,3,108,0.483497318763375,62,111,7,4.083358533904765,27.26238082837486,13.86572967104459,918.2541747985214,2,6,1,926.7692406827468,🔴 Reorder Required
2029-02-05,1064,5,118,0.2108642455376779,378,83,12,4.570659571339258,52.59066606435471,8.316089416531602,1780.2999840305945,2,0,0,1761.0386544072467,🟡 High Cost Overstock
2029-02-06,1074,3,130,0.4493477758597675,269,88,13,3.537733632313945,92.9274538845956,11.264338863133814,1044.577800977047,2,1,0,1034.4365962883128,🟡 High Cost Overstock
2029-02-07,1066,4,122,0.2555180475845611,55,167,8,1.8056913573198856,82.52185208494849,9.247591282101403,801.4234926383363,2,2,0,807.5903753181361,🔴 Reorder Required
2029-02-08,1051,3,131,0.1476400230437422,288,192,8,4.4139820981258495,77.83200803562553,7.516349358296742,1349.05885229587,2,3,0,1344.111242733248,🟡 High Cost Overstock
2029-02-09,1061,2,127,0.1321772800837337,161,135,5,3.864101537641888,62.64220038901616,12.551622548707076,684.76254794936,2,4,0,684.6184876763483,🟢 Healthy
2029-02-10,1022,3,113,0.1626031596321825,277,95,1,2.4099692180040204,90.67885938684184,15.818724863961505,758.2403327739555,2,5,1,769.5184347953285,🟡 High Cost Overstock
2029-02-11,1025,1,120,0.1999572779469459,491,160,13,3.697381276924829,55.95534385930627,6.455030505532635,1871.3695508293977,2,6,1,1872.1060484239033,🟡 High Cost Overstock
2029-02-12,1067,2,112,0.2954073415723305,66,190,11,4.404599947315139,31.974853368051058,17.07646744456367,1108.195952340779,2,0,0,1115.0399932964922,🔴 Reorder Required
2029-02-13,1081,1,129,0.3805991602263134,122,195,13,4.890434591260722,87.00681784966234,24.86048880339215,857.6632596072155,2,1,0,877.3360232127152,🔴 Reorder Required
2029-02-14,1054,2,124,0.49455943059412,61,165,4,4.785581767815749,42.37106624413815,24.282498640401677,1864.088968426204,2,2,0,1854.5946091798405,🔴 Reorder Required
2029-02-15,1005,4,111,0.2766026973156684,135,150,4,1.9639752204386367,24.290683281955843,21.58346963998318,289.4273380411718,2,3,0,296.54357712359166,🔴 Reorder Required
2029-02-16,1034,4,111,0.3072739769372439,229,89,11,2.397621711731818,30.08304245350331,10.32682225604806,579.1384144400897,2,4,0,559.6440867761903,🟡 High Cost Overstock
2029-02-17,1021,4,124,0.3087262805533022,171,172,3,0.9929147223981708,68.72471329553186,5.448151929587346,238.51313082561904,2,5,1,234.51999637317587,🔴 Reorder Required
2029-02-18,1042,1,121,0.3157737421951744,253,115,8,1.613949291581207,68.5665571136938,21.67083405765702,476.8957278837392,2,6,1,485.9004379339733,🟢 Healthy
2029-02-19,1014,5,113,0.3070962628417849,119,103,3,4.470895438191276,40.81465368656276,6.114404639574264,572.8512108313246,2,0,0,582.8561238266738,🟢 Healthy
2029-02-20,1085,2,90,0.1035099020247671,157,143,13,2.123824668257116,78.17441183567833,9.112561629415408,411.61488475204544,2,1,0,381.6716020883698,🟢 Healthy
2029-02-21,1059,4,128,0.1006899288439363,250,135,5,3.2924869636769647,81.89121243196274,15.889064308935689,905.0129533512038,2,2,0,878.2405139273901,🟢 Healthy
2029-02-22,1011,2,130,0.1390665272504491,101,189,2,3.4968452823816496,93.64021009068946,8.56756078287287,695.2808463145493,2,3,0,703.3267481992324,🔴 Reorder Required
2029-02-23,1048,1,118,0.1406226413716715,86,157,6,4.018231738144904,66.79499989425895,21.67576662597284,1105.9874614058515,2,4,0,1091.789382295065,🔴 Reorder Required
2029-02-24,1041,5,127,0.3819587635819185,166,157,6,1.3226001361053394,82.35386913180582,20.543193925196583,301.90549172529217,2,5,1,314.85010904750396,🟢 Healthy
2029-02-25,1037,1,105,0.1819664130063999,308,168,8,1.87165910576496,80.2479743817307,20.115390114745,656.7189789573383,2,6,1,676.7648054870933,🟡 High Cost Overstock
2029-02-26,1081,2,114,0.4578856419022451,313,189,8,2.5175135365618124,40.62472387737543,21.32255231795153,828.6064608212228,2,0,0,824.0446486610552,🟡 High Cost Overstock
2029-02-27,1044,5,125,0.4714425318308078,443,101,1,2.141784775572231,44.818074235012745,9.394035605292242,993.628729813511,2,1,0,1032.67610235151,🟡 High Cost Overstock
2029-02-28,1034,5,124,0.4903573351583595,352,131,5,4.923073547868604,58.27859166022972,19.577847522994983,1791.2004805099784,2,2,0,1790.4841376301724,🟡 High Cost Overstock
2029-03-01,1029,1,128,0.4756325219548081,474,129,2,4.257233614461706,21.52311740233988,12.105630051835297,2039.4518506571883,3,3,0,2035.794931263851,🟡 High Cost Overstock
2029-03-02,1087,4,121,0.2087553287674098,113,126,10,2.6585903957921877,43.791821852617886,18.33689519136799,490.907698108079,3,4,0,484.24994252303713,🔴 Reorder Required
2029-03-03,1029,2,134,0.303910737881405,91,102,12,4.456708817389106,57.91062986753904,7.440434572623495,783.409818872758,3,5,1,808.1834594874475,🔴 Reorder Required
2029-03-04,1077,3,117,0.1701819880787764,92,175,5,2.064438264124836,28.6455436224915,19.1117316012903,696.3671539542338,3,6,1,666.4685088215409,🔴 Reorder Required
2029-03-05,1005,3,123,0.4224838620689732,174,169,10,4.036227457506191,30.10207102201004,24.44215455801559,732.4056486280872,3,0,0,760.4660420740404,🟢 Healthy
2029-03-06,1066,1,136,0.4553726820576385,442,194,12,1.5065401914790415,57.05893885898729,5.872007306374325,722.9497034927236,3,1,0,711.4620508137938,🟡 High Cost Overstock
2029-03-07,1079,2,128,0.4405155357190059,319,170,9,3.975449203518647,78.47720252687449,6.876578023341695,1346.6454984493228,3,2,0,1361.8195311625223,🟡 High Cost Overstock
2029-03-08,1006,2,146,0.273346779478734,396,188,4,2.554040314380777,86.69991447365464,7.472735346760277,1098.099878968443,3,3,0,1084.2016763316224,🟡 High Cost Overstock
2029-03-09,1051,1,123,0.4034695538747124,282,155,8,0.9837469444650906,63.70511180037988,13.611278098826023,341.12175013953544,3,4,0,349.9991897701977,🟢 Healthy
2029-03-10,1013,2,114,0.1390316678305078,181,162,1,1.7296810455001204,57.97991900373849,10.815603698661072,371.05218823926026,3,5,1,354.28392775911715,🟢 Healthy
2029-03-11,1072,4,122,0.1160979082477002,51,98,8,2.310235808106041,50.74244547678042,21.138403070813872,1669.3910897179735,3,6,1,1620.9405874516442,🔴 Reorder Required
2029-03-12,1014,1,104,0.4012945657235044,164,131,6,3.871818102489967,35.4359193950085,14.47574478401923,670.414088203363,3,0,0,666.1574458500019,🟢 Healthy
2029-03-13,1020,4,128,0.2701421097314734,50,113,8,0.8284222162892789,31.72496022514917,14.69074685377105,1219.024325633755,3,1,0,1215.2420182535602,🔴 Reorder Required
2029-03-14,1034,2,137,0.4982197058958276,380,175,6,3.4679614779168784,83.35171613294465,19.340762026507075,1401.1770777413583,3,2,0,1405.090448977772,🟡 High Cost Overstock
2029-03-15,1065,1,113,0.1389016863422129,114,108,11,3.722061384197796,57.20053057698689,12.239379650714914,481.5155283755357,3,3,0,503.97619694511445,🟢 Healthy
2029-03-16,1090,2,118,0.4422510726140934,479,140,3,3.4426461646658817,83.22561963838038,12.06414494840927,1732.2531325133375,3,4,0,1743.5500942771914,🟡 High Cost Overstock
2029-03-17,1001,1,122,0.2919932262115967,492,164,12,3.923013371754,76.32664287205037,20.138527752549606,2006.4492217750185,3,5,1,1972.9490478964547,🟡 High Cost Overstock
2029-03-18,1034,2,128,0.4308600782015508,174,114,11,1.3017587721027724,35.511673150670305,20.60083491673529,262.0176994965527,3,6,1,269.64689535189643,🟢 Healthy
2029-03-19,1081,4,104,0.426850912868058,305,185,8,3.141965097783668,60.82458113689806,5.28797545065639,1019.1239359609168,3,0,0,1009.961017309341,🟡 High Cost Overstock
2029-03-20,1077,4,114,0.466396800544831,440,84,5,4.73515226241746,55.521330433814455,7.875809516814661,2138.9883258974965,3,1,0,2146.404345129181,🟡 High Cost Overstock
2029-03-21,1019,2,102,0.2191400045144411,371,155,12,3.24852921412042,53.90988048725574,9.261963622969596,1259.1142189259317,3,2,0,1266.1259870788263,🟡 High Cost Overstock
2029-03-22,1081,1,133,0.4799197413848012,192,86,10,3.2510135612882887,63.40568393630511,12.032009375157529,687.6002877036565,3,3,0,680.9619793418744,🟢 Healthy
2029-03-23,1009,3,140,0.1606667841430481,377,120,5,3.8139783895097104,98.56655208603505,10.82896166863906,1536.4364049311955,3,4,0,1545.1796667818962,🟡 High Cost Overstock
2029-03-24,1024,4,124,0.1327875110373962,295,81,12,1.9994190445663655,85.03204781365963,18.37040096776553,674.8606659607376,3,5,1,677.2199448801094,🟡 High Cost Overstock
2029-03-25,1065,4,113,0.2726462069489397,165,168,7,3.652141555946933,92.29699453043132,21.562704676059163,694.9003512616753,3,6,1,694.0704901828549,🔴 Reorder Required
2029-03-26,1024,3,137,0.4313291874567371,426,89,6,4.623052249909468,22.371166654083005,8.841739647120484,1991.791425115516,3,0,0,1965.047072874446,🟡 High Cost Overstock
2029-03-27,1053,2,105,0.2893684522533782,352,181,9,0.5490296286140435,31.226909343400475,16.259601212038966,224.48533861554375,3,1,0,230.4156674882499,🟢 Healthy
2029-03-28,1032,1,119,0.4317146710122056,139,123,7,4.415508684989894,26.78109281796508,12.35632502162072,640.5368000315603,3,2,0,642.302536341041,🟢 Healthy
2029-03-29,1035,2,121,0.3918747223177221,345,149,3,1.483782490664866,41.05848040522213,15.115557500921238,552.9634396846009,3,3,0,551.5221418820134,🟡 High Cost Overstock
2029-03-30,1094,5,131,0.1837713544555734,91,170,11,2.5516547316516887,55.35139935733204,17.41515683566788,984.1582533643508,3,4,0,989.77738674108,🔴 Reorder Required
2029-03-31,1013,4,129,0.4795526499597855,484,114,11,4.335565104286871,71.36425981247116,22.871996373640226,2169.7777702873163,3,5,1,2171.033662398872,🟡 High Cost Overstock
2029-04-01,1064,5,117,0.1243124674517613,84,141,12,4.20760457355483,60.06650130292816,8.845853356545614,705.4184462475391,4,6,1,723.9325661126052,🔴 Reorder Required
2029-04-02,1079,4,134,0.459311883017518,90,153,5,4.513673651567252,92.25471319305116,6.740131741121207,795.0511384434369,4,0,0,803.7116922135656,🔴 Reorder Required
2029-04-03,1053,4,121,0.2217773795961496,390,152,9,4.731875566846368,95.1884767115091,17.54423838090705,1940.6199477815928,4,1,0,1929.795673855832,🟡 High Cost Overstock
2029-04-04,1051,5,102,0.3000592332657597,173,99,11,2.5122063054729136,33.08167609579671,12.88261697545253,467.69336694261074,4,2,0,471.0388987874527,🟢 Healthy
2029-04-05,1002,5,109,0.2689407490802938,106,180,13,3.453637148604531,88.2330336211828,8.258053865859772,479.0927329708424,4,3,0,478.1218459981769,🔴 Reorder Required
2029-04-06,1098,2,125,0.1687338227667664,343,114,10,2.2571529823674803,58.53777632106408,7.3417433470968945,832.7412492731098,4,4,0,812.4941574627983,🟡 High Cost Overstock
2029-04-07,1040,5,117,0.2432587465606772,284,116,14,2.0782252287147465,56.266357705390746,16.178195737480596,646.4823226603787,4,5,1,659.236550753716,🟡 High Cost Overstock
2029-04-08,1005,2,125,0.1771737745171181,145,183,2,2.4421793476895126,82.79514787876545,11.00941189056391,436.9111532937448,4,6,1,444.5256189692493,🔴 Reorder Required
2029-04-09,1024,2,128,0.1815545901842095,441,151,1,3.843842606522042,27.451240723590125,24.94852759171956,1722.5858301998107,4,0,0,1730.5278185665325,🟡 High Cost Overstock
2029-04-10,1012,2,121,0.1748227344105521,368,189,11,2.756483362136988,90.59945019353172,13.11801638661428,1104.9853274599432,4,1,0,1103.5971404042948,🟡 High Cost Overstock
2029-04-11,1097,4,106,0.2956069521386377,392,199,8,4.163268535017539,73.66906836380917,9.245732175303656,1705.6703340906845,4,2,0,1683.8041259646125,🟡 High Cost Overstock
2029-04-12,1007,4,116,0.4191725470045262,181,133,8,3.853483147382701,90.02092861263984,17.576980902345554,787.5013782889088,4,3,0,778.9445864757201,🟢 Healthy
2029-04-13,1020,5,140,0.3275880135044964,225,174,2,0.592153075059797,99.55820621660982,9.885097793810138,232.79264810506413,4,4,0,226.67641660620916,🟢 Healthy
2029-04-14,1097,4,106,0.4572826354203367,101,192,14,3.336071706977727,61.44035618858027,14.881720864623222,472.7922029164468,4,5,1,460.2335743721523,🔴 Reorder Required
2029-04-15,1067,5,115,0.3546177954306897,87,186,13,2.46457005488866,27.46097583271432,14.651523674420147,652.1212334917918,4,6,1,639.3137993770048,🔴 Reorder Required
2029-04-16,1024,4,124,0.3757360462530418,392,159,8,2.554830451180137,33.32190903447092,14.071152594314745,1034.8154458970846,4,0,0,1061.248963007455,🟡 High Cost Overstock
2029-04-17,1078,1,132,0.3670428918908013,54,107,5,4.1826787424145255,45.88945940434479,20.9217139253915,1903.6477976752665,4,1,0,1895.7695765364201,🔴 Reorder Required
2029-04-18,1067,1,110,0.2797836772734965,262,149,2,2.964235937381045,28.284235370776763,9.332260029323676,804.9140509646106,4,2,0,821.1789839884623,🟡 High Cost Overstock
2029-04-19,1044,5,122,0.3757355288800331,169,111,7,4.485298205565262,85.22734609102159,23.0861461014094,843.2427428315508,4,3,0,833.5355835788445,🟢 Healthy
2029-04-20,1059,4,110,0.1278830985875844,375,171,7,3.707625165762607,43.74942808262148,20.82681006427069,1434.1088652435992,4,4,0,1428.0598183171082,🟡 High Cost Overstock
2029-04-21,1011,4,116,0.4439405887662653,418,90,3,2.987780039438237,98.07089504158922,11.662447284866476,1346.9629515267725,4,5,1,1321.4597613998546,🟡 High Cost Overstock
2029-04-22,1031,2,118,0.411124857377567,258,121,14,3.895420892679967,76.20731455454845,8.61205012560277,1081.2259048659798,4,6,1,1095.9467798326182,🟡 High Cost Overstock
2029-04-23,1095,3,128,0.1980919832926715,266,102,1,0.6725707291643328,33.87442962044461,10.590700490134823,212.77824357815712,4,0,0,221.00998637587628,🟢 Healthy
2029-04-24,1091,5,122,0.407212981701633,73,109,11,0.6218764467269349,58.08341175551522,11.652724938181567,674.4639143374783,4,1,0,624.3945148675429,🔴 Reorder Required
2029-04-25,1012,3,119,0.1050570405600074,391,88,4,0.8750719711438343,57.350737730665685,16.138663376140933,399.50387844790487,4,2,0,378.75745292701043,🟢 Healthy
2029-04-26,1030,3,110,0.1868986289923521,254,171,2,2.469043963162142,59.40093266669071,5.927363376273003,686.5380993098747,4,3,0,713.1123597465925,🟡 High Cost Overstock
2029-04-27,1077,5,136,0.1260548954683583,450,167,4,1.559525655321244,62.85529365143485,23.287182597041063,764.6418385459947,4,4,0,779.612955435605,🟡 High Cost Overstock
2029-04-28,1019,4,141,0.4120907666471579,275,138,8,4.929175824871031,22.493846585418467,6.973497133222219,1378.017198424952,4,5,1,1370.64229013089,🟢 Healthy
2029-04-29,1017,5,133,0.4023496604713549,267,107,2,2.9403056255511517,74.90409005948987,10.585467882000696,859.9656920816474,4,6,1,867.7028435149508,🟡 High Cost Overstock
2029-04-30,1092,3,116,0.4254544095207323,260,167,1,3.4808708573652134,58.97534202307546,7.185748759059331,964.0017649380308,4,0,0,962.740956657017,🟡 High Cost Overstock
2029-05-01,1059,4,118,0.1017926773302115,75,158,11,1.754690613110135,83.27723190949592,10.133456530513204,650.6176587048238,5,1,0,601.7421509598831,🔴 Reorder Required
2029-05-02,1062,1,118,0.3004930906713632,301,182,14,1.9480860886442397,85.22796586083444,21.753476372176166,671.6018785427505,5,2,0,682.0139992459559,🟡 High Cost Overstock
2029-05-03,1005,5,119,0.3819344790069346,52,193,3,2.0095786136352016,38.44280975933739,17.303516227664844,1302.2764849219122,5,3,0,1209.7167407477627,🔴 Reorder Required
2029-05-04,1031,5,135,0.1621604514956062,51,112,10,3.644310673176353,23.873835714142224,9.546464501789613,1011.6366981964636,5,4,0,1023.3987978598934,🔴 Reorder Required
2029-05-05,1092,4,123,0.3599162910050498,141,126,7,2.631677934601888,76.2587084889858,22.435170595986754,447.325297267852,5,5,1,441.23921065582766,🟢 Healthy
2029-05-06,1042,1,127,0.1336440397238742,51,177,13,2.829576436385335,98.22102307710996,21.01424118436969,1839.611751344859,5,6,1,1803.905713185643,🔴 Reorder Required
2029-05-07,1001,1,137,0.1725303424417252,199,101,12,3.1640134197170537,55.732638926472085,20.07298564643161,685.3713094501658,5,0,0,693.9637621403398,🟢 Healthy
2029-05-08,1059,4,110,0.2903187259978404,120,108,6,3.959652453071977,40.769024767487664,21.95265396771426,515.9273191361249,5,1,0,541.9422843466015,🟢 Healthy
2029-05-09,1022,2,135,0.3614260610724408,53,113,6,0.9066638683061516,32.533751566678475,17.392993630366302,1506.8124142769414,5,2,0,1483.47166614708,🔴 Reorder Required
2029-05-10,1082,5,109,0.1583476507815584,87,121,7,3.995932604984697,42.9956477912468,15.028747204224649,721.2742229178577,5,3,0,708.9461751255966,🔴 Reorder Required
2029-05-11,1030,5,119,0.1740893323323751,408,131,8,3.0345578099383093,46.23356410971599,12.478700523427788,1284.333150564546,5,4,0,1254.4575316823932,🟡 High Cost Overstock
2029-05-12,1004,3,111,0.1817785468262652,119,126,3,3.5109295018486573,53.909979474757165,9.475280408153967,471.7105901947474,5,5,1,481.24517592823037,🔴 Reorder Required
2029-05-13,1082,4,118,0.1954803218795914,250,153,3,1.973982941783429,72.43256985716692,16.148233152937898,565.9283053030242,5,6,1,598.5336789693214,🟡 High Cost Overstock
2029-05-14,1033,3,119,0.1906215394105165,357,130,10,2.3422407656740214,41.85304448641816,22.789846914281767,878.0329978320439,5,0,0,897.3361056017278,🟡 High Cost Overstock
2029-05-15,1009,3,130,0.2580596433990547,301,197,13,1.540246188442641,24.07814107749408,16.879635779846502,487.692243798729,5,1,0,482.08269871696024,🟢 Healthy
2029-05-16,1088,1,127,0.3615158603346892,336,124,8,4.906849988378323,49.862288925817566,23.392137234412736,1698.5638850209343,5,2,0,1705.306883199977,🟡 High Cost Overstock
2029-05-17,1001,5,146,0.2752127132537879,459,173,12,2.736513376296425,88.45036929272607,12.13834739186327,1344.510009012785,5,3,0,1329.9346604328491,🟡 High Cost Overstock
2029-05-18,1010,3,135,0.4103895634999552,341,199,13,4.98234612108469,59.868120868150704,18.90275945054995,1758.8481481580302,5,4,0,1773.0542554231959,🟡 High Cost Overstock
2029-05-19,1049,1,128,0.3877074023794459,203,154,14,2.7040369012756984,97.18270061963278,17.973309449252824,646.1021915785996,5,5,1,655.2469956654215,🟢 Healthy
2029-05-20,1030,4,109,0.1506107656196302,461,197,13,1.488880689728303,60.289722487098544,18.40867688125484,746.6637204518462,5,6,1,741.2022492364855,🟡 High Cost Overstock
2029-05-21,1055,3,103,0.1195366493282975,182,113,7,2.783535785315855,42.07190535374782,17.900840244815853,548.6754182812334,5,0,0,549.9806754343805,🟢 Healthy
2029-05-22,1078,5,124,0.4511766255998425,420,100,10,0.67818007309585,35.46511977961717,9.433093498742336,320.3007504798742,5,1,0,351.34980940568624,🟢 Healthy
2029-05-23,1072,3,125,0.1319324266251493,123,92,5,4.571464106398781,75.56195974284611,7.871817965662979,653.5956807612221,5,2,0,645.6085894882881,🟢 Healthy
2029-05-24,1086,4,122,0.1593356722878852,323,133,4,4.183476130374985,62.91050286219491,24.572565124641173,1414.1732929733153,5,3,0,1404.2555265291728,🟡 High Cost Overstock
2029-05-25,1082,3,142,0.1088533102232472,320,104,6,3.766192343124281,68.31991431963532,5.905902576850024,1273.5014641194052,5,4,0,1285.989345453815,🟡 High Cost Overstock
2029-05-26,1008,5,156,0.3513345461194616,234,197,9,3.24422021949107,80.41014314673049,14.354729740565409,839.557674507641,5,5,1,860.966674773789,🟢 Healthy
2029-05-27,1098,1,113,0.3329482252633394,402,100,6,3.109254051516634,78.07227714119144,13.501606342837238,1327.9924058508784,5,6,1,1329.7004871223826,🟡 High Cost Overstock
2029-05-28,1020,5,126,0.4947614665741022,54,80,8,4.985276963357583,23.46906401345816,12.200379164301523,1171.101319864477,5,0,0,1178.7064708898763,🔴 Reorder Required
2029-05-29,1072,1,120,0.4547729585268688,342,137,1,1.7509884530897206,84.20575242360226,20.63967707153419,683.0438033802867,5,1,0,690.7480694795444,🟡 High Cost Overstock
2029-05-30,1027,2,126,0.2643372709923639,409,148,12,4.008579644145101,62.61626456413691,19.90700576625032,1702.1253390194831,5,2,0,1708.6418864286602,🟡 High Cost Overstock
2029-05-31,1061,5,116,0.248634336365014,135,196,14,3.1163214659614584,51.33668246518181,23.10449847059881,472.0400803699787,5,3,0,454.8661447781041,🔴 Reorder Required
2029-06-01,1006,5,108,0.218740813711994,263,165,6,4.891462446914984,63.00155410144563,12.909750523738444,1349.4561776400865,6,4,0,1360.2595850562336,🟡 High Cost Overstock
2029-06-02,1079,4,116,0.1609627680151525,455,150,14,4.225114324842136,68.996115876586,16.283590558589193,1991.4231336797577,6,5,1,1973.3965225348995,🟡 High Cost Overstock
2029-06-03,1015,3,129,0.1552334626408036,485,92,14,4.993363008453168,31.96050478990376,22.84614094684241,2453.7415638896896,6,6,1,2417.3074607312105,🟡 High Cost Overstock
2029-06-04,1096,1,116,0.1529134832038421,64,188,2,3.1474624750810087,53.3932316261156,24.876961257107688,1548.4328154009,6,0,0,1546.8131770427035,🔴 Reorder Required
2029-06-05,1003,1,129,0.1456459028747114,322,131,3,1.4204478089522077,46.84689681505471,24.3858872473071,504.2310912976656,6,1,0,501.3604130612475,🟡 High Cost Overstock
2029-06-06,1003,4,110,0.1962048169622147,100,102,6,2.766591660626302,48.03271558544307,19.356877425374684,518.2606559018201,6,2,0,517.0696963538425,🔴 Reorder Required
2029-06-07,1039,4,108,0.2226674521252465,302,100,2,3.7000001032275858,27.306795072584656,7.864551156203592,1144.7068262473156,6,3,0,1155.3645741109942,🟡 High Cost Overstock
2029-06-08,1016,3,111,0.4846315884155664,94,85,4,3.984621737817146,32.78747904001843,5.463720235860532,500.2251664044592,6,4,0,568.8591349125962,🟢 Healthy
2029-06-09,1051,3,118,0.3313893004007543,240,99,6,0.502294950571746,32.94656540689771,21.50436712805884,153.49735354411675,6,5,1,173.1481982315754,🟢 Healthy
2029-06-10,1092,5,118,0.4950383098053124,171,155,5,2.772621898260323,49.85797945773182,21.818840489836507,523.9763240602471,6,6,1,524.3003367248208,🟢 Healthy
2029-06-11,1051,2,118,0.2489867791302693,461,119,6,1.5585556098679096,91.55932358998332,19.92721816526939,810.0534597390897,6,0,0,811.5618364899515,🟡 High Cost Overstock
2029-06-12,1035,3,122,0.2830506530357764,236,88,6,4.437103249646548,36.48218975367541,10.598469719984402,1083.6385566702606,6,1,0,1074.2112528908428,🟢 Healthy
2029-06-13,1037,4,107,0.2298314636661116,263,129,8,1.1880744982260285,53.29540061398436,17.796357191970532,365.75899364742986,6,2,0,356.9614551234716,🟢 Healthy
2029-06-14,1049,3,109,0.173155060358621,198,107,9,3.4990531230867505,44.92875322393103,11.324968836305484,737.7412715951076,6,3,0,764.1432583425693,🟢 Healthy
2029-06-15,1062,1,115,0.1572658831110316,219,90,5,1.6972798564621618,82.99066500410704,14.012964922018494,454.6949535693205,6,4,0,451.31640223435693,🟢 Healthy
2029-06-16,1062,2,95,0.4780316791231328,258,195,6,2.1044396444642253,24.01011458566529,12.64870169961021,566.9555428574354,6,5,1,581.4005520619797,🟡 High Cost Overstock
2029-06-17,1061,5,127,0.4947242727195023,131,175,6,4.732516673405802,35.72347164287123,23.27280173580111,655.6831558590312,6,6,1,683.9288742109406,🔴 Reorder Required
2029-06-18,1098,1,130,0.1179637986034926,450,154,6,1.5820165643363575,36.85132338838355,9.683146614877511,748.7587773397445,6,0,0,772.8829139227516,🟡 High Cost Overstock
2029-06-19,1006,1,123,0.1601383498927066,245,167,2,0.927512428203188,99.4370240250585,16.552218091475005,326.67756893483954,6,1,0,322.60956742966084,🟢 Healthy
2029-06-20,1026,2,119,0.2694096369204091,295,135,4,0.8117820564990162,65.66200143730428,12.219630580677183,305.1377081045141,6,2,0,299.01322895665174,🟢 Healthy
2029-06-21,1091,5,119,0.1745333905377629,440,158,1,2.77076799544758,31.11666115068146,18.26142223828452,1250.2545791476166,6,3,0,1240.6981490525889,🟡 High Cost Overstock
2029-06-22,1085,4,118,0.2455521574507533,394,184,14,3.387701670279296,41.77593114212524,16.2912628235495,1376.530389232168,6,4,0,1373.348223595916,🟡 High Cost Overstock
2029-06-23,1013,5,110,0.1516385399438533,406,114,12,1.9728213960689924,33.42576752983394,23.47955362731881,834.3912543338448,6,5,1,848.7292513498666,🟡 High Cost Overstock
2029-06-24,1070,3,113,0.282604702688716,89,160,1,3.606168838068864,29.96836556955584,7.032243034024264,519.691224974267,6,6,1,522.1356936028081,🔴 Reorder Required
2029-06-25,1085,1,130,0.2086778464677037,217,104,1,0.7746517335795702,83.7745622726314,9.412816795135267,251.8739884593981,6,0,0,261.50596995531697,🟢 Healthy
2029-06-26,1004,3,148,0.2407620223034643,92,192,7,4.358005902152946,59.66021029282839,20.32695927662112,1598.906472781682,6,1,0,1391.880429736974,🔴 Reorder Required
2029-06-27,1054,4,138,0.137725060585099,378,178,1,4.17455244382657,70.4968109479025,12.375736797896868,1648.477634714346,6,2,0,1656.5104909682063,🟡 High Cost Overstock
2029-06-28,1001,3,127,0.2712512202840567,260,98,6,4.934733221264385,46.500099759359685,8.31567572457448,1329.5307372880998,6,3,0,1343.5961501121358,🟡 High Cost Overstock
2029-06-29,1061,5,110,0.4933030443846279,228,184,2,4.714272414058304,64.29560688538635,15.066425184907754,1139.1497172906795,6,4,0,1141.3593288470986,🟡 High Cost Overstock
2029-06-30,1090,3,127,0.2315332187524761,72,110,6,2.1028872376351764,40.60552260189577,18.042841232227723,1184.369671484153,6,5,1,1207.8706167581,🔴 Reorder Required
2029-07-01,1020,4,130,0.450571709936974,144,160,6,2.296739228070097,44.64290199425879,5.896534283069972,375.3733508363528,7,6,1,375.2126144301838,🔴 Reorder Required
2029-07-02,1078,4,131,0.4372796566494741,209,198,12,3.856841813652168,72.17903554933864,10.832437787348894,878.2589746026418,7,0,0,866.5890544762801,🟢 Healthy
2029-07-03,1020,4,108,0.4808233673188843,293,129,11,1.1033724737974244,32.02801007353842,21.188450753920858,355.3161448961838,7,1,0,352.0546332783138,🟢 Healthy
2029-07-04,1009,5,117,0.4160438049068378,464,166,3,1.9130661961017568,69.37774873339694,15.404891332203883,957.040463724612,7,2,0,948.0339194528739,🟡 High Cost Overstock
2029-07-05,1086,4,129,0.363838730823526,66,142,8,1.033434216390417,88.17878531385018,5.707584303466399,515.9632547140009,7,3,0,592.9358028196436,🔴 Reorder Required
2029-07-06,1057,1,115,0.4426337776909831,161,126,11,2.5469890208277413,29.633858094461523,10.639020105494016,439.6990904477279,7,4,0,436.41846941350025,🟢 Healthy
2029-07-07,1038,4,113,0.1302578722629398,152,80,4,2.984019259483929,91.79690244559832,17.782813119588425,545.3678298871556,7,5,1,528.8251703580863,🟢 Healthy
2029-07-08,1004,3,129,0.2851322628795231,363,137,13,1.4502221148323855,26.3556544239116,8.987189391560495,552.7862821080676,7,6,1,541.2642793645362,🟡 High Cost Overstock
2029-07-09,1064,3,125,0.4957024954460235,135,89,7,0.6198425911134725,47.91273815646984,21.547828124388285,131.59148795678863,7,0,0,142.5645021865767,🟢 Healthy
2029-07-10,1012,3,105,0.4078400605178929,84,87,4,3.737101242877354,68.84074521903956,18.531518141673285,771.9191305958761,7,1,0,739.2222387284672,🔴 Reorder Required
2029-07-11,1084,5,127,0.4848301512148892,79,185,1,0.5900232399177583,64.75318080948296,14.427581218955863,803.8889152728673,7,2,0,824.5838477593156,🔴 Reorder Required
2029-07-12,1089,3,136,0.4118537424533917,241,105,6,4.880311740177603,27.71128579955468,23.312475621335697,1203.8664151823568,7,3,0,1183.6282904100415,🟢 Healthy
2029-07-13,1084,5,109,0.4499527869768577,486,113,5,1.4972326553407795,83.91305342286824,12.836015418493234,811.5681239184871,7,4,0,806.9710417396002,🟡 High Cost Overstock
2029-07-14,1052,5,120,0.3826118529212764,228,98,9,3.48755041452331,97.85226345162022,9.701468211281703,893.013757962935,7,5,1,888.6170759065936,🟢 Healthy
2029-07-15,1081,4,146,0.404200801766896,153,157,14,2.4563827680799517,34.49826313470161,18.228059850534017,410.3248266509342,7,6,1,430.6480892725113,🔴 Reorder Required
2029-07-16,1044,1,126,0.3092712039358003,214,151,14,0.7685323715169824,91.61047758523702,16.46590374940297,256.0764050898713,7,0,0,269.1789915806755,🟢 Healthy
2029-07-17,1031,4,133,0.4696950803256532,171,194,9,2.6248262298551035,64.54475536894005,11.704958018624502,513.3900406741627,7,1,0,514.5793401500564,🔴 Reorder Required
2029-07-18,1035,4,111,0.4300155642493447,183,80,12,2.8254228543355984,94.8747016996262,11.873291226479544,611.9270840430406,7,2,0,623.9820900361116,🟢 Healthy
2029-07-19,1080,5,116,0.4375539862662528,339,127,11,4.346074436417908,34.08687667334089,12.964206172682037,1507.4061106190115,7,3,0,1504.431970637857,🟡 High Cost Overstock
2029-07-20,1098,5,120,0.3692036403852209,361,104,13,3.795570813415541,83.36171145435397,10.822771349587386,1453.5627750973642,7,4,0,1479.8580958250425,🟡 High Cost Overstock
2029-07-21,1059,3,122,0.2218319788348996,273,103,8,0.8568611363902386,24.78252603562649,19.20482812721845,258.7056162701616,7,5,1,250.05199693511864,🟢 Healthy
2029-07-22,1010,3,125,0.1142519181560557,74,126,7,1.4412320754451928,90.65571574421811,18.027168101024102,1116.692462479392,7,6,1,1049.3916159743335,🔴 Reorder Required
2029-07-23,1062,4,133,0.4742620517638178,420,163,14,1.9034945789672648,73.9327537759707,13.815553050927852,873.4004769422219,7,0,0,882.6364999115455,🟡 High Cost Overstock
2029-07-24,1020,2,134,0.3344481395221987,62,199,2,1.0238345890916876,49.620382713794406,12.957093515584743,1046.0088603595805,7,1,0,1102.0025316445526,🔴 Reorder Required
2029-07-25,1051,2,106,0.2192571884592561,368,173,14,2.556045819115208,35.23734587982801,12.301025387194102,975.8622073142244,7,2,0,990.2611753748022,🟡 High Cost Overstock
2029-07-26,1054,3,123,0.1596540431390151,279,148,8,4.92939135888141,85.32264788537638,10.66936642784507,1460.62283701329,7,3,0,1458.2501495008373,🟡 High Cost Overstock
2029-07-27,1025,2,142,0.4318092662003019,151,146,3,2.815757560569927,68.25930571158493,6.713933263141188,493.438697357644,7,4,0,497.18479126296995,🟢 Healthy
2029-07-28,1067,3,120,0.4346080777790315,499,111,6,3.838469757454262,48.83326823584011,10.36409371045001,1964.2296772055167,7,5,1,1968.676220452248,🟡 High Cost Overstock
2029-07-29,1033,5,124,0.4258031872522126,427,96,10,3.573220089647058,55.5068659842013,11.4240269738613,1581.271844263495,7,6,1,1585.5224431721385,🟡 High Cost Overstock
2029-07-30,1051,4,113,0.3580330767867145,425,140,7,4.324601457914621,86.12341248579013,15.953680125306866,1924.0790320995045,7,0,0,1930.53412808271,🟡 High Cost Overstock
2029-07-31,1081,1,127,0.2464061550367503,438,185,12,1.4707557070952426,47.11417546854942,20.475770181561,691.3051751762657,7,1,0,668.8319272043822,🟡 High Cost Overstock
2029-08-01,1098,4,131,0.2216281139121028,252,148,6,3.892218177618627,27.17061424879429,12.914042896680634,1008.0095950086884,8,2,0,1026.3390460218518,🟢 Healthy
2029-08-02,1092,3,144,0.103421908047268,316,90,5,4.4660985813758725,92.90257377627782,23.895138117041835,1504.1897254910537,8,3,0,1487.8710445428887,🟡 High Cost Overstock
2029-08-03,1051,3,104,0.4334430234752962,414,117,4,1.2717942034110925,50.98749917264277,21.54699926882325,577.510299384835,8,4,0,582.2546524072451,🟡 High Cost Overstock
2029-08-04,1028,4,121,0.134973078997457,271,147,2,2.060609989046017,47.87100088921708,24.696036957674902,606.2963079206877,8,5,1,604.5230484219255,🟡 High Cost Overstock
2029-08-05,1037,3,99,0.3523019992163071,153,182,9,4.8654579394920265,36.35196951007515,22.52406082082964,780.7670342523552,8,6,1,765.3634137861512,🔴 Reorder Required
2029-08-06,1041,2,123,0.3016299787360353,160,98,14,4.013545306909066,91.79380569826763,17.334518986187582,733.9610548037182,8,0,0,738.3826118317737,🟢 Healthy
2029-08-07,1020,2,138,0.3106757435705405,477,182,7,1.7716587464188955,37.40042669502671,16.96958575633438,882.4816487368398,8,1,0,890.8396775159915,🟡 High Cost Overstock
2029-08-08,1041,3,118,0.4706851381231093,118,189,7,3.037737963400191,70.93382944011069,7.590522535084341,429.3869091213333,8,2,0,446.20377829458045,🔴 Reorder Required
2029-08-09,1012,3,116,0.1126460045084968,407,192,4,2.3194675528226547,90.46120092864824,19.447984977831357,1034.4844949274686,8,3,0,1051.5148000624743,🟡 High Cost Overstock
2029-08-10,1063,2,116,0.409356889851509,307,166,14,2.7048432934720843,22.793089168257392,17.004137151853428,853.1799802641873,8,4,0,877.6101905580335,🟡 High Cost Overstock
2029-08-11,1016,3,120,0.1208209593469228,217,96,5,2.098247861258188,86.30333642401565,15.138642067919694,541.6231223170424,8,5,1,530.4055089985609,🟢 Healthy
2029-08-12,1008,3,97,0.1152614423741508,342,92,6,1.7569895833865328,52.84795373518196,18.86573745114577,653.7383912533761,8,6,1,648.9548730750375,🟡 High Cost Overstock
2029-08-13,1040,4,131,0.2719270792565528,423,170,12,3.5364336862613843,72.63796602121695,13.880956856759871,1568.5494153097825,8,0,0,1568.017796347809,🟡 High Cost Overstock
2029-08-14,1000,1,133,0.1252300697371867,98,80,11,4.003438167887529,49.79236505804431,15.477193248165724,983.8310691968225,8,1,0,1009.9960760677484,🟢 Healthy
2029-08-15,1001,2,132,0.4156575805171648,299,81,12,4.432807052363051,75.64130050779951,12.967046096065127,1401.050609164352,8,2,0,1392.6366835516017,🟡 High Cost Overstock
2029-08-16,1059,4,124,0.3118252374593349,380,161,2,1.1989848529318463,40.34359316461593,19.3474178674138,495.95783727871753,8,3,0,484.38021036867707,🟢 Healthy
2029-08-17,1047,1,99,0.1116155130639097,469,179,4,4.202849856403583,21.754443394831704,22.532219410957765,1992.8910260481125,8,4,0,2002.0839907254065,🟡 High Cost Overstock
2029-08-18,1028,3,105,0.1162002745927678,124,188,13,1.646603710146786,95.82300118303628,21.816898782652054,300.00186124123775,8,5,1,293.5667643794052,🔴 Reorder Required
2029-08-19,1096,3,120,0.3450674118957917,250,176,4,2.423013754595228,21.309421123206626,20.720505440989378,627.0628597720136,8,6,1,625.8002495607982,🟡 High Cost Overstock
2029-08-20,1009,4,130,0.422444727063362,83,179,12,4.55649658632161,85.92794317068056,5.275754090891018,712.077602107252,8,0,0,811.2125897698189,🔴 Reorder Required
2029-08-21,1057,3,123,0.2751198125099094,363,145,13,2.545266204421709,33.531007465797906,23.237609277549183,957.4626396708784,8,1,0,953.1994620899419,🟡 High Cost Overstock
2029-08-22,1059,5,119,0.3218322686142497,160,147,4,1.386785903199423,51.37761828816223,10.49751441446788,273.2633628000699,8,2,0,259.7398333124693,🟢 Healthy
2029-08-23,1020,4,133,0.4199317816199607,470,95,7,1.21940894856703,85.79939012048446,22.75947885926752,658.9215959469885,8,3,0,661.9583261802958,🟡 High Cost Overstock
2029-08-24,1027,1,134,0.3442024696167277,401,83,13,2.6284269499346022,36.47457202498763,8.93936206178753,1090.473778948763,8,4,0,1099.072569765771,🟡 High Cost Overstock
2029-08-25,1074,4,104,0.1899040950635278,365,136,7,3.932025907894493,89.25660844200286,13.792915028494743,1524.446064823493,8,5,1,1536.1062631840311,🟡 High Cost Overstock
2029-08-26,1033,2,123,0.3452208103477914,445,152,7,4.987423147884356,59.82071512815211,19.987975886538276,2279.22401593669,8,6,1,2225.966444635959,🟡 High Cost Overstock
2029-08-27,1007,4,127,0.3513117836260854,286,192,7,4.043338827939058,49.292277017382126,17.80557890554345,1205.6871818079526,8,0,0,1205.8697117430722,🟡 High Cost Overstock
2029-08-28,1058,3,114,0.3936427923524507,81,164,2,4.446553815242841,72.99501973890689,13.3184387605886,872.6743578730008,8,1,0,874.8577897536447,🔴 Reorder Required
2029-08-29,1085,3,128,0.3483496750227205,258,102,5,3.865245624206996,47.3111777584766,18.572477134805567,1044.5445488038815,8,2,0,1065.4618437395397,🟡 High Cost Overstock
2029-08-30,1071,5,132,0.4876968521832152,181,195,10,4.529457953402477,47.78306871970856,15.97899020093279,867.6149582855569,8,3,0,860.4757181707784,🔴 Reorder Required
2029-08-31,1048,5,122,0.1789153234868274,155,196,2,0.8433209449126096,78.68211127506426,10.514726132710646,209.3968577365188,8,4,0,220.73112979594822,🔴 Reorder Required
2029-09-01,1078,5,134,0.4804362718268306,82,81,5,4.684692195417405,44.78657796312863,17.926588909942794,1361.113961304381,9,5,1,1329.0959706149972,🟢 Healthy
2029-09-02,1016,1,110,0.3153357961400065,92,146,12,2.2838276917654525,36.061811868354006,9.084941726890468,409.70291059480405,9,6,1,414.3977896492687,🔴 Reorder Required
2029-09-03,1059,5,118,0.3687824561979648,417,166,6,4.647264004762,84.61169023972576,18.879765685183308,2022.52078022548,9,0,0,2033.5860752161761,🟡 High Cost Overstock
2029-09-04,1086,1,137,0.1397846389808759,156,105,3,0.84079776856764,84.42968269817854,5.0622175524648565,215.5941345947304,9,1,0,232.15059597832047,🟢 Healthy
2029-09-05,1087,5,82,0.2522303765512428,314,190,6,3.718593307045112,59.80685629654954,15.975450275235394,1227.4451547087144,9,2,0,1247.9533223807643,🟡 High Cost Overstock
2029-09-06,1044,1,124,0.4077516585852691,275,86,5,3.81059936901592,62.13244929303641,13.02135255112282,1110.0472757724144,9,3,0,1131.1419569109005,🟡 High Cost Overstock
2029-09-07,1082,4,114,0.3827644060395961,228,179,4,4.986099001839977,75.68613006141109,11.062075476038943,1212.516702480926,9,4,0,1206.0944324002908,🟢 Healthy
2029-09-08,1068,4,115,0.116055755266164,271,123,10,3.959848718104162,60.74194334099467,15.31415934469275,1133.8609459472225,9,5,1,1124.1957585137327,🟡 High Cost Overstock
2029-09-09,1031,3,108,0.3186377053988978,419,112,9,2.22158167617023,53.3631967175386,17.90623265071776,984.2059190328648,9,6,1,973.9092868707756,🟡 High Cost Overstock
2029-09-10,1043,1,110,0.1353112771873638,174,192,11,3.007618482283454,99.59153546373966,24.306245324269295,622.9171513810606,9,0,0,609.2162741589414,🔴 Reorder Required
2029-09-11,1064,2,117,0.4983425716712649,325,143,14,2.1494792217496563,31.811234228204714,21.661289797761956,730.391981296843,9,1,0,712.6342538918437,🟡 High Cost Overstock
2029-09-12,1086,3,122,0.4589186354133179,216,115,8,1.3820839038718615,67.41823833918886,19.34299766167621,365.9483615755109,9,2,0,382.3071146286293,🟢 Healthy
2029-09-13,1007,4,114,0.1084322641714147,200,83,12,1.6182604737602309,90.8690420860528,14.579338233582927,414.521136838099,9,3,0,422.4581597882074,🟢 Healthy
2029-09-14,1076,1,119,0.4434598315610524,90,197,7,1.4990474042344442,74.97720329448919,12.842882393287084,582.3350590809146,9,4,0,592.6760660284663,🔴 Reorder Required
2029-09-15,1071,5,136,0.467771840223363,349,102,11,2.969668985734458,90.47386392705909,5.650593091719944,1126.8883399483848,9,5,1,1122.081412230699,🟡 High Cost Overstock
2029-09-16,1086,2,107,0.241419289025382,430,104,1,4.57772285539352,46.90677762837381,12.181938061180963,2015.3276054475875,9,6,1,1986.7926653895904,🟡 High Cost Overstock
2029-09-17,1042,4,125,0.3878006620191063,84,184,9,4.607269817397789,41.75943810081914,21.96754277345233,1329.4393564737788,9,0,0,1332.4502241973153,🔴 Reorder Required
2029-09-18,1000,3,116,0.2768414984831115,456,169,9,0.7464369988662147,88.10179095216837,12.6804916395258,428.4770624351623,9,1,0,416.2428573548128,🟢 Healthy
2029-09-19,1050,1,111,0.3620929938305376,363,171,6,0.8595473042835209,51.52916609483684,14.23169998124293,363.54483754975496,9,2,0,357.9548598983782,🟢 Healthy
2029-09-20,1023,2,128,0.2361269617192766,353,171,7,1.6030357572755458,76.7745858445849,10.436688480498097,642.6462081628525,9,3,0,651.8284664605454,🟡 High Cost Overstock
2029-09-21,1098,1,142,0.2290236946533073,280,164,13,1.6477675361126372,31.819886273129143,10.482655176267334,493.19479638466754,9,4,0,488.4534147913063,🟢 Healthy
2029-09-22,1023,5,119,0.2697735555430316,264,153,3,0.92700128857663,80.46705003013398,6.237435217834968,325.1953902143643,9,5,1,336.2178034218646,🟢 Healthy
2029-09-23,1016,3,126,0.1582271034610004,363,106,5,2.248085035280482,63.91861192198955,17.276078512396015,879.9734797288046,9,6,1,870.2695285398229,🟡 High Cost Overstock
2029-09-24,1004,1,135,0.4324555857741531,150,130,7,3.1447642671107925,41.48893119283687,13.961388060906929,513.2035712594558,9,0,0,505.2394545243195,🟢 Healthy
2029-09-25,1019,4,113,0.2394791581446546,106,194,1,3.101729902697586,59.560317116712405,17.11921614981589,508.1781998513678,9,1,0,499.44890199235476,🔴 Reorder Required
2029-09-26,1020,3,91,0.2600598215623381,264,158,12,2.945433565663667,75.75549006717628,15.937738000577056,853.3499514023844,9,2,0,868.9306911876495,🟡 High Cost Overstock
2029-09-27,1057,4,134,0.4576218450808579,472,197,1,2.0240236619937373,20.95091270779069,20.976891745943497,976.2900811688348,9,3,0,975.847968252846,🟡 High Cost Overstock
2029-09-28,1030,1,125,0.2986495256252686,205,160,5,3.679050583924613,70.99736470513037,20.020238246229454,825.202734409676,9,4,0,814.9725014927636,🟢 Healthy
2029-09-29,1099,3,133,0.3177015637403452,113,182,9,4.219177734414821,63.327262261861954,20.42907706275759,948.6758875058885,9,5,1,881.6162719167377,🔴 Reorder Required
2029-09-30,1010,4,134,0.4825992499108394,111,178,7,2.058234199148338,37.62289341973861,14.98478013883351,610.7368327183749,9,6,1,598.1923756111626,🔴 Reorder Required
2029-10-01,1051,5,140,0.4546905532579957,388,148,1,0.8849091168475789,80.23848591809573,12.07762702707861,423.5832232549564,10,0,0,398.34215841324755,🟢 Healthy
2029-10-02,1014,5,112,0.1677866835553758,418,159,13,1.8334861299133545,44.27687877065609,23.668731810659057,810.6740810744382,10,1,0,809.6575692637501,🟡 High Cost Overstock
2029-10-03,1082,1,121,0.289286011967242,417,102,13,1.1181589455870624,42.14887452372518,6.085395474331079,508.4211548335302,10,2,0,517.880406324975,🟡 High Cost Overstock
2029-10-04,1006,3,123,0.4885184909714182,111,182,12,2.6031142725223138,57.697467919945815,8.052426157004607,443.27226605397794,10,3,0,439.28335608617175,🔴 Reorder Required
2029-10-05,1027,2,124,0.248946519291441,143,191,5,1.2017081809223522,74.09197427378918,13.391981843532792,245.93624414568552,10,4,0,272.07612975160833,🔴 Reorder Required
2029-10-06,1050,3,126,0.24862924340648,390,88,8,2.582801409460898,94.30767807010037,17.279153051360225,1101.600227759851,10,5,1,1101.422933815106,🟡 High Cost Overstock
2029-10-07,1057,5,120,0.1780120927156617,75,112,8,1.494513015460915,31.30857945056832,5.164007496134433,375.7773929361864,10,6,1,402.10429217771735,🔴 Reorder Required
2029-10-08,1004,4,148,0.1457292456476501,484,114,12,3.824289974580813,51.71744966013869,19.38645638622284,1902.6737973572524,10,0,0,1942.7412405362952,🟡 High Cost Overstock
2029-10-09,1004,2,125,0.3961219163023927,170,183,2,0.6240570837613053,25.3591674010104,16.174530855798295,131.4488716404323,10,1,0,166.654088345247,🔴 Reorder Required
2029-10-10,1093,1,117,0.4080121874806066,99,129,7,2.996358367243665,80.6840597977394,14.694055173538503,641.8165312785554,10,2,0,569.9935350669274,🔴 Reorder Required
2029-10-11,1095,2,127,0.4876051854012,420,103,10,1.2626972371402552,55.81863117450886,13.469900776557363,586.151470773416,10,3,0,596.9574669353717,🟡 High Cost Overstock
2029-10-12,1007,1,137,0.4093672843621452,301,167,5,0.5044633901133218,76.55433081505481,15.38974063481249,228.39781123916467,10,4,0,234.3248057452232,🟢 Healthy
2029-10-13,1063,2,119,0.1973409976134394,85,193,9,4.411400396291632,45.775553918102986,8.235714689634952,700.7588870504801,10,5,1,709.8626103774017,🔴 Reorder Required
2029-10-14,1009,1,107,0.1160466313154061,459,103,3,3.5218750451633043,87.54537931250587,7.17423478553965,1704.0860250424626,10,6,1,1693.935176744018,🟡 High Cost Overstock
2029-10-15,1037,1,132,0.4941749537478641,338,98,1,0.9452426992273552,62.78624625920918,10.792749575036767,382.2782785980552,10,0,0,393.2334150406621,🟢 Healthy
2029-10-16,1095,2,112,0.2361802782174423,428,118,13,3.48832565457735,95.4886257458924,19.19009583970649,1588.4920059049985,10,1,0,1594.0320509488504,🟡 High Cost Overstock
2029-10-17,1091,2,117,0.2247886169729683,149,140,4,3.252412997319193,26.305171131522734,16.765757676709928,510.9147077320826,10,2,0,480.94050803015915,🟢 Healthy
2029-10-18,1080,1,123,0.462382083899753,373,104,7,2.630105091694415,61.14214596336595,14.602460352380254,1042.1713451653827,10,3,0,1056.1939992703933,🟡 High Cost Overstock
2029-10-19,1094,5,139,0.3340399594179944,378,195,1,2.386661442915263,81.3164196798159,16.430419317919206,983.4744451017852,10,4,0,1001.7424039200475,🟡 High Cost Overstock
2029-10-20,1007,2,122,0.1859484695396538,185,174,2,4.491813933120807,68.01221184588917,16.185160260786866,898.9977894732384,10,5,1,903.5823259086574,🟢 Healthy
2029-10-21,1024,3,139,0.4556384970864958,243,181,14,1.603166089538531,21.85553123414742,11.140838509798508,411.4248909920104,10,6,1,414.78100845734417,🟢 Healthy
2029-10-22,1072,4,116,0.4973443420218973,270,104,5,2.2923952565602246,97.78709426751048,6.949118944894517,716.7338135387712,10,0,0,726.4441694211226,🟡 High Cost Overstock
2029-10-23,1065,1,92,0.1346714244603323,328,106,9,1.9810193580267228,43.86109544607187,22.935647373261013,693.635444878837,10,1,0,673.4452747858376,🟡 High Cost Overstock
2029-10-24,1078,1,117,0.4449006513209949,375,111,14,3.9704046306648513,39.94222930931056,16.998225252478292,1528.8439658086295,10,2,0,1528.88980975631,🟡 High Cost Overstock
2029-10-25,1049,4,125,0.2562062790737576,104,90,1,4.624093878046427,58.85279004852636,18.95495999361703,937.8127132313124,10,3,0,932.5665041888095,🟢 Healthy
2029-10-26,1066,5,123,0.3096289786026818,476,148,12,4.324017644331037,63.37264860186792,14.279944487339105,2121.605047303441,10,4,0,2125.700240161864,🟡 High Cost Overstock
2029-10-27,1048,4,108,0.4659263903059923,159,187,4,4.089667686348959,81.30305100718603,20.12961159953125,731.5602131366704,10,5,1,726.5335671314136,🔴 Reorder Required
2029-10-28,1035,2,129,0.4893516783100469,198,112,12,4.940554755065373,51.46189261271913,16.689945279573344,1029.6917341156632,10,6,1,1033.4228352686255,🟢 Healthy
2029-10-29,1067,4,134,0.2048655641635197,455,98,14,3.637150476846733,55.196830116976976,6.076022441943804,1710.1002970822408,10,0,0,1703.5023824542898,🟡 High Cost Overstock
2029-10-30,1077,1,88,0.1851403083839655,314,186,3,3.879742060460902,62.79679327470648,22.801940707873825,1281.0358002594296,10,1,0,1281.1239222504014,🟡 High Cost Overstock
2029-10-31,1040,4,95,0.1322066234366047,211,190,14,4.922611428672585,51.55096797933125,11.110722935757735,1090.2219794292469,10,2,0,1074.8215635960846,🟡 High Cost Overstock
2029-11-01,1088,3,120,0.3247191410648552,236,95,5,0.5314585342962834,93.16384632809248,7.757815548426709,218.58806042201536,11,3,0,225.93164449701075,🟢 Healthy
2029-11-02,1061,2,112,0.1054417581802673,459,178,5,3.3532176939636424,88.10015733074017,6.760820154086316,1627.227078860052,11,4,0,1624.3855354198483,🟡 High Cost Overstock
2029-11-03,1009,4,116,0.2647593190439746,178,90,10,3.825371893789803,56.39789560623026,19.408806276842217,737.3140927008152,11,5,1,734.3819334219494,🟢 Healthy
2029-11-04,1020,1,113,0.1293536066608034,157,154,2,4.630221741907377,20.01558898698537,19.079367336087195,746.9604024664435,11,6,1,739.274786469468,🟢 Healthy
2029-11-05,1035,2,117,0.2620903131717336,438,153,5,4.477299368829542,92.07475964234246,19.00324249626541,2053.131883189682,11,0,0,2051.1816675916148,🟡 High Cost Overstock
2029-11-06,1011,1,106,0.1159728757062437,474,177,9,4.288823065552075,29.94692587515722,23.31505545363132,2062.8490589468406,11,1,0,2051.0435378609577,🟡 High Cost Overstock
2029-11-07,1090,5,116,0.4340869042435076,496,195,5,4.756060723737667,39.560993215523695,11.97886043995303,2398.5671121894065,11,2,0,2379.0268213154254,🟡 High Cost Overstock
2029-11-08,1001,3,127,0.1838955975754263,455,148,11,2.918206345611684,32.18890274923186,16.222661127178462,1359.972790002548,11,3,0,1354.6876327164598,🟡 High Cost Overstock
2029-11-09,1012,5,137,0.2313234841431648,117,166,10,0.5311404301317204,34.3852455984819,17.38991165988699,444.326909121633,11,4,0,287.6417777725429,🔴 Reorder Required
2029-11-10,1052,3,118,0.4480191986425568,481,134,2,0.5497447941365429,84.23020303118678,24.58963657132925,348.6574490108639,11,5,1,386.12973976835787,🟢 Healthy
2029-11-11,1031,4,92,0.3985064245328821,115,104,7,2.9508757502803613,66.36011533327394,11.246922874371837,405.7108266155155,11,6,1,376.9863699564876,🟢 Healthy
2029-11-12,1094,2,119,0.1876153446568234,193,172,6,2.458725074887736,96.48761305002787,24.12662399807881,571.0215525033609,11,0,0,549.806427164478,🟢 Healthy
2029-11-13,1015,4,127,0.1287597674629984,102,183,7,2.530602740144518,38.51628098589732,7.9746866616476275,496.0049270218289,11,1,0,488.19681250344576,🔴 Reorder Required
2029-11-14,1031,3,112,0.3862695107421358,177,156,8,2.3018213174451665,58.85079265049872,20.28002912055684,466.2731658382932,11,2,0,467.24093817930344,🟢 Healthy
2029-11-15,1031,3,129,0.2562810202752437,370,190,10,4.629766140910561,98.1942695265976,17.657718000408256,1811.207741663505,11,3,0,1805.2292591064268,🟡 High Cost Overstock
2029-11-16,1097,3,128,0.4064319996472885,256,175,5,2.1162665802640546,86.11548114198158,21.33792074543975,627.8797256895796,11,4,0,638.7265248116217,🟢 Healthy
2029-11-17,1010,1,130,0.2781179089500841,369,113,2,4.353021237933874,78.28925432963928,5.573711472796942,1684.554091127239,11,5,1,1680.5951742956238,🟡 High Cost Overstock
2029-11-18,1009,2,113,0.2384009651889105,265,91,7,4.562891572062384,35.11801610966336,6.562620858781116,1244.284282706195,11,6,1,1241.7339359364917,🟡 High Cost Overstock
2029-11-19,1014,4,125,0.2804821632849586,117,167,7,2.747757964995297,81.5524320727773,6.3939155913829175,454.1914387082903,11,0,0,446.0221656778569,🔴 Reorder Required
2029-11-20,1016,4,122,0.3994235942682707,496,183,8,2.5112211681428973,47.80520980767342,16.859189109945756,1293.3709092065506,11,1,0,1307.6482406477398,🟡 High Cost Overstock
2029-11-21,1039,5,140,0.4608881146161496,111,100,7,3.924592718969511,62.44295176374061,17.05872135151076,992.7756627631684,11,2,0,974.1500704158624,🟢 Healthy
2029-11-22,1017,3,129,0.1199068786354302,259,108,10,3.685871784379471,68.7328970431632,23.122097787099523,1023.3736891974462,11,3,0,1026.7053235399012,🟡 High Cost Overstock
2029-11-23,1054,3,128,0.309644616490782,386,130,7,1.9784080246829268,68.74909692194032,14.3520702903689,832.4145944495501,11,4,0,840.6245482913602,🟡 High Cost Overstock
2029-11-24,1072,3,116,0.113134171633551,376,102,14,0.9614665666609096,78.12187775308132,6.360981100099279,439.6333068175833,11,5,1,437.56442419698396,🟢 Healthy
2029-11-25,1024,4,132,0.2873638180097435,419,112,13,1.6918358008211616,72.93616741137645,9.190588032450307,781.8153679554432,11,6,1,771.3072823344218,🟡 High Cost Overstock
2029-11-26,1058,5,118,0.4541131316387602,478,87,9,1.0896282761553453,25.469670344847188,5.161461896356858,546.3119863471022,11,0,0,532.4735309194778,🟡 High Cost Overstock
2029-11-27,1077,1,129,0.2446361065681238,101,121,8,1.8262952409951112,56.58776207592858,20.534290502568098,816.0037154883415,11,1,0,841.6671611179679,🔴 Reorder Required
2029-11-28,1088,2,114,0.4729801684322573,165,156,2,1.6781970451135957,73.12172853759833,21.31198873761549,350.0242409813416,11,2,0,357.4826902015052,🟢 Healthy
2029-11-29,1021,1,122,0.3522433886602437,430,148,2,3.369701407490211,43.679438573258295,24.95880832568272,1492.651043794049,11,3,0,1496.694399200176,🟡 High Cost Overstock
2029-11-30,1029,4,114,0.4736621375172025,432,197,7,4.795232128046509,45.04453497731117,13.243888981061886,2116.5848142934037,11,4,0,2113.081637282696,🟡 High Cost Overstock
2029-12-01,1083,3,110,0.4028666501650079,114,120,10,3.585846795487176,29.965403820369243,5.38596750803185,438.7519385059073,12,5,1,456.0779428498731,🔴 Reorder Required
2029-12-02,1084,2,119,0.1413740666595049,179,153,11,4.669922336290563,53.48919887798843,9.694597629807443,889.4052970739992,12,6,1,888.3116655145553,🟢 Healthy
2029-12-03,1043,4,116,0.1924605470250708,226,142,13,4.028595163737995,98.94643474449396,16.755377353265917,1009.4089417492808,12,0,0,1021.9020802440788,🟢 Healthy
2029-12-04,1031,4,132,0.2576681818334024,327,93,10,3.77544929932028,42.825548903042986,24.238859341054727,1277.3974697807744,12,1,0,1266.6029558029927,🟡 High Cost Overstock
2029-12-05,1050,4,143,0.1680427528048304,462,167,3,2.3632787309600363,62.51495141488785,7.071571029415886,1154.3497251184249,12,2,0,1161.9965862288564,🟡 High Cost Overstock
2029-12-06,1045,2,125,0.2979646419106642,212,141,1,1.9615752628851588,79.45898022232674,7.431460403214856,495.3129359539804,12,3,0,481.8538381376482,🟢 Healthy
2029-12-07,1020,2,112,0.2885472622805962,381,154,9,4.308248176128137,21.079781670741653,19.03517970557886,1662.5223367755616,12,4,0,1659.9077394153771,🟡 High Cost Overstock
2029-12-08,1098,5,132,0.4825036792109525,201,125,14,4.574269548180524,92.03516476786392,18.34414110043099,1011.4633439521492,12,5,1,1008.9296665467314,🟢 Healthy
2029-12-09,1031,5,114,0.2734911531583911,399,146,14,2.533471221429194,50.92401477799508,10.01012710623666,1061.7790321282434,12,6,1,1070.9504509677004,🟡 High Cost Overstock
2029-12-10,1093,1,98,0.4142507217151991,285,172,14,0.5407839418398999,89.52927893687858,21.262895820290375,243.65270236125,12,0,0,232.16617724214032,🟢 Healthy
2029-12-11,1038,2,119,0.476764217940592,207,132,3,4.066389765079117,23.11581271195824,7.575575109549264,864.8584940833356,12,1,0,883.4953123451882,🟢 Healthy
2029-12-12,1011,2,133,0.4507955323895942,475,191,1,1.7828097821253124,31.65308414909407,23.5148368955352,878.4877306586175,12,2,0,882.0004973238724,🟡 High Cost Overstock
2029-12-13,1046,2,143,0.1834670498046367,376,131,6,0.5444953925761433,45.80235635820473,9.020638606648427,250.53262396683465,12,3,0,254.76265376990122,🟢 Healthy
2029-12-14,1017,5,142,0.2984119577014177,155,173,4,4.122448515392549,47.636941845062296,6.6270474544601,686.6164617309075,12,4,0,728.0469283542028,🔴 Reorder Required
2029-12-15,1020,4,125,0.2390959129183703,355,192,14,2.828363849676042,87.82353784224132,11.790441729477092,1091.8927044772363,12,5,1,1061.725956048538,🟡 High Cost Overstock
2029-12-16,1012,3,127,0.2599434780548862,304,180,1,3.583448358523111,20.896089231058816,8.756825770690899,1110.2643902220846,12,6,1,1086.4719377004687,🟡 High Cost Overstock
2029-12-17,1020,5,130,0.2443227304983005,407,86,4,4.6161041951501485,71.28894211757436,15.538824500720658,1950.0433495436848,12,0,0,1962.399681273202,🟡 High Cost Overstock
2029-12-18,1007,2,102,0.4305436840700016,493,160,8,2.9352822356214743,30.50499489428402,18.73693074743452,1477.5991370556708,12,1,0,1469.3158939320208,🟡 High Cost Overstock
2029-12-19,1045,5,113,0.2808556220489789,162,163,11,2.764373326605346,85.85725205688395,14.818431569565824,533.68573096695,12,2,0,496.6005033925548,🔴 Reorder Required
2029-12-20,1006,1,123,0.3094777328978753,79,133,7,1.807979546067186,82.28586127663299,18.21214663621955,1026.450697409601,12,3,0,1020.1414103130328,🔴 Reorder Required
2029-12-21,1022,2,110,0.4929789428188299,61,90,12,1.8733722549797869,59.993682192896046,12.298410287999689,776.8914938586478,12,4,0,796.9646876589514,🔴 Reorder Required
2029-12-22,1095,1,105,0.1239917088766065,226,187,1,4.084439297133407,37.014978040990016,5.5584519447728,960.09825919314,12,5,1,974.9497898505831,🟡 High Cost Overstock
2029-12-23,1074,2,132,0.2951830559162995,387,104,10,2.5206316051367166,70.7596312772445,24.481282484502984,1046.2440624651538,12,6,1,1044.9790872212884,🟡 High Cost Overstock
2029-12-24,1085,5,120,0.4096246827784464,95,138,12,1.2358679387365417,32.50066541261165,21.388270090799907,684.6148718625807,12,0,0,647.6720342985527,🔴 Reorder Required
2029-12-25,1021,4,111,0.1604647832752906,220,167,9,0.9253794380022302,35.201903407412274,6.4683764816925615,238.7853797679029,12,1,0,267.24593248493755,🟢 Healthy
2029-12-26,1088,3,123,0.3446126378459095,179,145,6,2.628140525878007,70.13519217802862,13.983527923126688,540.5723463101918,12,2,0,539.8799203035989,🟢 Healthy
2029-12-27,1021,1,129,0.1957859118137867,294,106,2,2.592297606279787,99.29827568708995,17.700381401437493,861.4337719333473,12,3,0,850.4517192391087,🟡 High Cost Overstock
2029-12-28,1091,5,106,0.446961645289827,402,162,3,3.4405622519242822,91.2848669802037,8.811885411452758,1474.3908922537653,12,4,0,1451.1029817855567,🟡 High Cost Overstock
2029-12-29,1028,4,125,0.2308398661600317,252,137,7,2.619803649853133,67.44858861469416,16.55977222725543,727.6391083776837,12,5,1,730.1281431993565,🟡 High Cost Overstock
2029-12-30,1012,5,132,0.2316251267603638,275,172,3,1.1456406686039662,63.0829415013939,15.67297236235374,378.1341253674846,12,6,1,359.2314187998112,🟢 Healthy
2029-12-31,1081,1,118,0.3392775514071574,129,180,13,2.785112981593311,99.87079040064869,9.165303770694097,459.1503650261858,12,0,0,452.2259007767993,🔴 Reorder Required
2030-01-01,1001,3,118,0.1734251632479634,359,90,3,4.580552317487113,63.791771810711495,7.824206185549065,1708.2100537885851,1,1,0,1706.4013489486174,🟡 High Cost Overstock
2030-01-02,1028,5,99,0.2139554555612244,84,134,5,1.2174863522909558,53.60932175675551,20.179245792372747,458.566862234787,1,2,0,526.9779793808403,🔴 Reorder Required
2030-01-03,1084,2,117,0.2666527400477646,101,98,3,3.6038958843998703,92.76444286202732,11.451728922992675,639.985589954297,1,3,0,586.5433803435109,🟢 Healthy
2030-01-04,1078,4,112,0.2414551452560441,210,171,3,3.1723666923448697,38.73474366954306,9.880810676844868,704.9317490619657,1,4,0,710.4876466311177,🟢 Healthy
2030-01-05,1051,5,130,0.3099508872022329,133,118,11,3.868635770203112,27.80207922374472,19.757567056119772,542.3306366607586,1,5,1,601.7973185413036,🟢 Healthy
2030-01-06,1026,4,104,0.3398560576275865,377,164,5,1.1777012304241674,70.72720274894643,19.72137384045964,514.7205666188576,1,6,1,518.8778463655757,🟡 High Cost Overstock
2030-01-07,1049,2,109,0.3266669815000658,484,169,14,4.737224016076976,27.66797070149992,10.528033126724583,2320.484394482756,1,0,0,2320.3279877521527,🟡 High Cost Overstock
2030-01-08,1094,3,121,0.3616673247967729,75,165,5,3.2943489249522138,49.85188295623681,22.451369225037077,1329.691036679358,1,1,0,1342.0659714697297,🔴 Reorder Required
2030-01-09,1078,3,119,0.2230998066431281,274,149,12,4.311820119610116,53.886190846537644,18.765003301446846,1235.3249036197092,1,2,0,1235.7752148523427,🟡 High Cost Overstock
2030-01-10,1022,2,111,0.1505704908620112,495,90,9,1.60973043656106,63.80304536393865,11.915284356430762,860.6196114616633,1,3,0,846.0913049802988,🟡 High Cost Overstock
2030-01-11,1087,4,108,0.4043230165724308,366,93,1,3.827358002290827,99.33276365983698,13.549793003693178,1500.1457924982797,1,4,0,1539.1238108053844,🟡 High Cost Overstock
2030-01-12,1043,5,109,0.4403121530522728,203,139,14,4.014638169502636,37.67853786665447,19.53419371861236,852.6500862756894,1,5,1,899.7066930274088,🟢 Healthy
2030-01-13,1076,2,119,0.2028024928889729,342,115,1,2.2884587257418403,50.06051028055296,9.23167665790984,832.7133944842624,1,6,1,781.4392697556964,🟡 High Cost Overstock
2030-01-14,1021,1,115,0.2628367824632079,463,183,11,2.2277905379753995,30.579209952852644,14.375215849504482,1062.0462290354626,1,0,0,1054.101728999573,🟡 High Cost Overstock
2030-01-15,1042,4,122,0.2994276867854221,144,120,14,3.460083192615872,68.60908208265877,18.07116684516199,566.8610618193443,1,1,0,545.4113915675028,🟢 Healthy
2030-01-16,1036,3,136,0.3133307371011745,274,81,9,0.9203345679209718,78.21385458462669,15.789970960174264,330.3855261949729,1,2,0,335.32912170700627,🟢 Healthy
2030-01-17,1060,2,136,0.3637960684350607,316,136,5,3.8103086759787903,58.56614585887031,17.166566918089863,1262.623687468168,1,3,0,1268.684175108953,🟡 High Cost Overstock
2030-01-18,1096,3,112,0.1166412933421285,486,186,4,0.6929904192773492,39.66650146319768,15.924249989535593,376.4598452319894,1,4,0,370.79043280916494,🟢 Healthy
2030-01-19,1055,4,124,0.3885908330936068,90,139,2,1.3576563550437168,69.67106153453982,8.984548875800403,497.33479526568806,1,5,1,509.39805894037517,🔴 Reorder Required
2030-01-20,1002,3,126,0.1247884027917641,182,99,12,3.4886469075861526,63.13261786950796,13.204106899452428,698.0663550501878,1,6,1,687.42645316329,🟢 Healthy
2030-01-21,1062,2,141,0.2873154270691471,115,101,9,0.9424565019138372,33.69485787229742,15.639709909550914,548.7098132407125,1,0,0,469.95054526692047,🟢 Healthy
2030-01-22,1018,4,107,0.4310684542276777,446,182,6,4.873289411645555,52.45455204017042,20.60125484691892,2225.941629634088,1,1,0,2238.3692718333405,🟡 High Cost Overstock
2030-01-23,1022,1,122,0.2804861253113585,496,83,9,4.407782942578553,54.8157673308156,18.078084743390853,2241.0761068497777,1,2,0,2246.2641388629695,🟡 High Cost Overstock
2030-01-24,1028,2,106,0.1596358995072991,259,135,5,3.3183604958303143,98.60942030171464,13.531818903718696,958.064788721766,1,3,0,969.0596419587323,🟡 High Cost Overstock
2030-01-25,1029,5,113,0.4940135380023839,202,172,4,4.185758550512075,87.94286657244174,24.48799664318291,933.4660937758808,1,4,0,1002.7484160803148,🟢 Healthy
2030-01-26,1038,2,131,0.4557141848297054,221,189,7,4.494110218653056,78.7496630618875,7.155910433594503,1071.9480213842128,1,5,1,1064.9771341398096,🟢 Healthy
2030-01-27,1024,4,112,0.4085254532900056,447,137,5,1.6676404230731832,91.1021620402358,9.136097371099368,836.5374311539487,1,6,1,829.2292800283487,🟡 High Cost Overstock
2030-01-28,1007,2,151,0.2646046411596842,374,167,8,4.322352145771937,78.8387524662972,11.82625220063328,1695.3984549850015,1,0,0,1707.601781715585,🟡 High Cost Overstock
2030-01-29,1057,1,135,0.1735382907557191,108,144,8,1.376572026369208,92.27214841005866,9.571441539758204,499.3708488314046,1,1,0,485.2808636510378,🔴 Reorder Required
2030-01-30,1015,1,144,0.4765644725674005,233,167,13,2.360040188669669,24.36424919036064,17.508839936120225,574.2536131503934,1,2,0,555.42041340983,🟢 Healthy
2030-01-31,1071,5,118,0.3129404506068556,229,137,2,3.012168340618697,56.48529674135333,5.791014586725105,746.271846743035,1,3,0,766.7973440286826,🟢 Healthy
2030-02-01,1000,3,123,0.4409421841549941,371,109,13,3.712509333833146,79.75186681934669,8.54873568546832,1457.092829671444,2,4,0,1463.2871124332248,🟡 High Cost Overstock
2030-02-02,1004,4,122,0.2368380023037703,373,155,5,0.6356359297513762,66.66366372880108,10.866944753172088,303.7558655260644,2,5,1,298.20380717678563,🟢 Healthy
2030-02-03,1002,4,93,0.2341153268317882,61,98,10,1.8072923575018505,34.013293132062934,18.66691550158633,741.5994229904384,2,6,1,1151.0459031152054,🔴 Reorder Required
2030-02-04,1064,3,119,0.4942161922696156,117,180,8,3.2383359419467563,47.23936692228274,22.51729765162256,471.1592674332984,2,0,0,454.3258957358606,🔴 Reorder Required
2030-02-05,1003,1,125,0.3087332193979399,476,141,3,2.1081590561710346,45.4219500021353,20.96983541106109,1048.9056607395478,2,1,0,1075.3405238704465,🟡 High Cost Overstock
2030-02-06,1098,1,118,0.1562781695442985,378,183,7,3.98761275033272,40.90775305474688,8.641618665005097,1548.2253726805152,2,2,0,1558.8245649100288,🟡 High Cost Overstock
2030-02-07,1095,2,121,0.1878698711978829,251,186,3,3.432434725178223,47.45084428111728,16.30811516882138,908.9919603008512,2,3,0,913.6288791153692,🟡 High Cost Overstock
2030-02-08,1063,5,146,0.2927777117570883,55,197,6,1.554806541756811,61.18826307688968,5.600452906893745,656.343837400845,2,4,0,652.1865561630865,🔴 Reorder Required
2030-02-09,1097,5,127,0.1169883641953645,64,147,2,1.1566804081654989,88.38952198266207,11.210735507057224,868.6934050498589,2,5,1,856.9089160446844,🔴 Reorder Required
2030-02-10,1088,5,104,0.2850135941513202,91,158,6,3.330711471141727,79.3626129915005,21.11967589656653,657.0131435207626,2,6,1,664.567988996509,🔴 Reorder Required
2030-02-11,1009,2,119,0.267576336832051,80,163,6,2.527102974671409,86.8199763212987,14.133314274866793,840.1874710148163,2,0,0,816.5044402702233,🔴 Reorder Required
2030-02-12,1020,5,143,0.4117345061277948,230,123,8,1.2603066849559337,90.6882995650469,7.998826445516691,380.5588371049117,2,1,0,385.14961766356834,🟢 Healthy
2030-02-13,1045,3,123,0.2419767857956967,311,163,5,1.968683923932698,53.29203648780858,13.771067629766254,665.5527368308776,2,2,0,674.0951996936537,🟡 High Cost Overstock
2030-02-14,1090,2,115,0.4930195046158397,338,197,14,1.86371036743364,47.682102722139774,8.960658509244565,677.61620691471,2,3,0,666.8145011618014,🟡 High Cost Overstock
2030-02-15,1026,3,123,0.1723079677203612,462,198,1,0.986593875527188,24.609870534732945,12.863829157279255,480.4162410282937,2,4,0,495.54554477518184,🟢 Healthy
2030-02-16,1065,2,111,0.336394673987254,70,140,8,2.961090586693526,94.43932975011477,14.756669454956867,906.7391184718932,2,5,1,878.8838473545454,🔴 Reorder Required
2030-02-17,1040,5,143,0.1358797188033018,429,100,12,3.9364188526064936,25.265841435051517,11.991162250220569,1713.9895292032372,2,6,1,1704.8525325230353,🟡 High Cost Overstock
2030-02-18,1012,3,118,0.3935455935975928,231,89,9,3.0896009998384417,79.29084122963764,23.73937900867722,792.9886721923177,2,0,0,785.6891664944866,🟢 Healthy
2030-02-19,1008,3,132,0.4979014752247886,233,109,1,4.218311142218086,50.24866435724697,16.25060595112764,1033.115160494061,2,1,0,1046.4399604444336,🟢 Healthy
2030-02-20,1035,3,132,0.4276554551006529,293,103,5,1.074058462469441,95.9024619599349,21.857853478937933,410.6015914634811,2,2,0,408.72719158367016,🟢 Healthy
2030-02-21,1085,2,135,0.3222814162881205,399,127,12,2.4602533602000074,53.56816167473032,20.214570941111603,1035.2092523945332,2,3,0,1049.8877936625997,🟡 High Cost Overstock
2030-02-22,1089,4,108,0.2938965429598768,198,134,6,3.242367966461446,85.32866810837731,18.22332618535553,727.3175254677436,2,4,0,745.5732413094086,🟢 Healthy
2030-02-23,1057,5,114,0.4340119845067388,305,183,4,3.542007024238583,42.61238657309413,14.937774966051643,1122.924528965862,2,5,1,1111.1130221056492,🟡 High Cost Overstock
2030-02-24,1053,3,134,0.4743896338842898,149,131,14,3.6310383789054215,43.927097379507735,5.043475675631751,584.9518158364154,2,6,1,568.928875318669,🟢 Healthy
2030-02-25,1011,4,117,0.4956826103192372,104,183,11,3.7803444219404647,67.64155279027474,17.269352011041676,685.2989488156248,2,0,0,686.5945351510741,🔴 Reorder Required
2030-02-26,1080,5,116,0.2586156910257936,235,117,2,3.431434154882075,99.8386106965979,12.119149060049956,906.2256370938856,2,1,0,911.5797636875707,🟡 High Cost Overstock
2030-02-27,1077,5,116,0.4963669899178049,369,146,5,0.9240264002339044,61.40579343833571,7.355243336026376,402.37153512464647,2,2,0,408.7550742640025,🟢 Healthy
2030-02-28,1013,3,144,0.1623705008695326,135,172,14,3.628875549210334,94.90469091146323,13.892525272241553,709.8356175050322,2,3,0,701.7779842200908,🔴 Reorder Required
2030-03-01,1033,3,108,0.2014199103727637,223,87,14,3.761521955484744,82.89998625989823,19.71106644566609,921.719382332996,3,4,0,871.0242441523204,🟡 High Cost Overstock
2030-03-02,1052,2,117,0.1356064498935585,71,108,4,4.9706597045013226,83.66914513417879,24.23355589397408,1551.3295552765803,3,5,1,1569.5633009975224,🔴 Reorder Required
2030-03-03,1019,4,112,0.2086954065937926,293,198,13,3.6201309651550666,54.87679913030113,12.48209782244164,1115.5751719207356,3,6,1,1141.9537363989023,🟡 High Cost Overstock
2030-03-04,1074,4,130,0.4071750206472044,109,89,7,3.5907367808819703,50.92338001382405,15.854465974099536,775.257474586049,3,0,0,786.739704956991,🟢 Healthy
2030-03-05,1015,3,128,0.4411697432713799,153,148,6,2.816659805818874,35.35374464726523,22.0248876672717,466.3026949375529,3,1,0,470.4828049059493,🟢 Healthy
2030-03-06,1094,5,129,0.4115570580410287,188,154,3,4.405653088633013,97.11530135869228,11.679988399000296,925.3780820216988,3,2,0,903.508095802753,🟢 Healthy
2030-03-07,1069,3,129,0.3524263112670786,352,147,9,4.985756428825212,96.7514889955056,7.845144899416308,1851.73775194198,3,3,0,1834.3653387896566,🟡 High Cost Overstock
2030-03-08,1055,5,111,0.3055866050090582,208,128,14,4.005701915888444,79.76541874481462,10.637636624653782,912.951417249611,3,4,0,936.4323192638009,🟢 Healthy
2030-03-09,1082,5,117,0.3834817156854586,281,137,4,3.2562517003601377,43.700195988213565,22.98245659616776,958.7069237894124,3,5,1,937.2039796522126,🟡 High Cost Overstock
2030-03-10,1057,3,115,0.2563334197068887,126,114,11,0.8552967211920568,39.614363227382576,8.187862169236755,147.38175009758174,3,6,1,156.41125950322015,🟢 Healthy
2030-03-11,1003,1,141,0.4365233405998807,67,129,5,3.770326092783324,99.08881939095704,11.584421220135642,1208.9478378974773,3,0,0,1138.626882718613,🔴 Reorder Required
2030-03-12,1003,4,130,0.3708760375907142,71,119,14,3.688527058618777,25.3234252086542,14.292806210006813,1130.4844127609897,3,1,0,1248.4361094415358,🔴 Reorder Required
2030-03-13,1019,5,138,0.3791218793977634,233,199,3,3.990056665142443,87.48514337130472,21.9422644698184,1017.168346349494,3,2,0,1042.732716866863,🟢 Healthy
2030-03-14,1009,5,128,0.3143743972516285,194,91,8,1.060499247797702,48.43664003859797,23.754265673059493,254.17349411135217,3,3,0,252.37938374235839,🟢 Healthy
2030-03-15,1023,1,111,0.454091593684469,87,164,11,3.441796250567646,53.50957757817764,13.516206192665097,677.3348000015251,3,4,0,682.17960760431,🔴 Reorder Required
2030-03-16,1098,2,118,0.200805893471621,330,95,7,1.830757572282536,86.55821189990698,23.639080967070317,690.7082107531438,3,5,1,681.7306599361149,🟡 High Cost Overstock
2030-03-17,1025,1,123,0.2524590613444203,337,157,11,3.921220595312752,27.248241280428644,8.22918189715509,1348.699581900826,3,6,1,1344.2375700785044,🟡 High Cost Overstock
2030-03-18,1036,1,113,0.4110570278710757,192,164,11,1.581682793141598,48.33357428162057,8.137045837927408,352.01667056480744,3,0,0,347.547919568479,🟢 Healthy
2030-03-19,1084,5,125,0.2970995584517351,62,127,7,3.5779040456918483,96.16194217356583,23.98501639269596,1829.0480257463057,3,1,0,1856.2054184056522,🔴 Reorder Required
2030-03-20,1053,4,130,0.4556856053696764,235,170,8,1.8274682614279087,75.92527302170052,15.193602670566625,505.38031445725903,3,2,0,499.59596032863004,🟢 Healthy
2030-03-21,1020,1,129,0.2385597279051409,483,179,7,0.5404743176784401,80.39513318447123,8.718156707079078,341.44422862315776,3,3,0,356.55673145341814,🟢 Healthy
2030-03-22,1073,2,114,0.2477320675278579,316,80,3,3.350110603878929,80.60042407643812,14.759807411511236,1139.23537490218,3,4,0,1143.6677117852112,🟡 High Cost Overstock
2030-03-23,1037,3,107,0.4554943157546501,318,144,3,1.0097108742151506,24.84560665311556,20.66422310758103,345.93366465353347,3,5,1,365.17952823527685,🟢 Healthy
2030-03-24,1045,1,135,0.2857481280728164,146,101,2,3.466811627546964,36.25660746083449,21.538407314470472,542.4111050826912,3,6,1,536.0731087431185,🟢 Healthy
2030-03-25,1003,1,132,0.3064498336809947,483,94,13,4.665242517606218,59.301060486496944,22.27938513298485,2312.6131964903007,3,0,0,2320.1476225121446,🟡 High Cost Overstock
2030-03-26,1059,2,109,0.2331054861342717,406,195,1,4.8616067039499065,49.45201859803001,16.39141806174837,2023.264340401692,3,1,0,2038.4829315363718,🟡 High Cost Overstock
2030-03-27,1056,4,120,0.2106679768716327,343,163,5,1.5616538929742565,52.87298345062828,22.33892028735761,588.5202687407982,3,2,0,600.0391289930061,🟡 High Cost Overstock
2030-03-28,1044,1,105,0.3623794843353568,50,146,12,4.141639524427947,82.51579029005381,15.200604176065092,1125.6309961950312,3,3,0,1127.4959838715672,🔴 Reorder Required
2030-03-29,1019,1,100,0.1479362646164815,344,93,4,2.0909897459259814,21.17433880541882,17.141198047821547,740.4748114039564,3,4,0,711.0866547127739,🟡 High Cost Overstock
2030-03-30,1016,4,117,0.4517090564731637,76,152,13,4.552056827365921,72.8393541056991,20.174396045432907,1245.9459108482583,3,5,1,1280.322808748761,🔴 Reorder Required
2030-03-31,1070,2,140,0.4116812547060432,85,98,11,4.043703058832183,20.0088185441458,13.50870585421017,1106.702400526441,3,6,1,1130.3112309500384,🔴 Reorder Required
2030-04-01,1003,1,129,0.1762993054823211,209,119,2,0.8326477249059363,25.044682046099496,6.471629742775495,199.06805655144015,4,0,0,210.95583764974242,🟢 Healthy
2030-04-02,1092,4,127,0.3776079783298262,474,177,1,2.332116472447748,52.66288958700992,12.003327137153953,1158.0860975272424,4,1,0,1160.4220432882353,🟡 High Cost Overstock
2030-04-03,1013,1,143,0.3410531685142539,448,83,14,2.017930217043533,87.27588158438571,17.478884335919208,991.3086188198886,4,2,0,988.6656112687167,🟡 High Cost Overstock
2030-04-04,1002,3,132,0.1738140202946576,80,112,14,4.0333145932547465,31.59966124515684,8.846647392789537,814.2904931305925,4,3,0,816.8678043794715,🔴 Reorder Required
2030-04-05,1087,5,103,0.209281402420093,176,122,3,2.346285697939216,64.36971273028892,7.9677072699928,477.3159955675909,4,4,0,471.1388631275994,🟢 Healthy
2030-04-06,1079,3,109,0.2635946014935337,311,116,13,3.580647789438877,74.28041814613954,10.861610891828752,1187.8618806616305,4,5,1,1194.5450471570568,🟡 High Cost Overstock
2030-04-07,1057,1,131,0.3796970940981895,394,145,6,3.210958650156982,38.362630733772846,5.642229245556427,1303.4803388956236,4,6,1,1295.4437947485108,🟡 High Cost Overstock
2030-04-08,1054,2,120,0.3554893635268024,485,106,13,4.890374235939352,60.98642042156664,19.868457961738397,2432.8179248521524,4,0,0,2419.8862448332043,🟡 High Cost Overstock
2030-04-09,1003,5,136,0.3128939390706792,259,124,2,4.720032305607267,92.9125826510554,10.174312043766776,1315.4009498033377,4,1,0,1333.4973396737423,🟢 Healthy
2030-04-10,1023,3,113,0.4073642172456136,199,160,10,2.424647816324234,60.97828202924262,7.484767932731991,543.4831974777652,4,2,0,527.0528813995177,🟢 Healthy
2030-04-11,1033,4,110,0.4031750958424663,80,192,13,3.756101952385172,32.58584494301184,18.982588319268707,902.5516507118869,4,3,0,887.9799753788113,🔴 Reorder Required
2030-04-12,1029,2,119,0.3471436616249024,149,129,7,4.232570422915498,70.22514373500357,21.85856025086576,700.8781367494129,4,4,0,697.7765474584222,🟢 Healthy
2030-04-13,1081,3,136,0.4147960333539301,378,196,11,4.544985892379653,67.37601440068113,5.397511917235569,1785.3806817201903,4,5,1,1782.7149873202407,🟡 High Cost Overstock
2030-04-14,1018,4,108,0.2337053499116836,351,174,7,0.8066041869941766,22.156380783850494,9.671995414824496,305.2744504188065,4,6,1,298.65176980991583,🟢 Healthy
2030-04-15,1030,1,118,0.4524998113290422,402,142,11,1.859354596730736,27.247552459805327,23.904646497391667,774.7081003455611,4,0,0,770.9344409619923,🟡 High Cost Overstock
2030-04-16,1059,4,137,0.3459640343207762,268,184,3,1.941035184358348,32.54250841128086,12.705082718655504,552.7399378193182,4,1,0,573.7494868360743,🟢 Healthy
2030-04-17,1059,3,111,0.4289454055249723,302,85,14,2.455006780489453,30.903126204949597,23.771841267638624,772.3151739127645,4,2,0,753.283885877268,🟡 High Cost Overstock
2030-04-18,1018,3,124,0.3185116419161136,220,195,1,1.2616913782193857,40.757261644874646,10.484250767413547,318.32936485313945,4,3,0,330.756768427854,🟢 Healthy
2030-04-19,1048,1,126,0.1873752979954721,306,174,9,2.732926459775036,56.32842585884544,9.36135271143864,892.6039225500065,4,4,0,881.8765264490055,🟡 High Cost Overstock
2030-04-20,1062,4,106,0.3169640514713234,477,146,11,3.4844644728430523,49.73730383191875,9.28216823455992,1711.826857378055,4,5,1,1711.267726174705,🟡 High Cost Overstock
2030-04-21,1082,4,110,0.2484446655106352,106,183,5,2.73813764097523,91.25199131236776,6.704573208498765,408.3128740897372,4,6,1,405.57129228043715,🔴 Reorder Required
2030-04-22,1021,1,97,0.3789996144148378,58,146,2,3.496068928389271,68.96875275250696,22.928645770182516,1165.9579356362028,4,0,0,1203.34027272881,🔴 Reorder Required
2030-04-23,1023,4,127,0.2903175166938943,54,176,8,0.7989873431805514,90.09154799694744,24.596700452658023,1928.7959975727329,4,1,0,1687.552903739213,🔴 Reorder Required
2030-04-24,1075,1,123,0.4344451219710751,384,195,12,4.441942992683346,62.16314599340791,24.09017614543276,1767.8692551838128,4,2,0,1741.5879236503279,🟡 High Cost Overstock
2030-04-25,1029,2,114,0.3712290049287666,163,138,10,4.725811364454808,27.189637655147195,22.04056279654548,797.4968900612809,4,3,0,788.0051484921454,🟢 Healthy
2030-04-26,1057,3,123,0.3738177732125296,314,92,10,3.2805834085339187,57.06299592531479,21.937758153019505,1087.1661862049652,4,4,0,1083.7673210070554,🟡 High Cost Overstock
2030-04-27,1030,2,122,0.186862133396426,222,100,4,4.466259493866037,85.76260374738919,18.221709343379757,1077.2722113856494,4,5,1,1079.6987754540405,🟢 Healthy
2030-04-28,1099,5,108,0.4936999065965162,269,143,11,1.091507074916956,35.52830137336865,21.52427423901227,329.1437045260298,4,6,1,325.86655795613876,🟢 Healthy
2030-04-29,1063,5,115,0.4366700837085955,254,116,10,4.088520140343396,27.29714230021198,9.166847286860955,1065.7812579474348,4,0,0,1070.7680698421343,🟡 High Cost Overstock
2030-04-30,1018,5,129,0.4156019538242779,73,159,12,1.036166870626673,46.3547790670608,12.75825260774257,836.4571066563917,4,1,0,838.0534064572697,🔴 Reorder Required
2030-05-01,1047,1,142,0.2320860900640109,219,164,7,2.336046041738915,51.11182645121117,17.81672586589496,562.7059095920335,5,2,0,546.0376979808192,🟢 Healthy
2030-05-02,1044,4,117,0.3142526611388928,455,199,14,1.9571834055122377,44.50061411247235,22.495426651231927,935.0190636205404,5,3,0,930.3943953504352,🟡 High Cost Overstock
2030-05-03,1099,2,121,0.1548412752297314,152,127,13,3.1351632134920444,30.81926284996448,18.209389247375675,507.36407130075526,5,4,0,487.33868909640285,🟢 Healthy
2030-05-04,1093,2,96,0.3153903906650824,109,135,5,1.856815408577901,40.06718877773716,21.78043916668412,242.4600683127284,5,5,1,244.67713495293256,🔴 Reorder Required
2030-05-05,1054,2,114,0.1583556985933149,135,123,13,3.367911333502097,74.58259236816883,14.47899031698595,529.2506223909519,5,6,1,513.9939539233114,🟢 Healthy
2030-05-06,1054,2,126,0.3212151375958405,304,92,3,2.1532428011838105,50.87428130345312,19.346074754100886,705.4600928633315,5,0,0,712.4012361522081,🟡 High Cost Overstock
2030-05-07,1096,5,121,0.3594887520619623,214,83,10,4.37355671463709,70.60395556948447,24.599616127501733,1006.5450925018216,5,1,0,1026.3670848722907,🟢 Healthy
2030-05-08,1017,2,135,0.256078386899961,421,174,8,3.352477280988252,62.9043023934986,8.069771142595155,1474.2972376895527,5,2,0,1497.0337276095472,🟡 High Cost Overstock
2030-05-09,1062,4,115,0.2994179513325173,216,152,2,1.4688423379465076,63.92423518861352,23.5384138463178,381.1941801850592,5,3,0,385.9451222255404,🟢 Healthy
2030-05-10,1091,5,133,0.4502613550698343,133,191,1,2.012582399126392,39.88396463582368,15.447278956838057,307.5574237196338,5,4,0,329.18282788500204,🔴 Reorder Required
2030-05-11,1046,2,128,0.1434252578811237,251,112,5,4.313393994319951,61.72344262145453,17.86436061460116,1144.3853351957623,5,5,1,1138.0886791943058,🟢 Healthy
2030-05-12,1074,1,116,0.4166931571998612,139,116,11,2.239158874943563,21.887577109056146,22.557380138210256,333.13066072621143,5,6,1,343.7921714068794,🟢 Healthy
2030-05-13,1056,3,127,0.1683018203984785,138,132,4,2.9110957950454037,54.53949938599409,13.19308345104634,456.2707191022597,5,0,0,477.098135185286,🟢 Healthy
2030-05-14,1044,3,126,0.1146831931218513,486,180,11,3.420238711785497,65.80982585519321,13.373851497801011,1728.045839782945,5,1,0,1744.5078133361458,🟡 High Cost Overstock
2030-05-15,1032,3,110,0.1742298410980191,169,103,10,2.065143423136625,34.55964970832874,15.543636726942008,383.5688882184184,5,2,0,383.61300285515756,🟢 Healthy
2030-05-16,1016,5,122,0.4060172759881959,205,168,7,1.8229038384113072,40.52468049991611,5.382041689937012,414.2199673742341,5,3,0,410.39794588867,🟢 Healthy
2030-05-17,1069,2,104,0.262050429334744,448,130,13,2.638647061736129,37.56248158524955,14.933323618867016,1219.6763652430352,5,4,0,1207.8770756312458,🟡 High Cost Overstock
2030-05-18,1003,5,122,0.4490082067384727,237,120,9,1.4669643744175511,25.644636421233933,10.821745299884606,373.3151931581936,5,5,1,369.98235136777436,🟢 Healthy
2030-05-19,1019,4,155,0.3098830164729063,237,108,6,1.7789476411357854,47.8285856912072,23.559083647835628,469.4391766403883,5,6,1,487.3526856623757,🟢 Healthy
2030-05-20,1046,1,137,0.1089001407705324,311,138,11,0.7793531781441624,98.31726131615515,6.754705975060626,340.6960997189897,5,0,0,321.0975076132908,🟢 Healthy
2030-05-21,1090,1,117,0.3866854438407707,101,119,1,1.8678662418695249,48.310432517088806,14.186409240396037,463.9474707922474,5,1,0,484.7234242742406,🔴 Reorder Required
2030-05-22,1014,3,137,0.1440931634884931,189,130,8,1.943168420136062,56.84292974695805,23.949363407547217,424.1017611526737,5,2,0,421.4664418986804,🟢 Healthy
2030-05-23,1069,3,123,0.4157518533847698,68,129,2,4.8282492483109385,72.24698007651001,23.02070500636955,1666.7067043119791,5,3,0,1575.8522701583472,🔴 Reorder Required
2030-05-24,1046,3,132,0.167241019922072,124,190,4,3.1537797145964603,71.87982009352856,19.026968847491005,615.1642554834177,5,4,0,601.6731599566256,🔴 Reorder Required
2030-05-25,1077,2,131,0.2381785543222054,279,115,3,4.043220914371125,95.99159840148994,16.787221039921494,1224.050233511034,5,5,1,1221.1259192307134,🟡 High Cost Overstock
2030-05-26,1074,4,118,0.4045085718501441,179,158,6,0.704197637511451,88.60513123193002,10.614618742656802,214.65650834647977,5,6,1,229.6798607475623,🟢 Healthy
2030-05-27,1008,4,120,0.4816925429905686,104,188,2,0.9794151212376736,83.51605496841218,12.339142255049095,382.80150365791576,5,0,0,349.204324190904,🔴 Reorder Required
2030-05-28,1089,4,121,0.2485735802586929,320,139,5,4.165416323881665,96.13017806226485,6.802697295082545,1429.0634017043976,5,1,0,1417.3351165330823,🟡 High Cost Overstock
2030-05-29,1015,4,108,0.4317600880795743,497,97,11,3.3059729723793607,38.46123083865373,20.722165955164755,1681.529798111196,5,2,0,1706.9832157001215,🟡 High Cost Overstock
2030-05-30,1068,3,131,0.1763169061903355,149,99,9,1.359419137430913,69.3643355697434,11.477395358076237,271.91778704694946,5,3,0,291.2204864887341,🟢 Healthy
2030-05-31,1060,1,123,0.4228719080809965,118,84,3,2.321579326377822,90.9757413377725,18.355637980604147,456.7002917533762,5,4,0,457.324941630602,🟢 Healthy
2030-06-01,1009,3,134,0.3629976237025004,448,97,2,2.9240262499173024,69.93105266224815,12.15189554397227,1379.8948126251996,6,5,1,1383.9839790448261,🟡 High Cost Overstock
2030-06-02,1049,4,105,0.1770974028849473,348,119,2,4.296244231118488,98.19363796854957,14.286608827925251,1593.2866303977833,6,6,1,1601.5187716156681,🟡 High Cost Overstock
2030-06-03,1002,3,117,0.2210015841405646,66,80,9,0.7718539626252239,28.02821711251032,16.1000494475279,900.073100469698,6,0,0,887.802439527674,🔴 Reorder Required
2030-06-04,1076,4,134,0.1527083554388144,403,98,6,3.185250302153131,55.146440223456025,21.03704816781207,1338.8023119911677,6,1,0,1335.9378023798886,🟡 High Cost Overstock
2030-06-05,1093,5,131,0.2531868044257253,165,166,2,3.7266616471400775,98.1890326326909,9.223127550813608,713.0882044108037,6,2,0,692.3128913878762,🔴 Reorder Required
2030-06-06,1069,1,103,0.1814594564493109,201,105,3,4.900513360597067,50.365442285594064,12.975307736597127,1035.3686277656043,6,3,0,1035.0427886288066,🟢 Healthy
2030-06-07,1080,5,112,0.3575991814521894,379,192,14,4.13222035231483,79.16451000794436,7.601631437836351,1645.2760235352648,6,4,0,1647.8272861583969,🟡 High Cost Overstock
2030-06-08,1050,2,102,0.4978020416882235,165,108,1,1.7430229110437303,22.432232086291933,6.515210098425186,310.0310124085074,6,5,1,313.19384035366926,🟢 Healthy
2030-06-09,1018,3,130,0.1048036652337056,79,138,2,3.693106372452193,75.58696917042505,17.093487123375837,1239.110215886316,6,6,1,1347.1348869904177,🔴 Reorder Required
2030-06-10,1041,2,125,0.3163679253149195,372,142,2,3.934750482171397,94.77013860220627,8.781820887178053,1558.4973179699662,6,0,0,1567.075489589833,🟡 High Cost Overstock
2030-06-11,1034,3,126,0.3294666390196039,100,177,11,3.7838097496327774,50.61650281520022,6.195986838521977,590.0931355800494,6,1,0,546.6316503299732,🔴 Reorder Required
2030-06-12,1045,5,104,0.4656835158723248,109,162,2,4.190648305783415,21.70398703415436,22.94195862412811,478.4846523645466,6,2,0,511.6488313326074,🔴 Reorder Required
2030-06-13,1025,4,136,0.302402133906775,278,141,7,4.566784892961369,22.232784351638703,15.686288395707916,1291.7989845948991,6,3,0,1289.3326389396132,🟡 High Cost Overstock
2030-06-14,1068,4,124,0.3174805678579669,308,127,3,0.9429344104520312,91.36186445688712,7.692564148059693,381.7856628761127,6,4,0,380.8063573513307,🟢 Healthy
2030-06-15,1092,3,117,0.2886611205313554,409,141,13,0.9714373595650349,77.80128856770094,6.068522548950995,475.1191686298001,6,5,1,494.7324675936411,🟢 Healthy
2030-06-16,1063,4,130,0.2075617218245925,54,97,14,4.083799949467907,28.534910738126385,7.397201068273123,811.2473891981506,6,6,1,815.0722322886725,🔴 Reorder Required
2030-06-17,1036,5,119,0.1224116532995654,77,145,11,1.635676144346619,24.367222164095725,14.426744806412282,756.2375671481012,6,0,0,712.9969649330893,🔴 Reorder Required
2030-06-18,1083,4,115,0.2634630728839344,303,106,4,0.7634363987753507,84.38602908923835,18.369305103377958,315.7072579181696,6,1,0,300.65827300776806,🟢 Healthy
2030-06-19,1048,5,134,0.1210365884962714,413,85,2,2.3055313144127263,84.78885062442872,17.82560149972091,1036.9732834768847,6,2,0,1047.1051503538172,🟡 High Cost Overstock
2030-06-20,1020,2,120,0.3201969877863671,280,182,5,4.189446103217351,29.64174718336392,7.88846172528997,1202.6866560842222,6,3,0,1195.1224436392492,🟡 High Cost Overstock
2030-06-21,1073,5,110,0.2229174572969172,444,149,14,1.0695426071629115,44.12163231109094,17.66977903675418,518.9985498914237,6,4,0,539.9060668583717,🟡 High Cost Overstock
2030-06-22,1063,1,116,0.3134409606101711,406,138,9,3.523288873120104,82.40208516591116,13.097312484351988,1512.8573676526732,6,5,1,1486.1766983442058,🟡 High Cost Overstock
2030-06-23,1004,1,116,0.1537187857580746,249,85,12,0.5162713779720547,62.03296567632051,14.2948756859893,190.5845387913621,6,6,1,193.91496189900465,🟢 Healthy
2030-06-24,1099,1,115,0.4730519862957438,381,110,9,0.9938185124560248,96.52678885802396,21.02860812490634,475.1716421037694,6,0,0,467.3841654728748,🟢 Healthy
2030-06-25,1069,3,137,0.457808497419974,320,184,7,2.078826555958191,58.48501162768039,11.649987453592768,723.7095095343014,6,1,0,722.473117670185,🟡 High Cost Overstock
2030-06-26,1089,3,114,0.1759986036809138,388,183,12,0.8762102646098631,74.15663500524101,7.939980943267075,414.1262176738679,6,2,0,404.11514000206625,🟢 Healthy
2030-06-27,1003,3,139,0.2373777133176039,353,173,8,4.306557503467008,60.78266925932674,22.46906267132681,1580.9974679831805,6,3,0,1602.3599205385508,🟡 High Cost Overstock
